{
  "total-play-time-ms": 10901489,
  "username": "El233m",
  "password": "2360415",
  "email": "null",
  "staff-rights": "PLAYER",
  "game-mode": "NORMAL",
  "boss-points": 0,
  "loyalty-title": "NONE",
  "position": {
    "x": 2717,
    "y": 5316,
    "z": 0
  },
  "online-status": "ON",
  "yell-title": "null",
  "given-starter": true,
  "is-instanced": false,
  "money-pouch": 7694935,
  "donated": 0,
  "password-reset": 2,
  "minutes-bonus-exp": -1,
  "total-gained-exp": 55815496,
  "prestige-points": 0,
  "achievement-points": 7,
  "dung-tokens": 0,
  "commendations": 0,
  "loyalty-points": 2406,
  "total-loyalty-points": 2406.0,
  "voting-points": 3,
  "slayer-points": 0,
  "hide-player": false,
  "pk-points": 0,
  "donation-points": 0,
  "trivia-points": 0,
  "cluescompleted": 0,
  "player-kills": 0,
  "player-killstreak": 0,
  "player-deaths": 0,
  "target-percentage": 0,
  "bh-rank": -1,
  "gender": "MALE",
  "spell-book": "ANCIENT",
  "shop-updated": false,
  "shop-earnings": 0,
  "prayer-book": "NORMAL",
  "running": true,
  "run-energy": 100,
  "music": false,
  "sounds": false,
  "auto-retaliate": true,
  "xp-locked": false,
  "veng-cast": false,
  "last-veng": 1520510166673,
  "fight-type": "CROSSBOW_LONGRANGE",
  "sol-effect": 0,
  "skull-timer": 0,
  "accept-aid": false,
  "venom-damage": 0,
  "venom-immunity": 0,
  "poison-damage": 0,
  "poison-immunity": 0,
  "overload-timer": 0,
  "fire-immunity": 0,
  "fire-damage-mod": 0,
  "prayer-renewal-timer": 0,
  "teleblock-timer": 0,
  "special-amount": 100,
  "entered-gwd-room": false,
  "gwd-altar-delay": 0,
  "gwd-killcount": [
    0,
    0,
    0,
    0
  ],
  "effigy": 7,
  "summon-npc": -1,
  "summon-death": -1,
  "process-farming": false,
  "clanchat": "Help",
  "autocast": false,
  "autocast-spell": -1,
  "dfs-charges": 0,
  "coins-gambled": 0,
  "slayer-master": "VANNAKA",
  "slayer-task": "NO_TASK",
  "prev-slayer-task": "NO_TASK",
  "task-amount": 0,
  "task-streak": 0,
  "duo-partner": "null",
  "double-slay-xp": false,
  "recoil-deg": 6,
  "brawler-deg": [
    0,
    0,
    0,
    0,
    0,
    0,
    0,
    0,
    0
  ],
  "killed-players": [],
  "killed-gods": [
    false,
    false,
    false,
    false,
    false
  ],
  "barrows-brother": [
    [
      2030,
      0
    ],
    [
      2029,
      0
    ],
    [
      2028,
      0
    ],
    [
      2027,
      0
    ],
    [
      2026,
      0
    ],
    [
      2025,
      0
    ]
  ],
  "random-coffin": 0,
  "barrows-killcount": 0,
  "nomad": [
    false,
    false
  ],
  "recipe-for-disaster": [
    false,
    false,
    false,
    false,
    false,
    false,
    false,
    false,
    false
  ],
  "recipe-for-disaster-wave": 0,
  "dung-items-bound": [
    0,
    0,
    0,
    0,
    0
  ],
  "rune-ess": 0,
  "pure-ess": 0,
  "has-bank-pin": false,
  "last-pin-attempt": 0,
  "invalid-pin-attempts": 0,
  "bank-pin": [
    0,
    0,
    0,
    0
  ],
  "appearance": [
    0,
    0,
    18,
    26,
    33,
    36,
    42,
    10,
    0,
    0,
    0,
    0,
    0
  ],
  "agility-obj": [
    false,
    false,
    false,
    false,
    false,
    false,
    false
  ],
  "skills": {
    "level": [
      55,
      96,
      50,
      912,
      98,
      10,
      99,
      1,
      1,
      1,
      1,
      1,
      1,
      1,
      1,
      1,
      1,
      1,
      1,
      1,
      1,
      1,
      1,
      1,
      1
    ],
    "maxLevel": [
      55,
      96,
      50,
      990,
      98,
      10,
      99,
      1,
      1,
      1,
      1,
      1,
      1,
      1,
      1,
      1,
      1,
      1,
      1,
      1,
      1,
      1,
      1,
      1,
      1
    ],
    "experience": [
      170802,
      10510771,
      110563,
      20017064,
      11925635,
      0,
      13081845,
      0,
      0,
      0,
      0,
      0,
      0,
      0,
      0,
      0,
      0,
      0,
      0,
      0,
      0,
      0,
      0,
      0,
      0
    ]
  },
  "inventory": [
    {
      "id": -1,
      "amount": 0,
      "slot": 0
    },
    {
      "id": -1,
      "amount": 0,
      "slot": 0
    },
    {
      "id": -1,
      "amount": 0,
      "slot": 0
    },
    {
      "id": -1,
      "amount": 0,
      "slot": 0
    },
    {
      "id": -1,
      "amount": 0,
      "slot": 0
    },
    {
      "id": -1,
      "amount": 0,
      "slot": 0
    },
    {
      "id": -1,
      "amount": 0,
      "slot": 0
    },
    {
      "id": -1,
      "amount": 0,
      "slot": 0
    },
    {
      "id": -1,
      "amount": 0,
      "slot": 0
    },
    {
      "id": -1,
      "amount": 0,
      "slot": 0
    },
    {
      "id": -1,
      "amount": 0,
      "slot": 0
    },
    {
      "id": -1,
      "amount": 0,
      "slot": 0
    },
    {
      "id": -1,
      "amount": 0,
      "slot": 0
    },
    {
      "id": -1,
      "amount": 0,
      "slot": 0
    },
    {
      "id": -1,
      "amount": 0,
      "slot": 0
    },
    {
      "id": -1,
      "amount": 0,
      "slot": 0
    },
    {
      "id": -1,
      "amount": 0,
      "slot": 0
    },
    {
      "id": -1,
      "amount": 0,
      "slot": 0
    },
    {
      "id": -1,
      "amount": 0,
      "slot": 0
    },
    {
      "id": -1,
      "amount": 0,
      "slot": 0
    },
    {
      "id": -1,
      "amount": 0,
      "slot": 0
    },
    {
      "id": -1,
      "amount": 0,
      "slot": 0
    },
    {
      "id": -1,
      "amount": 0,
      "slot": 0
    },
    {
      "id": -1,
      "amount": 0,
      "slot": 0
    },
    {
      "id": -1,
      "amount": 0,
      "slot": 0
    },
    {
      "id": -1,
      "amount": 0,
      "slot": 0
    },
    {
      "id": -1,
      "amount": 0,
      "slot": 0
    },
    {
      "id": -1,
      "amount": 0,
      "slot": 0
    }
  ],
  "equipment": [
    {
      "id": 3749,
      "amount": 1,
      "slot": 0
    },
    {
      "id": 10499,
      "amount": 1,
      "slot": 0
    },
    {
      "id": 1478,
      "amount": 1,
      "slot": 0
    },
    {
      "id": 9185,
      "amount": 1,
      "slot": 0
    },
    {
      "id": 2503,
      "amount": 1,
      "slot": 0
    },
    {
      "id": 1540,
      "amount": 1,
      "slot": 0
    },
    {
      "id": -1,
      "amount": 0,
      "slot": 0
    },
    {
      "id": 2497,
      "amount": 1,
      "slot": 0
    },
    {
      "id": -1,
      "amount": 0,
      "slot": 0
    },
    {
      "id": 2491,
      "amount": 1,
      "slot": 0
    },
    {
      "id": 6328,
      "amount": 1,
      "slot": 0
    },
    {
      "id": -1,
      "amount": 0,
      "slot": 0
    },
    {
      "id": 2550,
      "amount": 1,
      "slot": 0
    },
    {
      "id": 9244,
      "amount": 35,
      "slot": 0
    }
  ],
  "bank-0": [
    {
      "id": 2440,
      "amount": 10,
      "slot": 0
    },
    {
      "id": 2436,
      "amount": 10,
      "slot": 0
    },
    {
      "id": 2442,
      "amount": 10,
      "slot": 0
    },
    {
      "id": 3024,
      "amount": 10,
      "slot": 0
    },
    {
      "id": 391,
      "amount": 193,
      "slot": 0
    },
    {
      "id": 995,
      "amount": 5245,
      "slot": 0
    },
    {
      "id": 1153,
      "amount": 1,
      "slot": 0
    },
    {
      "id": 1115,
      "amount": 1,
      "slot": 0
    },
    {
      "id": 1067,
      "amount": 1,
      "slot": 0
    },
    {
      "id": 1191,
      "amount": 1,
      "slot": 0
    },
    {
      "id": 1323,
      "amount": 0,
      "slot": 0
    },
    {
      "id": 4391,
      "amount": 0,
      "slot": 0
    },
    {
      "id": 841,
      "amount": 1,
      "slot": 0
    },
    {
      "id": 882,
      "amount": 0,
      "slot": 0
    },
    {
      "id": 1169,
      "amount": 1,
      "slot": 0
    },
    {
      "id": 1129,
      "amount": 1,
      "slot": 0
    },
    {
      "id": 1095,
      "amount": 1,
      "slot": 0
    },
    {
      "id": 1478,
      "amount": 0,
      "slot": 0
    },
    {
      "id": 579,
      "amount": 1,
      "slot": 0
    },
    {
      "id": 577,
      "amount": 1,
      "slot": 0
    },
    {
      "id": 1011,
      "amount": 1,
      "slot": 0
    },
    {
      "id": 1381,
      "amount": 0,
      "slot": 0
    },
    {
      "id": 558,
      "amount": 804,
      "slot": 0
    },
    {
      "id": 557,
      "amount": 1000,
      "slot": 0
    },
    {
      "id": 555,
      "amount": 1000,
      "slot": 0
    },
    {
      "id": 554,
      "amount": 475,
      "slot": 0
    },
    {
      "id": 12163,
      "amount": 11,
      "slot": 0
    },
    {
      "id": 12160,
      "amount": 21,
      "slot": 0
    },
    {
      "id": 12159,
      "amount": 59,
      "slot": 0
    },
    {
      "id": 15188,
      "amount": 2,
      "slot": 0
    },
    {
      "id": 12158,
      "amount": 59,
      "slot": 0
    },
    {
      "id": 560,
      "amount": 368,
      "slot": 0
    },
    {
      "id": 4675,
      "amount": 1,
      "slot": 0
    },
    {
      "id": 4099,
      "amount": 1,
      "slot": 0
    },
    {
      "id": 4101,
      "amount": 1,
      "slot": 0
    },
    {
      "id": 4103,
      "amount": 1,
      "slot": 0
    },
    {
      "id": 4105,
      "amount": 1,
      "slot": 0
    },
    {
      "id": 4107,
      "amount": 1,
      "slot": 0
    },
    {
      "id": 565,
      "amount": 192,
      "slot": 0
    },
    {
      "id": 566,
      "amount": 886,
      "slot": 0
    },
    {
      "id": 7366,
      "amount": 1,
      "slot": 0
    },
    {
      "id": 1625,
      "amount": 19,
      "slot": 0
    },
    {
      "id": 2485,
      "amount": 1,
      "slot": 0
    },
    {
      "id": 2414,
      "amount": 1,
      "slot": 0
    },
    {
      "id": 3842,
      "amount": 1,
      "slot": 0
    },
    {
      "id": 1617,
      "amount": 1,
      "slot": 0
    },
    {
      "id": 952,
      "amount": 1,
      "slot": 0
    },
    {
      "id": 985,
      "amount": 1,
      "slot": 0
    },
    {
      "id": 5295,
      "amount": 6,
      "slot": 0
    },
    {
      "id": 1619,
      "amount": 1,
      "slot": 0
    },
    {
      "id": 6924,
      "amount": 1,
      "slot": 0
    }
  ],
  "bank-1": [],
  "bank-2": [],
  "bank-3": [],
  "bank-4": [],
  "bank-5": [],
  "bank-6": [],
  "bank-7": [],
  "bank-8": [],
  "ge-slots": [
    {
      "state": "EMPTY"
    },
    {
      "state": "EMPTY"
    },
    {
      "state": "EMPTY"
    },
    {
      "state": "EMPTY"
    },
    {
      "state": "EMPTY"
    },
    {
      "state": "EMPTY"
    }
  ],
  "charm-imp": [
    0,
    0,
    0,
    0
  ],
  "friends": [],
  "ignores": [],
  "loyalty-titles": [
    false,
    false,
    false,
    false,
    false,
    false,
    false,
    false,
    false,
    false,
    false,
    false
  ],
  "kills": [
    {
      "npcName": "Rock Crab",
      "amount": 231,
      "boss": false
    },
    {
      "npcName": "Yak",
      "amount": 2,
      "boss": false
    },
    {
      "npcName": "Armoured Zombie",
      "amount": 1,
      "boss": false
    },
    {
      "npcName": "Skeleton",
      "amount": 1,
      "boss": false
    }
  ],
  "drops": [
    {
      "item": 12163,
      "amount": 11,
      "rareDrop": false
    },
    {
      "item": 12160,
      "amount": 23,
      "rareDrop": false
    },
    {
      "item": 403,
      "amount": 35,
      "rareDrop": false
    },
    {
      "item": 12158,
      "amount": 59,
      "rareDrop": false
    },
    {
      "item": 995,
      "amount": 8117082,
      "rareDrop": false
    },
    {
      "item": 454,
      "amount": 8,
      "rareDrop": false
    },
    {
      "item": 405,
      "amount": 4,
      "rareDrop": false
    },
    {
      "item": 12159,
      "amount": 60,
      "rareDrop": false
    },
    {
      "item": 15188,
      "amount": 6,
      "rareDrop": false
    },
    {
      "item": 439,
      "amount": 21,
      "rareDrop": false
    },
    {
      "item": 407,
      "amount": 23,
      "rareDrop": false
    },
    {
      "item": 1623,
      "amount": 5,
      "rareDrop": false
    },
    {
      "item": 313,
      "amount": 162,
      "rareDrop": false
    },
    {
      "item": 2485,
      "amount": 5,
      "rareDrop": false
    },
    {
      "item": 1625,
      "amount": 19,
      "rareDrop": false
    },
    {
      "item": 1454,
      "amount": 5,
      "rareDrop": false
    },
    {
      "item": 561,
      "amount": 8,
      "rareDrop": false
    },
    {
      "item": 437,
      "amount": 24,
      "rareDrop": false
    },
    {
      "item": 25,
      "amount": 19,
      "rareDrop": false
    },
    {
      "item": 5295,
      "amount": 6,
      "rareDrop": false
    },
    {
      "item": 441,
      "amount": 10,
      "rareDrop": false
    },
    {
      "item": 1617,
      "amount": 1,
      "rareDrop": false
    },
    {
      "item": 1462,
      "amount": 4,
      "rareDrop": false
    },
    {
      "item": 987,
      "amount": 2,
      "rareDrop": false
    },
    {
      "item": 1621,
      "amount": 2,
      "rareDrop": false
    },
    {
      "item": 830,
      "amount": 7,
      "rareDrop": false
    },
    {
      "item": 45,
      "amount": 8,
      "rareDrop": false
    },
    {
      "item": 985,
      "amount": 3,
      "rareDrop": false
    },
    {
      "item": 18778,
      "amount": 2,
      "rareDrop": false
    },
    {
      "item": 1619,
      "amount": 4,
      "rareDrop": false
    },
    {
      "item": 805,
      "amount": 3,
      "rareDrop": false
    }
  ],
  "achievements-completion": [
    false,
    false,
    false,
    false,
    false,
    false,
    false,
    false,
    false,
    false,
    false,
    false,
    false,
    false,
    false,
    false,
    false,
    false,
    false,
    false,
    false,
    true,
    true,
    true,
    true,
    true,
    true,
    false,
    false,
    false,
    false,
    false,
    false,
    false,
    false,
    false,
    false,
    false,
    false,
    false,
    false,
    false,
    false,
    false,
    false,
    false,
    false,
    false,
    false,
    false,
    false,
    false,
    true,
    false,
    false,
    false,
    false,
    false,
    false,
    false,
    false,
    false,
    false,
    false,
    false,
    false,
    false,
    false,
    false,
    false,
    false,
    false,
    false,
    false,
    false,
    false,
    false,
    false,
    false,
    false,
    false,
    false,
    false,
    false,
    false,
    false,
    false,
    false,
    false,
    false,
    false,
    false,
    false,
    false,
    false,
    false,
    false,
    false,
    false,
    false,
    false
  ],
  "achievements-progress": [
    992,
    964,
    906,
    0,
    0,
    0,
    0,
    0,
    0,
    0,
    0,
    0,
    0,
    0,
    0,
    0,
    0,
    0,
    0,
    0,
    0,
    1376,
    99934,
    48304,
    0,
    0,
    0,
    0,
    0,
    0,
    0,
    0,
    0,
    0,
    0,
    0,
    0,
    0,
    0,
    0,
    0,
    0,
    0,
    1376,
    109945,
    48304,
    0,
    0,
    0,
    235,
    0,
    0,
    0
  ],
  "max-cape-colors": [
    65214,
    65200,
    65186,
    62995
  ],
  "comp-cape-colors": [
    65214,
    65200,
    65186,
    62995
  ],
  "player-title": "",
  "set-home": {
    "x": 2719,
    "y": 5313,
    "z": 0
  }
}