{
  "total-play-time-ms": 3555323,
  "username": "Sneeze",
  "password": "killer",
  "email": "null",
  "staff-rights": "PLAYER",
  "game-mode": "NORMAL",
  "boss-points": 0,
  "loyalty-title": "NONE",
  "position": {
    "x": 2941,
    "y": 9803,
    "z": 0
  },
  "online-status": "ON",
  "yell-title": "null",
  "given-starter": true,
  "is-instanced": false,
  "money-pouch": 0,
  "donated": 0,
  "password-reset": 2,
  "minutes-bonus-exp": -1,
  "total-gained-exp": 1319970,
  "prestige-points": 0,
  "achievement-points": 3,
  "dung-tokens": 0,
  "commendations": 0,
  "loyalty-points": 428,
  "total-loyalty-points": 428.0,
  "voting-points": 0,
  "slayer-points": 0,
  "hide-player": false,
  "pk-points": 0,
  "donation-points": 0,
  "trivia-points": 0,
  "cluescompleted": 0,
  "player-kills": 0,
  "player-killstreak": 0,
  "player-deaths": 0,
  "target-percentage": 1,
  "bh-rank": 0,
  "gender": "MALE",
  "spell-book": "NORMAL",
  "shop-updated": false,
  "shop-earnings": 0,
  "prayer-book": "NORMAL",
  "running": true,
  "run-energy": 100,
  "music": false,
  "sounds": true,
  "auto-retaliate": true,
  "xp-locked": false,
  "veng-cast": false,
  "last-veng": 1520312833992,
  "fight-type": "SCIMITAR_SLASH",
  "sol-effect": 0,
  "skull-timer": 0,
  "accept-aid": false,
  "venom-damage": 0,
  "venom-immunity": 0,
  "poison-damage": 0,
  "poison-immunity": 0,
  "overload-timer": 0,
  "fire-immunity": 0,
  "fire-damage-mod": 0,
  "prayer-renewal-timer": 0,
  "teleblock-timer": 0,
  "special-amount": 55,
  "entered-gwd-room": false,
  "gwd-altar-delay": 0,
  "gwd-killcount": [
    0,
    0,
    0,
    0
  ],
  "effigy": 0,
  "summon-npc": -1,
  "summon-death": -1,
  "process-farming": false,
  "clanchat": "Help",
  "autocast": false,
  "autocast-spell": -1,
  "dfs-charges": 0,
  "coins-gambled": 0,
  "slayer-master": "VANNAKA",
  "slayer-task": "NO_TASK",
  "prev-slayer-task": "NO_TASK",
  "task-amount": 0,
  "task-streak": 0,
  "duo-partner": "null",
  "double-slay-xp": false,
  "recoil-deg": 1,
  "brawler-deg": [
    0,
    0,
    0,
    0,
    0,
    0,
    0,
    0,
    0
  ],
  "killed-players": [],
  "killed-gods": [
    false,
    false,
    false,
    false,
    false
  ],
  "barrows-brother": [
    [
      2030,
      0
    ],
    [
      2029,
      0
    ],
    [
      2028,
      0
    ],
    [
      2027,
      0
    ],
    [
      2026,
      0
    ],
    [
      2025,
      0
    ]
  ],
  "random-coffin": 0,
  "barrows-killcount": 0,
  "nomad": [
    false,
    false
  ],
  "recipe-for-disaster": [
    false,
    false,
    false,
    false,
    false,
    false,
    false,
    false,
    false
  ],
  "recipe-for-disaster-wave": 0,
  "dung-items-bound": [
    0,
    0,
    0,
    0,
    0
  ],
  "rune-ess": 0,
  "pure-ess": 0,
  "has-bank-pin": false,
  "last-pin-attempt": 0,
  "invalid-pin-attempts": 0,
  "bank-pin": [
    0,
    0,
    0,
    0
  ],
  "appearance": [
    1,
    45,
    56,
    61,
    67,
    70,
    79,
    -1,
    0,
    0,
    0,
    0,
    4
  ],
  "agility-obj": [
    false,
    false,
    false,
    false,
    false,
    false,
    false
  ],
  "skills": {
    "level": [
      60,
      60,
      59,
      489,
      1,
      10,
      1,
      1,
      1,
      1,
      1,
      1,
      1,
      1,
      1,
      1,
      1,
      1,
      1,
      1,
      1,
      1,
      1,
      1,
      1
    ],
    "maxLevel": [
      60,
      60,
      59,
      660,
      1,
      10,
      1,
      1,
      1,
      1,
      1,
      1,
      1,
      1,
      1,
      1,
      1,
      1,
      1,
      1,
      1,
      1,
      1,
      1,
      1
    ],
    "experience": [
      274496,
      285772,
      248642,
      512244,
      0,
      0,
      0,
      0,
      0,
      0,
      0,
      0,
      0,
      0,
      0,
      0,
      0,
      0,
      0,
      0,
      0,
      0,
      0,
      0,
      0
    ]
  },
  "inventory": [
    {
      "id": 5680,
      "amount": 1,
      "slot": 0
    },
    {
      "id": 10828,
      "amount": 1,
      "slot": 0
    },
    {
      "id": 18778,
      "amount": 1,
      "slot": 0
    },
    {
      "id": 1323,
      "amount": 1,
      "slot": 0
    },
    {
      "id": -1,
      "amount": 0,
      "slot": 0
    },
    {
      "id": -1,
      "amount": 0,
      "slot": 0
    },
    {
      "id": 391,
      "amount": 1,
      "slot": 0
    },
    {
      "id": 391,
      "amount": 1,
      "slot": 0
    },
    {
      "id": 391,
      "amount": 1,
      "slot": 0
    },
    {
      "id": 391,
      "amount": 1,
      "slot": 0
    },
    {
      "id": 391,
      "amount": 1,
      "slot": 0
    },
    {
      "id": 391,
      "amount": 1,
      "slot": 0
    },
    {
      "id": 391,
      "amount": 1,
      "slot": 0
    },
    {
      "id": 391,
      "amount": 1,
      "slot": 0
    },
    {
      "id": 391,
      "amount": 1,
      "slot": 0
    },
    {
      "id": 391,
      "amount": 1,
      "slot": 0
    },
    {
      "id": 391,
      "amount": 1,
      "slot": 0
    },
    {
      "id": 391,
      "amount": 1,
      "slot": 0
    },
    {
      "id": 391,
      "amount": 1,
      "slot": 0
    },
    {
      "id": 391,
      "amount": 1,
      "slot": 0
    },
    {
      "id": 391,
      "amount": 1,
      "slot": 0
    },
    {
      "id": 391,
      "amount": 1,
      "slot": 0
    },
    {
      "id": 391,
      "amount": 1,
      "slot": 0
    },
    {
      "id": 391,
      "amount": 1,
      "slot": 0
    },
    {
      "id": 391,
      "amount": 1,
      "slot": 0
    },
    {
      "id": 391,
      "amount": 1,
      "slot": 0
    },
    {
      "id": 391,
      "amount": 1,
      "slot": 0
    },
    {
      "id": 391,
      "amount": 1,
      "slot": 0
    }
  ],
  "equipment": [
    {
      "id": 1153,
      "amount": 1,
      "slot": 0
    },
    {
      "id": -1,
      "amount": 0,
      "slot": 0
    },
    {
      "id": -1,
      "amount": 0,
      "slot": 0
    },
    {
      "id": 4587,
      "amount": 1,
      "slot": 0
    },
    {
      "id": 1125,
      "amount": 1,
      "slot": 0
    },
    {
      "id": 1191,
      "amount": 1,
      "slot": 0
    },
    {
      "id": -1,
      "amount": 0,
      "slot": 0
    },
    {
      "id": 1067,
      "amount": 1,
      "slot": 0
    },
    {
      "id": -1,
      "amount": 0,
      "slot": 0
    },
    {
      "id": 11126,
      "amount": 1,
      "slot": 0
    },
    {
      "id": 4131,
      "amount": 1,
      "slot": 0
    },
    {
      "id": -1,
      "amount": 0,
      "slot": 0
    },
    {
      "id": 2550,
      "amount": 1,
      "slot": 0
    },
    {
      "id": -1,
      "amount": 0,
      "slot": 0
    }
  ],
  "bank-0": [
    {
      "id": 2440,
      "amount": 10,
      "slot": 0
    },
    {
      "id": 2436,
      "amount": 10,
      "slot": 0
    },
    {
      "id": 2442,
      "amount": 10,
      "slot": 0
    },
    {
      "id": 3024,
      "amount": 10,
      "slot": 0
    },
    {
      "id": 391,
      "amount": 216,
      "slot": 0
    },
    {
      "id": 1153,
      "amount": 0,
      "slot": 0
    },
    {
      "id": 1115,
      "amount": 0,
      "slot": 0
    },
    {
      "id": 1067,
      "amount": 0,
      "slot": 0
    },
    {
      "id": 1191,
      "amount": 0,
      "slot": 0
    },
    {
      "id": 1323,
      "amount": 0,
      "slot": 0
    },
    {
      "id": 4391,
      "amount": 1,
      "slot": 0
    },
    {
      "id": 841,
      "amount": 1,
      "slot": 0
    },
    {
      "id": 882,
      "amount": 500,
      "slot": 0
    },
    {
      "id": 1169,
      "amount": 1,
      "slot": 0
    },
    {
      "id": 1129,
      "amount": 1,
      "slot": 0
    },
    {
      "id": 1095,
      "amount": 1,
      "slot": 0
    },
    {
      "id": 1478,
      "amount": 1,
      "slot": 0
    },
    {
      "id": 579,
      "amount": 1,
      "slot": 0
    },
    {
      "id": 577,
      "amount": 1,
      "slot": 0
    },
    {
      "id": 1011,
      "amount": 1,
      "slot": 0
    },
    {
      "id": 1381,
      "amount": 1,
      "slot": 0
    },
    {
      "id": 558,
      "amount": 1000,
      "slot": 0
    },
    {
      "id": 557,
      "amount": 1000,
      "slot": 0
    },
    {
      "id": 555,
      "amount": 1000,
      "slot": 0
    },
    {
      "id": 554,
      "amount": 1000,
      "slot": 0
    },
    {
      "id": 1377,
      "amount": 1,
      "slot": 0
    },
    {
      "id": 12,
      "amount": 1,
      "slot": 0
    },
    {
      "id": 995,
      "amount": 25192,
      "slot": 0
    },
    {
      "id": 1949,
      "amount": 1,
      "slot": 0
    },
    {
      "id": 542,
      "amount": 1,
      "slot": 0
    },
    {
      "id": 4587,
      "amount": 0,
      "slot": 0
    },
    {
      "id": 5680,
      "amount": 0,
      "slot": 0
    },
    {
      "id": 4131,
      "amount": 0,
      "slot": 0
    },
    {
      "id": 10828,
      "amount": 0,
      "slot": 0
    }
  ],
  "bank-1": [],
  "bank-2": [],
  "bank-3": [],
  "bank-4": [],
  "bank-5": [],
  "bank-6": [],
  "bank-7": [],
  "bank-8": [],
  "ge-slots": [
    {
      "state": "EMPTY"
    },
    {
      "state": "EMPTY"
    },
    {
      "state": "EMPTY"
    },
    {
      "state": "EMPTY"
    },
    {
      "state": "EMPTY"
    },
    {
      "state": "EMPTY"
    }
  ],
  "charm-imp": [
    0,
    0,
    0,
    0
  ],
  "friends": [],
  "ignores": [],
  "loyalty-titles": [
    false,
    false,
    false,
    false,
    false,
    false,
    false,
    false,
    false,
    false,
    false,
    false
  ],
  "kills": [
    {
      "npcName": "Black Knight",
      "amount": 11,
      "boss": false
    }
  ],
  "drops": [
    {
      "item": 12158,
      "amount": 7,
      "rareDrop": false
    },
    {
      "item": 1125,
      "amount": 1,
      "rareDrop": false
    },
    {
      "item": 12160,
      "amount": 2,
      "rareDrop": false
    },
    {
      "item": 199,
      "amount": 1,
      "rareDrop": false
    },
    {
      "item": 1621,
      "amount": 1,
      "rareDrop": false
    },
    {
      "item": 18778,
      "amount": 2,
      "rareDrop": false
    },
    {
      "item": 563,
      "amount": 1,
      "rareDrop": false
    },
    {
      "item": 12159,
      "amount": 1,
      "rareDrop": false
    },
    {
      "item": 554,
      "amount": 21,
      "rareDrop": false
    }
  ],
  "achievements-completion": [
    false,
    false,
    false,
    false,
    false,
    false,
    false,
    false,
    false,
    false,
    false,
    false,
    false,
    false,
    false,
    false,
    false,
    false,
    false,
    false,
    false,
    true,
    false,
    false,
    true,
    false,
    false,
    true,
    false,
    false,
    false,
    false,
    false,
    false,
    false,
    false,
    false,
    false,
    false,
    false,
    false,
    false,
    false,
    false,
    false,
    false,
    false,
    false,
    false,
    false,
    false,
    false,
    false,
    false,
    false,
    false,
    false,
    false,
    false,
    false,
    false,
    false,
    false,
    false,
    false,
    false,
    false,
    false,
    false,
    false,
    false,
    false,
    false,
    false,
    false,
    false,
    false,
    false,
    false,
    false,
    false,
    false,
    false,
    false,
    false,
    false,
    false,
    false,
    false,
    false,
    false,
    false,
    false,
    false,
    false,
    false,
    false,
    false,
    false,
    false,
    false
  ],
  "achievements-progress": [
    998,
    0,
    0,
    0,
    0,
    0,
    0,
    0,
    0,
    0,
    0,
    0,
    0,
    0,
    0,
    0,
    0,
    0,
    0,
    0,
    0,
    5098,
    0,
    0,
    0,
    0,
    0,
    0,
    0,
    0,
    0,
    0,
    0,
    0,
    0,
    0,
    0,
    0,
    0,
    0,
    0,
    0,
    0,
    5098,
    0,
    0,
    0,
    0,
    0,
    11,
    0,
    0,
    0
  ],
  "max-cape-colors": [
    65214,
    65200,
    65186,
    62995
  ],
  "comp-cape-colors": [
    65214,
    65200,
    65186,
    62995
  ],
  "player-title": "",
  "set-home": {
    "x": 2719,
    "y": 5313,
    "z": 0
  }
}