{
  "total-play-time-ms": 25471536,
  "username": "Loki",
  "password": "Doomed",
  "email": "null",
  "staff-rights": "PLAYER",
  "game-mode": "NORMAL",
  "boss-points": 3,
  "loyalty-title": "NONE",
  "position": {
    "x": 3278,
    "y": 3940,
    "z": 0
  },
  "online-status": "ON",
  "yell-title": "null",
  "given-starter": true,
  "is-instanced": false,
  "money-pouch": 29478918,
  "donated": 0,
  "password-reset": 2,
  "minutes-bonus-exp": -1,
  "total-gained-exp": 67734940,
  "prestige-points": 0,
  "achievement-points": 12,
  "dung-tokens": 8295,
  "commendations": 0,
  "loyalty-points": 5802,
  "total-loyalty-points": 5802.0,
  "voting-points": 0,
  "slayer-points": 0,
  "hide-player": false,
  "pk-points": 0,
  "donation-points": 0,
  "trivia-points": 36,
  "cluescompleted": 45,
  "player-kills": 0,
  "player-killstreak": 0,
  "player-deaths": 0,
  "target-percentage": 100,
  "bh-rank": 0,
  "gender": "MALE",
  "spell-book": "NORMAL",
  "shop-updated": false,
  "shop-earnings": 0,
  "prayer-book": "NORMAL",
  "running": true,
  "run-energy": 100,
  "music": false,
  "sounds": false,
  "auto-retaliate": true,
  "xp-locked": false,
  "veng-cast": false,
  "last-veng": 8587681,
  "fight-type": "UNARMED_KICK",
  "sol-effect": -1,
  "skull-timer": 0,
  "accept-aid": false,
  "venom-damage": 0,
  "venom-immunity": 0,
  "poison-damage": 0,
  "poison-immunity": 0,
  "overload-timer": 0,
  "fire-immunity": 0,
  "fire-damage-mod": 0,
  "prayer-renewal-timer": 0,
  "teleblock-timer": 0,
  "special-amount": 100,
  "entered-gwd-room": false,
  "gwd-altar-delay": 0,
  "gwd-killcount": [
    0,
    0,
    0,
    0
  ],
  "effigy": 0,
  "summon-npc": -1,
  "summon-death": -1,
  "process-farming": false,
  "clanchat": "Help",
  "autocast": false,
  "autocast-spell": -1,
  "dfs-charges": 0,
  "coins-gambled": 0,
  "slayer-master": "VANNAKA",
  "slayer-task": "DEADLY_RED_SPIDER",
  "prev-slayer-task": "NO_TASK",
  "task-amount": 52,
  "task-streak": 0,
  "duo-partner": "null",
  "double-slay-xp": false,
  "recoil-deg": 0,
  "brawler-deg": [
    0,
    0,
    0,
    0,
    0,
    0,
    0,
    0,
    0
  ],
  "killed-players": [],
  "killed-gods": [
    false,
    false,
    false,
    false,
    false
  ],
  "barrows-brother": [
    [
      2030,
      0
    ],
    [
      2029,
      0
    ],
    [
      2028,
      0
    ],
    [
      2027,
      0
    ],
    [
      2026,
      0
    ],
    [
      2025,
      0
    ]
  ],
  "random-coffin": 0,
  "barrows-killcount": 0,
  "nomad": [
    false,
    false
  ],
  "recipe-for-disaster": [
    false,
    false,
    false,
    false,
    false,
    false,
    false,
    false,
    false
  ],
  "recipe-for-disaster-wave": 0,
  "dung-items-bound": [
    16126,
    0,
    0,
    0,
    0
  ],
  "rune-ess": 0,
  "pure-ess": 0,
  "has-bank-pin": false,
  "last-pin-attempt": 0,
  "invalid-pin-attempts": 0,
  "bank-pin": [
    0,
    0,
    0,
    0
  ],
  "appearance": [
    1,
    47,
    56,
    61,
    67,
    70,
    79,
    -1,
    11,
    1,
    2,
    3,
    0
  ],
  "agility-obj": [
    false,
    false,
    false,
    false,
    false,
    false,
    false
  ],
  "skills": {
    "level": [
      74,
      75,
      81,
      917,
      99,
      690,
      1,
      1,
      99,
      1,
      1,
      91,
      30,
      38,
      97,
      1,
      1,
      79,
      1,
      1,
      1,
      1,
      1,
      1,
      45
    ],
    "maxLevel": [
      74,
      75,
      81,
      970,
      99,
      690,
      1,
      1,
      99,
      1,
      1,
      91,
      30,
      38,
      97,
      1,
      1,
      79,
      1,
      1,
      1,
      1,
      1,
      1,
      45
    ],
    "experience": [
      1133214,
      1233786,
      2327080,
      11554752,
      15491415,
      718716,
      0,
      0,
      16253415,
      0,
      0,
      6113129,
      13846,
      32994,
      10863262,
      0,
      0,
      1937500,
      0,
      0,
      0,
      0,
      0,
      0,
      63015
    ]
  },
  "inventory": [
    {
      "id": 1514,
      "amount": 924,
      "slot": 0
    },
    {
      "id": -1,
      "amount": 0,
      "slot": 0
    },
    {
      "id": -1,
      "amount": 0,
      "slot": 0
    },
    {
      "id": -1,
      "amount": 0,
      "slot": 0
    },
    {
      "id": -1,
      "amount": 0,
      "slot": 0
    },
    {
      "id": -1,
      "amount": 0,
      "slot": 0
    },
    {
      "id": -1,
      "amount": 0,
      "slot": 0
    },
    {
      "id": -1,
      "amount": 0,
      "slot": 0
    },
    {
      "id": -1,
      "amount": 0,
      "slot": 0
    },
    {
      "id": -1,
      "amount": 0,
      "slot": 0
    },
    {
      "id": -1,
      "amount": 0,
      "slot": 0
    },
    {
      "id": -1,
      "amount": 0,
      "slot": 0
    },
    {
      "id": -1,
      "amount": 0,
      "slot": 0
    },
    {
      "id": -1,
      "amount": 0,
      "slot": 0
    },
    {
      "id": -1,
      "amount": 0,
      "slot": 0
    },
    {
      "id": -1,
      "amount": 0,
      "slot": 0
    },
    {
      "id": -1,
      "amount": 0,
      "slot": 0
    },
    {
      "id": -1,
      "amount": 0,
      "slot": 0
    },
    {
      "id": -1,
      "amount": 0,
      "slot": 0
    },
    {
      "id": -1,
      "amount": 0,
      "slot": 0
    },
    {
      "id": -1,
      "amount": 0,
      "slot": 0
    },
    {
      "id": -1,
      "amount": 0,
      "slot": 0
    },
    {
      "id": -1,
      "amount": 0,
      "slot": 0
    },
    {
      "id": -1,
      "amount": 0,
      "slot": 0
    },
    {
      "id": -1,
      "amount": 0,
      "slot": 0
    },
    {
      "id": -1,
      "amount": 0,
      "slot": 0
    },
    {
      "id": -1,
      "amount": 0,
      "slot": 0
    },
    {
      "id": -1,
      "amount": 0,
      "slot": 0
    }
  ],
  "equipment": [
    {
      "id": -1,
      "amount": 0,
      "slot": 0
    },
    {
      "id": -1,
      "amount": 0,
      "slot": 0
    },
    {
      "id": -1,
      "amount": 0,
      "slot": 0
    },
    {
      "id": 13661,
      "amount": 1,
      "slot": 0
    },
    {
      "id": -1,
      "amount": 0,
      "slot": 0
    },
    {
      "id": -1,
      "amount": 0,
      "slot": 0
    },
    {
      "id": -1,
      "amount": 0,
      "slot": 0
    },
    {
      "id": -1,
      "amount": 0,
      "slot": 0
    },
    {
      "id": -1,
      "amount": 0,
      "slot": 0
    },
    {
      "id": -1,
      "amount": 0,
      "slot": 0
    },
    {
      "id": -1,
      "amount": 0,
      "slot": 0
    },
    {
      "id": -1,
      "amount": 0,
      "slot": 0
    },
    {
      "id": -1,
      "amount": 0,
      "slot": 0
    },
    {
      "id": -1,
      "amount": 0,
      "slot": 0
    }
  ],
  "bank-0": [
    {
      "id": 2440,
      "amount": 10,
      "slot": 0
    },
    {
      "id": 2436,
      "amount": 10,
      "slot": 0
    },
    {
      "id": 2442,
      "amount": 10,
      "slot": 0
    },
    {
      "id": 3024,
      "amount": 106,
      "slot": 0
    },
    {
      "id": 391,
      "amount": 68,
      "slot": 0
    },
    {
      "id": 995,
      "amount": 0,
      "slot": 0
    },
    {
      "id": 1153,
      "amount": 1,
      "slot": 0
    },
    {
      "id": 1115,
      "amount": 1,
      "slot": 0
    },
    {
      "id": 1067,
      "amount": 1,
      "slot": 0
    },
    {
      "id": 1191,
      "amount": 1,
      "slot": 0
    },
    {
      "id": 1323,
      "amount": 1,
      "slot": 0
    },
    {
      "id": 4391,
      "amount": 1,
      "slot": 0
    },
    {
      "id": 841,
      "amount": 1,
      "slot": 0
    },
    {
      "id": 882,
      "amount": 451,
      "slot": 0
    },
    {
      "id": 1169,
      "amount": 1,
      "slot": 0
    },
    {
      "id": 1129,
      "amount": 1,
      "slot": 0
    },
    {
      "id": 1095,
      "amount": 1,
      "slot": 0
    },
    {
      "id": 1478,
      "amount": 0,
      "slot": 0
    },
    {
      "id": 579,
      "amount": 1,
      "slot": 0
    },
    {
      "id": 577,
      "amount": 1,
      "slot": 0
    },
    {
      "id": 1011,
      "amount": 1,
      "slot": 0
    },
    {
      "id": 1381,
      "amount": 1,
      "slot": 0
    },
    {
      "id": 558,
      "amount": 1000,
      "slot": 0
    },
    {
      "id": 557,
      "amount": 1000,
      "slot": 0
    },
    {
      "id": 555,
      "amount": 2406,
      "slot": 0
    },
    {
      "id": 554,
      "amount": 1000,
      "slot": 0
    },
    {
      "id": 2503,
      "amount": 1,
      "slot": 0
    },
    {
      "id": 2497,
      "amount": 1,
      "slot": 0
    },
    {
      "id": 2491,
      "amount": 1,
      "slot": 0
    },
    {
      "id": 12159,
      "amount": 8,
      "slot": 0
    },
    {
      "id": 3749,
      "amount": 1,
      "slot": 0
    },
    {
      "id": 10499,
      "amount": 1,
      "slot": 0
    },
    {
      "id": 861,
      "amount": 1,
      "slot": 0
    },
    {
      "id": 6328,
      "amount": 1,
      "slot": 0
    },
    {
      "id": 892,
      "amount": 472,
      "slot": 0
    },
    {
      "id": 12160,
      "amount": 43,
      "slot": 0
    },
    {
      "id": 2996,
      "amount": 40,
      "slot": 0
    },
    {
      "id": 1513,
      "amount": 1,
      "slot": 0
    },
    {
      "id": 1619,
      "amount": 39,
      "slot": 0
    },
    {
      "id": 25,
      "amount": 70,
      "slot": 0
    },
    {
      "id": 12163,
      "amount": 24,
      "slot": 0
    },
    {
      "id": 213,
      "amount": 50,
      "slot": 0
    },
    {
      "id": 309,
      "amount": 4,
      "slot": 0
    },
    {
      "id": 314,
      "amount": 200,
      "slot": 0
    },
    {
      "id": 1515,
      "amount": 0,
      "slot": 0
    },
    {
      "id": 1747,
      "amount": 68,
      "slot": 0
    },
    {
      "id": 2363,
      "amount": 91,
      "slot": 0
    },
    {
      "id": 1359,
      "amount": 4,
      "slot": 0
    },
    {
      "id": 453,
      "amount": 643,
      "slot": 0
    },
    {
      "id": 223,
      "amount": 25,
      "slot": 0
    },
    {
      "id": 1631,
      "amount": 22,
      "slot": 0
    },
    {
      "id": 1617,
      "amount": 31,
      "slot": 0
    },
    {
      "id": 15270,
      "amount": 38,
      "slot": 0
    },
    {
      "id": 662,
      "amount": 1,
      "slot": 0
    },
    {
      "id": 536,
      "amount": 0,
      "slot": 0
    },
    {
      "id": 1275,
      "amount": 1,
      "slot": 0
    },
    {
      "id": 2359,
      "amount": 14,
      "slot": 0
    },
    {
      "id": 52,
      "amount": 900,
      "slot": 0
    },
    {
      "id": 7936,
      "amount": 950,
      "slot": 0
    },
    {
      "id": 642,
      "amount": 1,
      "slot": 0
    },
    {
      "id": 652,
      "amount": 1,
      "slot": 0
    },
    {
      "id": 6629,
      "amount": 1,
      "slot": 0
    },
    {
      "id": 632,
      "amount": 1,
      "slot": 0
    },
    {
      "id": 1521,
      "amount": 0,
      "slot": 0
    },
    {
      "id": 1511,
      "amount": 0,
      "slot": 0
    },
    {
      "id": 1517,
      "amount": 0,
      "slot": 0
    },
    {
      "id": 5313,
      "amount": 1,
      "slot": 0
    },
    {
      "id": 15335,
      "amount": 1,
      "slot": 0
    },
    {
      "id": 11256,
      "amount": 0,
      "slot": 0
    },
    {
      "id": 1641,
      "amount": 2,
      "slot": 0
    },
    {
      "id": 1777,
      "amount": 43,
      "slot": 0
    },
    {
      "id": 15517,
      "amount": 0,
      "slot": 0
    },
    {
      "id": 1615,
      "amount": 2,
      "slot": 0
    },
    {
      "id": 11260,
      "amount": 7,
      "slot": 0
    },
    {
      "id": 247,
      "amount": 1,
      "slot": 0
    },
    {
      "id": 2366,
      "amount": 1,
      "slot": 0
    },
    {
      "id": 1448,
      "amount": 1,
      "slot": 0
    },
    {
      "id": 9185,
      "amount": 1,
      "slot": 0
    },
    {
      "id": 6,
      "amount": 1,
      "slot": 0
    },
    {
      "id": 8,
      "amount": 1,
      "slot": 0
    },
    {
      "id": 10,
      "amount": 1,
      "slot": 0
    },
    {
      "id": 12,
      "amount": 1,
      "slot": 0
    },
    {
      "id": 2,
      "amount": 1035,
      "slot": 0
    },
    {
      "id": 1265,
      "amount": 1,
      "slot": 0
    },
    {
      "id": 436,
      "amount": 0,
      "slot": 0
    },
    {
      "id": 438,
      "amount": 0,
      "slot": 0
    },
    {
      "id": 444,
      "amount": 80,
      "slot": 0
    },
    {
      "id": 1623,
      "amount": 14,
      "slot": 0
    },
    {
      "id": 1621,
      "amount": 9,
      "slot": 0
    },
    {
      "id": 13727,
      "amount": 150,
      "slot": 0
    },
    {
      "id": 2444,
      "amount": 96,
      "slot": 0
    },
    {
      "id": 78,
      "amount": 125,
      "slot": 0
    },
    {
      "id": 12158,
      "amount": 15,
      "slot": 0
    },
    {
      "id": 526,
      "amount": 1,
      "slot": 0
    },
    {
      "id": 169,
      "amount": 1,
      "slot": 0
    },
    {
      "id": 3026,
      "amount": 1,
      "slot": 0
    },
    {
      "id": 229,
      "amount": 2,
      "slot": 0
    },
    {
      "id": 1580,
      "amount": 1,
      "slot": 0
    },
    {
      "id": 171,
      "amount": 1,
      "slot": 0
    },
    {
      "id": 11286,
      "amount": 1,
      "slot": 0
    },
    {
      "id": 1540,
      "amount": 1,
      "slot": 0
    },
    {
      "id": 1351,
      "amount": 5,
      "slot": 0
    },
    {
      "id": 2347,
      "amount": 1,
      "slot": 0
    },
    {
      "id": 1203,
      "amount": 6,
      "slot": 0
    },
    {
      "id": 819,
      "amount": 50,
      "slot": 0
    },
    {
      "id": 3030,
      "amount": 1,
      "slot": 0
    },
    {
      "id": 2684,
      "amount": 1,
      "slot": 0
    },
    {
      "id": 201,
      "amount": 169,
      "slot": 0
    },
    {
      "id": 2351,
      "amount": 0,
      "slot": 0
    },
    {
      "id": 9140,
      "amount": 350,
      "slot": 0
    },
    {
      "id": 590,
      "amount": 1,
      "slot": 0
    },
    {
      "id": 989,
      "amount": 1,
      "slot": 0
    },
    {
      "id": 13661,
      "amount": 0,
      "slot": 0
    },
    {
      "id": 9244,
      "amount": 752,
      "slot": 0
    }
  ],
  "bank-1": [],
  "bank-2": [],
  "bank-3": [],
  "bank-4": [],
  "bank-5": [],
  "bank-6": [],
  "bank-7": [],
  "bank-8": [],
  "ge-slots": [
    {
      "state": "EMPTY"
    },
    {
      "state": "EMPTY"
    },
    {
      "state": "EMPTY"
    },
    {
      "state": "EMPTY"
    },
    {
      "state": "EMPTY"
    },
    {
      "state": "EMPTY"
    }
  ],
  "charm-imp": [
    0,
    0,
    0,
    0
  ],
  "friends": [
    279820018,
    6402017
  ],
  "ignores": [],
  "loyalty-titles": [
    false,
    false,
    false,
    false,
    false,
    false,
    false,
    false,
    false,
    false,
    false,
    false
  ],
  "kills": [
    {
      "npcName": "Rock Crab",
      "amount": 20,
      "boss": false
    },
    {
      "npcName": "Tower Archer",
      "amount": 9,
      "boss": false
    },
    {
      "npcName": "Ghost",
      "amount": 3,
      "boss": false
    },
    {
      "npcName": "Wizard",
      "amount": 3,
      "boss": false
    },
    {
      "npcName": "Skeleton",
      "amount": 6,
      "boss": false
    },
    {
      "npcName": "Zombie pirate",
      "amount": 3,
      "boss": false
    },
    {
      "npcName": "Dark wizard",
      "amount": 3,
      "boss": false
    },
    {
      "npcName": "Dust devil",
      "amount": 9,
      "boss": false
    },
    {
      "npcName": "Slash Bash",
      "amount": 3,
      "boss": true
    },
    {
      "npcName": "Bandos Avatar",
      "amount": 3,
      "boss": true
    },
    {
      "npcName": "Frost dragon",
      "amount": 12,
      "boss": true
    },
    {
      "npcName": "Iron dragon",
      "amount": 8,
      "boss": false
    },
    {
      "npcName": "Steel dragon",
      "amount": 1,
      "boss": true
    }
  ],
  "drops": [
    {
      "item": 12159,
      "amount": 21,
      "rareDrop": false
    },
    {
      "item": 407,
      "amount": 3,
      "rareDrop": false
    },
    {
      "item": 45,
      "amount": 8,
      "rareDrop": false
    },
    {
      "item": 995,
      "amount": 3425272,
      "rareDrop": false
    },
    {
      "item": 313,
      "amount": 9,
      "rareDrop": false
    },
    {
      "item": 805,
      "amount": 3,
      "rareDrop": false
    },
    {
      "item": 1454,
      "amount": 1,
      "rareDrop": false
    },
    {
      "item": 454,
      "amount": 1,
      "rareDrop": false
    },
    {
      "item": 12160,
      "amount": 9,
      "rareDrop": false
    },
    {
      "item": 12158,
      "amount": 24,
      "rareDrop": false
    },
    {
      "item": 1625,
      "amount": 3,
      "rareDrop": false
    },
    {
      "item": 12163,
      "amount": 5,
      "rareDrop": false
    },
    {
      "item": 403,
      "amount": 3,
      "rareDrop": false
    },
    {
      "item": 25,
      "amount": 4,
      "rareDrop": false
    },
    {
      "item": 1462,
      "amount": 3,
      "rareDrop": false
    },
    {
      "item": 1623,
      "amount": 1,
      "rareDrop": false
    },
    {
      "item": 526,
      "amount": 9,
      "rareDrop": false
    },
    {
      "item": 78,
      "amount": 125,
      "rareDrop": false
    },
    {
      "item": 2364,
      "amount": 80,
      "rareDrop": false
    },
    {
      "item": 1580,
      "amount": 1,
      "rareDrop": false
    },
    {
      "item": 1602,
      "amount": 40,
      "rareDrop": false
    },
    {
      "item": 18830,
      "amount": 12,
      "rareDrop": false
    },
    {
      "item": 11286,
      "amount": 1,
      "rareDrop": true
    },
    {
      "item": 205,
      "amount": 1,
      "rareDrop": false
    },
    {
      "item": 1303,
      "amount": 1,
      "rareDrop": false
    },
    {
      "item": 203,
      "amount": 1,
      "rareDrop": false
    },
    {
      "item": 1199,
      "amount": 2,
      "rareDrop": false
    },
    {
      "item": 213,
      "amount": 1,
      "rareDrop": false
    },
    {
      "item": 1123,
      "amount": 2,
      "rareDrop": false
    },
    {
      "item": 211,
      "amount": 2,
      "rareDrop": false
    },
    {
      "item": 1445,
      "amount": 2,
      "rareDrop": false
    },
    {
      "item": 385,
      "amount": 1,
      "rareDrop": false
    },
    {
      "item": 2359,
      "amount": 2,
      "rareDrop": false
    },
    {
      "item": 562,
      "amount": 20,
      "rareDrop": false
    },
    {
      "item": 1353,
      "amount": 1,
      "rareDrop": false
    },
    {
      "item": 536,
      "amount": 9,
      "rareDrop": false
    },
    {
      "item": 2352,
      "amount": 40,
      "rareDrop": false
    },
    {
      "item": 1197,
      "amount": 1,
      "rareDrop": false
    },
    {
      "item": 565,
      "amount": 27,
      "rareDrop": false
    },
    {
      "item": 199,
      "amount": 1,
      "rareDrop": false
    },
    {
      "item": 563,
      "amount": 10,
      "rareDrop": false
    },
    {
      "item": 1287,
      "amount": 1,
      "rareDrop": false
    }
  ],
  "achievements-completion": [
    false,
    false,
    true,
    true,
    false,
    false,
    false,
    true,
    true,
    false,
    false,
    false,
    false,
    false,
    false,
    false,
    false,
    false,
    false,
    false,
    true,
    true,
    true,
    false,
    true,
    true,
    false,
    false,
    false,
    false,
    false,
    false,
    true,
    true,
    false,
    false,
    false,
    false,
    false,
    false,
    false,
    false,
    false,
    false,
    false,
    false,
    false,
    false,
    false,
    false,
    false,
    false,
    false,
    false,
    false,
    false,
    false,
    false,
    false,
    false,
    false,
    false,
    false,
    false,
    false,
    false,
    false,
    false,
    false,
    false,
    false,
    false,
    false,
    false,
    false,
    false,
    false,
    false,
    false,
    false,
    false,
    false,
    false,
    false,
    true,
    false,
    false,
    false,
    false,
    false,
    false,
    false,
    false,
    false,
    false,
    false,
    false,
    false,
    false,
    false,
    false
  ],
  "achievements-progress": [
    989,
    987,
    0,
    0,
    0,
    99,
    99,
    0,
    0,
    0,
    0,
    0,
    0,
    0,
    0,
    0,
    0,
    0,
    0,
    18,
    142,
    23315,
    98787,
    0,
    0,
    0,
    1982,
    470,
    0,
    0,
    0,
    0,
    0,
    0,
    0,
    0,
    0,
    0,
    0,
    18,
    142,
    0,
    0,
    23315,
    98787,
    0,
    0,
    1,
    0,
    83,
    19,
    0,
    0
  ],
  "max-cape-colors": [
    65214,
    65200,
    65186,
    62995
  ],
  "comp-cape-colors": [
    65214,
    65200,
    65186,
    62995
  ],
  "player-title": "",
  "set-home": {
    "x": 3096,
    "y": 3503,
    "z": 0
  }
}