{
  "total-play-time-ms": 9993356,
  "username": "Osw",
  "password": "qwerty8686",
  "email": "null",
  "staff-rights": "PLAYER",
  "game-mode": "NORMAL",
  "boss-points": 1,
  "loyalty-title": "NONE",
  "position": {
    "x": 3081,
    "y": 3498,
    "z": 0
  },
  "online-status": "ON",
  "yell-title": "null",
  "given-starter": true,
  "is-instanced": false,
  "money-pouch": 0,
  "donated": 0,
  "password-reset": 2,
  "minutes-bonus-exp": -1,
  "total-gained-exp": 53444741,
  "prestige-points": 0,
  "achievement-points": 10,
  "dung-tokens": 0,
  "commendations": 0,
  "loyalty-points": 2749,
  "total-loyalty-points": 2749.0,
  "voting-points": 0,
  "slayer-points": 0,
  "hide-player": false,
  "pk-points": 0,
  "donation-points": 0,
  "trivia-points": 2,
  "cluescompleted": 1,
  "player-kills": 0,
  "player-killstreak": 0,
  "player-deaths": 0,
  "target-percentage": 100,
  "bh-rank": 0,
  "gender": "MALE",
  "spell-book": "ANCIENT",
  "shop-updated": false,
  "shop-earnings": 0,
  "prayer-book": "NORMAL",
  "running": true,
  "run-energy": 100,
  "music": false,
  "sounds": false,
  "auto-retaliate": true,
  "xp-locked": false,
  "veng-cast": false,
  "last-veng": 1519853680466,
  "fight-type": "WHIP_LASH",
  "sol-effect": 0,
  "skull-timer": 0,
  "accept-aid": false,
  "venom-damage": 0,
  "venom-immunity": 0,
  "poison-damage": 0,
  "poison-immunity": 0,
  "overload-timer": 0,
  "fire-immunity": 0,
  "fire-damage-mod": 0,
  "prayer-renewal-timer": 0,
  "teleblock-timer": 0,
  "special-amount": 100,
  "entered-gwd-room": false,
  "gwd-altar-delay": 0,
  "gwd-killcount": [
    0,
    0,
    0,
    0
  ],
  "effigy": 0,
  "summon-npc": -1,
  "summon-death": -1,
  "process-farming": false,
  "clanchat": "Help",
  "autocast": false,
  "autocast-spell": -1,
  "dfs-charges": 0,
  "coins-gambled": 0,
  "slayer-master": "VANNAKA",
  "slayer-task": "NO_TASK",
  "prev-slayer-task": "NO_TASK",
  "task-amount": 0,
  "task-streak": 0,
  "duo-partner": "null",
  "double-slay-xp": false,
  "recoil-deg": 0,
  "brawler-deg": [
    0,
    0,
    0,
    0,
    0,
    0,
    0,
    0,
    0
  ],
  "killed-players": [],
  "killed-gods": [
    false,
    false,
    false,
    false,
    false
  ],
  "barrows-brother": [
    [
      2030,
      0
    ],
    [
      2029,
      0
    ],
    [
      2028,
      0
    ],
    [
      2027,
      0
    ],
    [
      2026,
      0
    ],
    [
      2025,
      0
    ]
  ],
  "random-coffin": 0,
  "barrows-killcount": 0,
  "nomad": [
    false,
    false
  ],
  "recipe-for-disaster": [
    true,
    true,
    false,
    true,
    true,
    true,
    true,
    true,
    true
  ],
  "recipe-for-disaster-wave": 6,
  "dung-items-bound": [
    0,
    0,
    0,
    0,
    0
  ],
  "rune-ess": 0,
  "pure-ess": 0,
  "has-bank-pin": false,
  "last-pin-attempt": 0,
  "invalid-pin-attempts": 0,
  "bank-pin": [
    0,
    0,
    0,
    0
  ],
  "appearance": [
    0,
    2,
    18,
    26,
    33,
    36,
    42,
    16,
    3,
    2,
    2,
    1,
    0
  ],
  "agility-obj": [
    false,
    false,
    false,
    false,
    false,
    false,
    false
  ],
  "skills": {
    "level": [
      84,
      81,
      79,
      990,
      94,
      760,
      99,
      1,
      1,
      1,
      1,
      1,
      1,
      1,
      1,
      1,
      1,
      1,
      1,
      1,
      1,
      1,
      1,
      1,
      1
    ],
    "maxLevel": [
      84,
      81,
      79,
      990,
      94,
      760,
      99,
      1,
      1,
      1,
      1,
      1,
      1,
      1,
      1,
      1,
      1,
      1,
      1,
      1,
      1,
      1,
      1,
      1,
      1
    ],
    "experience": [
      3175503,
      2297536,
      1904064,
      18024253,
      8696741,
      1366482,
      17981346,
      0,
      0,
      0,
      0,
      0,
      0,
      0,
      0,
      0,
      0,
      0,
      0,
      0,
      0,
      0,
      0,
      0,
      0
    ]
  },
  "inventory": [
    {
      "id": 161,
      "amount": 1,
      "slot": 0
    },
    {
      "id": 149,
      "amount": 1,
      "slot": 0
    },
    {
      "id": 167,
      "amount": 1,
      "slot": 0
    },
    {
      "id": 10551,
      "amount": 1,
      "slot": 0
    },
    {
      "id": 391,
      "amount": 1,
      "slot": 0
    },
    {
      "id": 391,
      "amount": 1,
      "slot": 0
    },
    {
      "id": 391,
      "amount": 1,
      "slot": 0
    },
    {
      "id": 1079,
      "amount": 1,
      "slot": 0
    },
    {
      "id": 391,
      "amount": 1,
      "slot": 0
    },
    {
      "id": -1,
      "amount": 0,
      "slot": 0
    },
    {
      "id": -1,
      "amount": 0,
      "slot": 0
    },
    {
      "id": 391,
      "amount": 1,
      "slot": 0
    },
    {
      "id": -1,
      "amount": 0,
      "slot": 0
    },
    {
      "id": -1,
      "amount": 0,
      "slot": 0
    },
    {
      "id": -1,
      "amount": 0,
      "slot": 0
    },
    {
      "id": -1,
      "amount": 0,
      "slot": 0
    },
    {
      "id": 391,
      "amount": 1,
      "slot": 0
    },
    {
      "id": -1,
      "amount": 0,
      "slot": 0
    },
    {
      "id": -1,
      "amount": 0,
      "slot": 0
    },
    {
      "id": -1,
      "amount": 0,
      "slot": 0
    },
    {
      "id": -1,
      "amount": 0,
      "slot": 0
    },
    {
      "id": -1,
      "amount": 0,
      "slot": 0
    },
    {
      "id": -1,
      "amount": 0,
      "slot": 0
    },
    {
      "id": -1,
      "amount": 0,
      "slot": 0
    },
    {
      "id": -1,
      "amount": 0,
      "slot": 0
    },
    {
      "id": -1,
      "amount": 0,
      "slot": 0
    },
    {
      "id": -1,
      "amount": 0,
      "slot": 0
    },
    {
      "id": -1,
      "amount": 0,
      "slot": 0
    }
  ],
  "equipment": [
    {
      "id": 2643,
      "amount": 1,
      "slot": 0
    },
    {
      "id": 10499,
      "amount": 1,
      "slot": 0
    },
    {
      "id": 1704,
      "amount": 1,
      "slot": 0
    },
    {
      "id": 4151,
      "amount": 1,
      "slot": 0
    },
    {
      "id": 2503,
      "amount": 1,
      "slot": 0
    },
    {
      "id": 6524,
      "amount": 1,
      "slot": 0
    },
    {
      "id": -1,
      "amount": 0,
      "slot": 0
    },
    {
      "id": 2497,
      "amount": 1,
      "slot": 0
    },
    {
      "id": -1,
      "amount": 0,
      "slot": 0
    },
    {
      "id": 11126,
      "amount": 1,
      "slot": 0
    },
    {
      "id": 4131,
      "amount": 1,
      "slot": 0
    },
    {
      "id": -1,
      "amount": 0,
      "slot": 0
    },
    {
      "id": -1,
      "amount": 0,
      "slot": 0
    },
    {
      "id": 9242,
      "amount": 272,
      "slot": 0
    }
  ],
  "bank-0": [
    {
      "id": 453,
      "amount": 1,
      "slot": 0
    },
    {
      "id": 391,
      "amount": 41,
      "slot": 0
    },
    {
      "id": 12158,
      "amount": 5,
      "slot": 0
    },
    {
      "id": 985,
      "amount": 2,
      "slot": 0
    },
    {
      "id": 12163,
      "amount": 7,
      "slot": 0
    },
    {
      "id": 2485,
      "amount": 1,
      "slot": 0
    },
    {
      "id": 2440,
      "amount": 6,
      "slot": 0
    },
    {
      "id": 2436,
      "amount": 6,
      "slot": 0
    },
    {
      "id": 2442,
      "amount": 6,
      "slot": 0
    },
    {
      "id": 3024,
      "amount": 7,
      "slot": 0
    },
    {
      "id": 2912,
      "amount": 1,
      "slot": 0
    },
    {
      "id": 1011,
      "amount": 1,
      "slot": 0
    },
    {
      "id": 1153,
      "amount": 1,
      "slot": 0
    },
    {
      "id": 1067,
      "amount": 1,
      "slot": 0
    },
    {
      "id": 579,
      "amount": 1,
      "slot": 0
    },
    {
      "id": 577,
      "amount": 1,
      "slot": 0
    },
    {
      "id": 1115,
      "amount": 1,
      "slot": 0
    },
    {
      "id": 1381,
      "amount": 2,
      "slot": 0
    },
    {
      "id": 1191,
      "amount": 1,
      "slot": 0
    },
    {
      "id": 1323,
      "amount": 1,
      "slot": 0
    },
    {
      "id": 2904,
      "amount": 1,
      "slot": 0
    },
    {
      "id": 841,
      "amount": 1,
      "slot": 0
    },
    {
      "id": 882,
      "amount": 440,
      "slot": 0
    },
    {
      "id": 4391,
      "amount": 1,
      "slot": 0
    },
    {
      "id": 1129,
      "amount": 1,
      "slot": 0
    },
    {
      "id": 558,
      "amount": 976,
      "slot": 0
    },
    {
      "id": 557,
      "amount": 1768,
      "slot": 0
    },
    {
      "id": 555,
      "amount": 1910,
      "slot": 0
    },
    {
      "id": 554,
      "amount": 2337,
      "slot": 0
    },
    {
      "id": 1169,
      "amount": 1,
      "slot": 0
    },
    {
      "id": 1478,
      "amount": 1,
      "slot": 0
    },
    {
      "id": 861,
      "amount": 1,
      "slot": 0
    },
    {
      "id": 1095,
      "amount": 1,
      "slot": 0
    },
    {
      "id": 6328,
      "amount": 2,
      "slot": 0
    },
    {
      "id": 892,
      "amount": 468,
      "slot": 0
    },
    {
      "id": 1127,
      "amount": 1,
      "slot": 0
    },
    {
      "id": 1331,
      "amount": 1,
      "slot": 0
    },
    {
      "id": 1333,
      "amount": 1,
      "slot": 0
    },
    {
      "id": 161,
      "amount": 1,
      "slot": 0
    },
    {
      "id": 149,
      "amount": 1,
      "slot": 0
    },
    {
      "id": 165,
      "amount": 2,
      "slot": 0
    },
    {
      "id": 145,
      "amount": 2,
      "slot": 0
    },
    {
      "id": 157,
      "amount": 2,
      "slot": 0
    },
    {
      "id": 163,
      "amount": 2,
      "slot": 0
    },
    {
      "id": 10828,
      "amount": 2,
      "slot": 0
    },
    {
      "id": 987,
      "amount": 1,
      "slot": 0
    },
    {
      "id": 2689,
      "amount": 1,
      "slot": 0
    },
    {
      "id": 1149,
      "amount": 1,
      "slot": 0
    },
    {
      "id": 2503,
      "amount": 1,
      "slot": 0
    },
    {
      "id": 2497,
      "amount": 1,
      "slot": 0
    },
    {
      "id": 11126,
      "amount": 1,
      "slot": 0
    },
    {
      "id": 9242,
      "amount": 55,
      "slot": 0
    },
    {
      "id": 3030,
      "amount": 2,
      "slot": 0
    },
    {
      "id": 3028,
      "amount": 5,
      "slot": 0
    },
    {
      "id": 3026,
      "amount": 7,
      "slot": 0
    },
    {
      "id": 2685,
      "amount": 1,
      "slot": 0
    },
    {
      "id": 1460,
      "amount": 1,
      "slot": 0
    },
    {
      "id": 12160,
      "amount": 2,
      "slot": 0
    },
    {
      "id": 12159,
      "amount": 1,
      "slot": 0
    },
    {
      "id": 9244,
      "amount": 341,
      "slot": 0
    },
    {
      "id": 171,
      "amount": 1,
      "slot": 0
    },
    {
      "id": 2444,
      "amount": 1,
      "slot": 0
    },
    {
      "id": 1704,
      "amount": 2,
      "slot": 0
    },
    {
      "id": 9185,
      "amount": 2,
      "slot": 0
    },
    {
      "id": 4675,
      "amount": 1,
      "slot": 0
    },
    {
      "id": 2366,
      "amount": 1,
      "slot": 0
    },
    {
      "id": 4105,
      "amount": 1,
      "slot": 0
    },
    {
      "id": 229,
      "amount": 1,
      "slot": 0
    },
    {
      "id": 1442,
      "amount": 1,
      "slot": 0
    },
    {
      "id": 2361,
      "amount": 1,
      "slot": 0
    },
    {
      "id": 449,
      "amount": 149,
      "slot": 0
    },
    {
      "id": 385,
      "amount": 94,
      "slot": 0
    },
    {
      "id": 9075,
      "amount": 1000,
      "slot": 0
    },
    {
      "id": 560,
      "amount": 4895,
      "slot": 0
    },
    {
      "id": 565,
      "amount": 4854,
      "slot": 0
    },
    {
      "id": 556,
      "amount": 1000,
      "slot": 0
    },
    {
      "id": 562,
      "amount": 912,
      "slot": 0
    },
    {
      "id": 566,
      "amount": 5494,
      "slot": 0
    },
    {
      "id": 10564,
      "amount": 1,
      "slot": 0
    },
    {
      "id": 5304,
      "amount": 25,
      "slot": 0
    },
    {
      "id": 7114,
      "amount": 1,
      "slot": 0
    },
    {
      "id": 1621,
      "amount": 150,
      "slot": 0
    },
    {
      "id": 14499,
      "amount": 1,
      "slot": 0
    },
    {
      "id": 2414,
      "amount": 1,
      "slot": 0
    },
    {
      "id": 14497,
      "amount": 1,
      "slot": 0
    },
    {
      "id": 14501,
      "amount": 1,
      "slot": 0
    },
    {
      "id": 11118,
      "amount": 1,
      "slot": 0
    },
    {
      "id": 4107,
      "amount": 1,
      "slot": 0
    },
    {
      "id": 4587,
      "amount": 1,
      "slot": 0
    },
    {
      "id": 147,
      "amount": 1,
      "slot": 0
    },
    {
      "id": 159,
      "amount": 1,
      "slot": 0
    },
    {
      "id": 1513,
      "amount": 1046,
      "slot": 0
    },
    {
      "id": 247,
      "amount": 266,
      "slot": 0
    },
    {
      "id": 219,
      "amount": 314,
      "slot": 0
    },
    {
      "id": 169,
      "amount": 1,
      "slot": 0
    },
    {
      "id": 3749,
      "amount": 1,
      "slot": 0
    },
    {
      "id": 3842,
      "amount": 1,
      "slot": 0
    },
    {
      "id": 2,
      "amount": 2931,
      "slot": 0
    },
    {
      "id": 6,
      "amount": 1,
      "slot": 0
    },
    {
      "id": 8,
      "amount": 1,
      "slot": 0
    },
    {
      "id": 10,
      "amount": 1,
      "slot": 0
    },
    {
      "id": 12,
      "amount": 1,
      "slot": 0
    },
    {
      "id": 1511,
      "amount": 1,
      "slot": 0
    },
    {
      "id": 995,
      "amount": 61676732,
      "slot": 0
    },
    {
      "id": 952,
      "amount": 1,
      "slot": 0
    },
    {
      "id": 7366,
      "amount": 1,
      "slot": 0
    },
    {
      "id": 1161,
      "amount": 1,
      "slot": 0
    },
    {
      "id": 12790,
      "amount": 4,
      "slot": 0
    }
  ],
  "bank-1": [],
  "bank-2": [],
  "bank-3": [],
  "bank-4": [],
  "bank-5": [],
  "bank-6": [],
  "bank-7": [],
  "bank-8": [],
  "ge-slots": [
    {
      "state": "EMPTY"
    },
    {
      "state": "EMPTY"
    },
    {
      "state": "EMPTY"
    },
    {
      "state": "EMPTY"
    },
    {
      "state": "EMPTY"
    },
    {
      "state": "EMPTY"
    }
  ],
  "charm-imp": [
    0,
    0,
    0,
    0
  ],
  "friends": [
    1485,
    861027100,
    23271028,
    279820018,
    4
  ],
  "ignores": [],
  "loyalty-titles": [
    false,
    false,
    false,
    false,
    false,
    false,
    false,
    false,
    false,
    false,
    false,
    false
  ],
  "kills": [
    {
      "npcName": "Rock Crab",
      "amount": 9,
      "boss": false
    },
    {
      "npcName": "Armoured Zombie",
      "amount": 1,
      "boss": false
    },
    {
      "npcName": "Skeleton",
      "amount": 1,
      "boss": false
    },
    {
      "npcName": "Monkey Guard",
      "amount": 3,
      "boss": false
    },
    {
      "npcName": "Blue dragon",
      "amount": 1,
      "boss": false
    },
    {
      "npcName": "Green dragon",
      "amount": 24,
      "boss": false
    },
    {
      "npcName": "Slash Bash",
      "amount": 4,
      "boss": true
    },
    {
      "npcName": "Phoenix",
      "amount": 1,
      "boss": true
    },
    {
      "npcName": "Enormous Tentacle",
      "amount": 19,
      "boss": false
    },
    {
      "npcName": "Kraken",
      "amount": 5,
      "boss": true
    },
    {
      "npcName": "Skotizo",
      "amount": 1,
      "boss": true
    },
    {
      "npcName": "Tormented Demon",
      "amount": 3,
      "boss": true
    },
    {
      "npcName": "Lizardman Shaman",
      "amount": 1,
      "boss": true
    },
    {
      "npcName": "Frost dragon",
      "amount": 5,
      "boss": true
    },
    {
      "npcName": "Culinaromancer",
      "amount": 1,
      "boss": true
    }
  ],
  "drops": [
    {
      "item": 12158,
      "amount": 18,
      "rareDrop": false
    },
    {
      "item": 12163,
      "amount": 9,
      "rareDrop": false
    },
    {
      "item": 995,
      "amount": 34957567,
      "rareDrop": false
    },
    {
      "item": 985,
      "amount": 2,
      "rareDrop": false
    },
    {
      "item": 1625,
      "amount": 1,
      "rareDrop": false
    },
    {
      "item": 403,
      "amount": 3,
      "rareDrop": false
    },
    {
      "item": 454,
      "amount": 3,
      "rareDrop": false
    },
    {
      "item": 2485,
      "amount": 1,
      "rareDrop": false
    },
    {
      "item": 12160,
      "amount": 6,
      "rareDrop": false
    },
    {
      "item": 1621,
      "amount": 2,
      "rareDrop": false
    },
    {
      "item": 536,
      "amount": 25,
      "rareDrop": false
    },
    {
      "item": 1751,
      "amount": 1,
      "rareDrop": false
    },
    {
      "item": 1119,
      "amount": 1,
      "rareDrop": false
    },
    {
      "item": 1462,
      "amount": 1,
      "rareDrop": false
    },
    {
      "item": 987,
      "amount": 1,
      "rareDrop": false
    },
    {
      "item": 1753,
      "amount": 24,
      "rareDrop": false
    },
    {
      "item": 561,
      "amount": 11,
      "rareDrop": false
    },
    {
      "item": 1428,
      "amount": 2,
      "rareDrop": false
    },
    {
      "item": 1149,
      "amount": 1,
      "rareDrop": false
    },
    {
      "item": 1365,
      "amount": 2,
      "rareDrop": false
    },
    {
      "item": 1353,
      "amount": 3,
      "rareDrop": false
    },
    {
      "item": 554,
      "amount": 850,
      "rareDrop": false
    },
    {
      "item": 12159,
      "amount": 11,
      "rareDrop": false
    },
    {
      "item": 1460,
      "amount": 1,
      "rareDrop": false
    },
    {
      "item": 2366,
      "amount": 2,
      "rareDrop": false
    },
    {
      "item": 207,
      "amount": 1,
      "rareDrop": false
    },
    {
      "item": 203,
      "amount": 2,
      "rareDrop": false
    },
    {
      "item": 830,
      "amount": 1,
      "rareDrop": false
    },
    {
      "item": 1243,
      "amount": 1,
      "rareDrop": false
    },
    {
      "item": 201,
      "amount": 2,
      "rareDrop": false
    },
    {
      "item": 1446,
      "amount": 1,
      "rareDrop": false
    },
    {
      "item": 10564,
      "amount": 1,
      "rareDrop": false
    },
    {
      "item": 592,
      "amount": 4,
      "rareDrop": false
    },
    {
      "item": 1442,
      "amount": 1,
      "rareDrop": false
    },
    {
      "item": 386,
      "amount": 20,
      "rareDrop": false
    },
    {
      "item": 2361,
      "amount": 2,
      "rareDrop": false
    },
    {
      "item": 1114,
      "amount": 5,
      "rareDrop": false
    },
    {
      "item": 560,
      "amount": 100,
      "rareDrop": false
    },
    {
      "item": 209,
      "amount": 1,
      "rareDrop": false
    },
    {
      "item": 565,
      "amount": 700,
      "rareDrop": false
    },
    {
      "item": 208,
      "amount": 10,
      "rareDrop": false
    },
    {
      "item": 7114,
      "amount": 1,
      "rareDrop": false
    },
    {
      "item": 5304,
      "amount": 25,
      "rareDrop": false
    },
    {
      "item": 18830,
      "amount": 5,
      "rareDrop": false
    },
    {
      "item": 1123,
      "amount": 2,
      "rareDrop": false
    },
    {
      "item": 385,
      "amount": 1,
      "rareDrop": false
    },
    {
      "item": 1303,
      "amount": 1,
      "rareDrop": false
    },
    {
      "item": 205,
      "amount": 1,
      "rareDrop": false
    },
    {
      "item": 1355,
      "amount": 2,
      "rareDrop": false
    },
    {
      "item": 1623,
      "amount": 1,
      "rareDrop": false
    }
  ],
  "achievements-completion": [
    false,
    false,
    false,
    false,
    false,
    false,
    false,
    false,
    false,
    false,
    false,
    false,
    false,
    false,
    false,
    false,
    false,
    false,
    false,
    false,
    true,
    true,
    true,
    true,
    true,
    true,
    true,
    true,
    false,
    false,
    false,
    false,
    false,
    false,
    false,
    false,
    false,
    false,
    false,
    false,
    false,
    false,
    false,
    false,
    false,
    false,
    false,
    false,
    false,
    false,
    false,
    false,
    false,
    false,
    false,
    false,
    true,
    true,
    false,
    false,
    false,
    false,
    false,
    false,
    false,
    false,
    false,
    false,
    false,
    false,
    false,
    false,
    false,
    false,
    false,
    false,
    false,
    false,
    false,
    false,
    false,
    false,
    false,
    false,
    false,
    false,
    false,
    false,
    false,
    false,
    false,
    false,
    false,
    false,
    false,
    false,
    false,
    false,
    false,
    false,
    false
  ],
  "achievements-progress": [
    964,
    969,
    966,
    0,
    0,
    0,
    0,
    0,
    0,
    0,
    0,
    0,
    0,
    0,
    0,
    0,
    0,
    0,
    0,
    9,
    61,
    40650,
    46656,
    83736,
    0,
    0,
    0,
    0,
    0,
    0,
    0,
    0,
    0,
    0,
    0,
    0,
    0,
    0,
    0,
    9,
    61,
    0,
    0,
    40650,
    46656,
    83736,
    0,
    0,
    0,
    84,
    21,
    0,
    0
  ],
  "max-cape-colors": [
    65214,
    65200,
    65186,
    62995
  ],
  "comp-cape-colors": [
    65214,
    65200,
    65186,
    62995
  ],
  "player-title": "",
  "set-home": {
    "x": 2719,
    "y": 5313,
    "z": 0
  }
}