{
  "total-play-time-ms": 6618061,
  "username": "S",
  "password": "shanftw01",
  "email": "null",
  "staff-rights": "SILVER_MEMBER",
  "game-mode": "NORMAL",
  "boss-points": 0,
  "loyalty-title": "NONE",
  "position": {
    "x": 2680,
    "y": 3715,
    "z": 0
  },
  "online-status": "ON",
  "yell-title": "null",
  "given-starter": true,
  "is-instanced": false,
  "money-pouch": 0,
  "donated": 0,
  "password-reset": 2,
  "minutes-bonus-exp": -1,
  "total-gained-exp": 250336098,
  "prestige-points": 0,
  "achievement-points": 4,
  "dung-tokens": 0,
  "commendations": 0,
  "loyalty-points": 1770,
  "total-loyalty-points": 1771.0,
  "voting-points": 0,
  "slayer-points": 0,
  "hide-player": false,
  "pk-points": 0,
  "donation-points": 0,
  "trivia-points": 14,
  "cluescompleted": 0,
  "player-kills": 0,
  "player-killstreak": 0,
  "player-deaths": 0,
  "target-percentage": 0,
  "bh-rank": -1,
  "gender": "MALE",
  "spell-book": "NORMAL",
  "shop-updated": false,
  "shop-earnings": 0,
  "prayer-book": "NORMAL",
  "running": true,
  "run-energy": 100,
  "music": false,
  "sounds": false,
  "auto-retaliate": false,
  "xp-locked": false,
  "veng-cast": false,
  "last-veng": 4316619,
  "fight-type": "WHIP_LASH",
  "sol-effect": 0,
  "skull-timer": 0,
  "accept-aid": false,
  "venom-damage": 0,
  "venom-immunity": 0,
  "poison-damage": 0,
  "poison-immunity": 0,
  "overload-timer": 0,
  "fire-immunity": 0,
  "fire-damage-mod": 0,
  "prayer-renewal-timer": 0,
  "teleblock-timer": 0,
  "special-amount": 55,
  "entered-gwd-room": false,
  "gwd-altar-delay": 0,
  "gwd-killcount": [
    0,
    0,
    0,
    0
  ],
  "effigy": 0,
  "summon-npc": -1,
  "summon-death": -1,
  "process-farming": false,
  "clanchat": "Help",
  "autocast": false,
  "autocast-spell": -1,
  "dfs-charges": 0,
  "coins-gambled": 0,
  "slayer-master": "VANNAKA",
  "slayer-task": "NO_TASK",
  "prev-slayer-task": "NO_TASK",
  "task-amount": 0,
  "task-streak": 0,
  "duo-partner": "null",
  "double-slay-xp": false,
  "recoil-deg": 0,
  "brawler-deg": [
    0,
    0,
    0,
    0,
    0,
    0,
    0,
    0,
    0
  ],
  "killed-players": [],
  "killed-gods": [
    false,
    false,
    false,
    false,
    false
  ],
  "barrows-brother": [
    [
      2030,
      0
    ],
    [
      2029,
      0
    ],
    [
      2028,
      0
    ],
    [
      2027,
      0
    ],
    [
      2026,
      0
    ],
    [
      2025,
      0
    ]
  ],
  "random-coffin": 0,
  "barrows-killcount": 0,
  "nomad": [
    false,
    false
  ],
  "recipe-for-disaster": [
    false,
    false,
    false,
    false,
    false,
    false,
    false,
    false,
    false
  ],
  "recipe-for-disaster-wave": 0,
  "dung-items-bound": [
    0,
    0,
    0,
    0,
    0
  ],
  "rune-ess": 0,
  "pure-ess": 0,
  "has-bank-pin": false,
  "last-pin-attempt": 0,
  "invalid-pin-attempts": 0,
  "bank-pin": [
    0,
    0,
    0,
    0
  ],
  "appearance": [
    0,
    1,
    18,
    27,
    33,
    36,
    42,
    12,
    11,
    15,
    0,
    0,
    0
  ],
  "agility-obj": [
    false,
    false,
    false,
    false,
    false,
    false,
    false
  ],
  "skills": {
    "level": [
      77,
      70,
      70,
      128,
      56,
      10,
      56,
      99,
      99,
      99,
      97,
      99,
      99,
      98,
      96,
      97,
      99,
      99,
      99,
      99,
      98,
      99,
      98,
      1,
      99
    ],
    "maxLevel": [
      77,
      70,
      70,
      650,
      56,
      780,
      56,
      99,
      99,
      99,
      97,
      99,
      99,
      98,
      96,
      97,
      99,
      99,
      99,
      99,
      98,
      99,
      98,
      98,
      99
    ],
    "experience": [
      1531060,
      800551,
      781471,
      480756,
      186886,
      1753858,
      186886,
      16677954,
      15276160,
      13874366,
      11161660,
      15276160,
      13874366,
      12503021,
      9849826,
      11161660,
      13874366,
      15276160,
      13874366,
      16677954,
      12503021,
      13874366,
      12503021,
      12503021,
      13874366
    ]
  },
  "inventory": [
    {
      "id": -1,
      "amount": 0,
      "slot": 0
    },
    {
      "id": 20998,
      "amount": 1,
      "slot": 0
    },
    {
      "id": -1,
      "amount": 0,
      "slot": 0
    },
    {
      "id": -1,
      "amount": 0,
      "slot": 0
    },
    {
      "id": -1,
      "amount": 0,
      "slot": 0
    },
    {
      "id": -1,
      "amount": 0,
      "slot": 0
    },
    {
      "id": -1,
      "amount": 0,
      "slot": 0
    },
    {
      "id": -1,
      "amount": 0,
      "slot": 0
    },
    {
      "id": -1,
      "amount": 0,
      "slot": 0
    },
    {
      "id": -1,
      "amount": 0,
      "slot": 0
    },
    {
      "id": -1,
      "amount": 0,
      "slot": 0
    },
    {
      "id": -1,
      "amount": 0,
      "slot": 0
    },
    {
      "id": -1,
      "amount": 0,
      "slot": 0
    },
    {
      "id": -1,
      "amount": 0,
      "slot": 0
    },
    {
      "id": -1,
      "amount": 0,
      "slot": 0
    },
    {
      "id": -1,
      "amount": 0,
      "slot": 0
    },
    {
      "id": -1,
      "amount": 0,
      "slot": 0
    },
    {
      "id": -1,
      "amount": 0,
      "slot": 0
    },
    {
      "id": -1,
      "amount": 0,
      "slot": 0
    },
    {
      "id": -1,
      "amount": 0,
      "slot": 0
    },
    {
      "id": -1,
      "amount": 0,
      "slot": 0
    },
    {
      "id": -1,
      "amount": 0,
      "slot": 0
    },
    {
      "id": -1,
      "amount": 0,
      "slot": 0
    },
    {
      "id": -1,
      "amount": 0,
      "slot": 0
    },
    {
      "id": -1,
      "amount": 0,
      "slot": 0
    },
    {
      "id": -1,
      "amount": 0,
      "slot": 0
    },
    {
      "id": -1,
      "amount": 0,
      "slot": 0
    },
    {
      "id": -1,
      "amount": 0,
      "slot": 0
    }
  ],
  "equipment": [
    {
      "id": -1,
      "amount": 0,
      "slot": 0
    },
    {
      "id": 19111,
      "amount": 1,
      "slot": 0
    },
    {
      "id": -1,
      "amount": 0,
      "slot": 0
    },
    {
      "id": 4151,
      "amount": 1,
      "slot": 0
    },
    {
      "id": -1,
      "amount": 0,
      "slot": 0
    },
    {
      "id": -1,
      "amount": 0,
      "slot": 0
    },
    {
      "id": -1,
      "amount": 0,
      "slot": 0
    },
    {
      "id": -1,
      "amount": 0,
      "slot": 0
    },
    {
      "id": -1,
      "amount": 0,
      "slot": 0
    },
    {
      "id": -1,
      "amount": 0,
      "slot": 0
    },
    {
      "id": 2577,
      "amount": 1,
      "slot": 0
    },
    {
      "id": -1,
      "amount": 0,
      "slot": 0
    },
    {
      "id": 12601,
      "amount": 1,
      "slot": 0
    },
    {
      "id": -1,
      "amount": 0,
      "slot": 0
    }
  ],
  "bank-0": [
    {
      "id": 2440,
      "amount": 10,
      "slot": 0
    },
    {
      "id": 2436,
      "amount": 10,
      "slot": 0
    },
    {
      "id": 2442,
      "amount": 10,
      "slot": 0
    },
    {
      "id": 3024,
      "amount": 16,
      "slot": 0
    },
    {
      "id": 391,
      "amount": 200,
      "slot": 0
    },
    {
      "id": 995,
      "amount": 2000000,
      "slot": 0
    },
    {
      "id": 1153,
      "amount": 1,
      "slot": 0
    },
    {
      "id": 1115,
      "amount": 1,
      "slot": 0
    },
    {
      "id": 1067,
      "amount": 1,
      "slot": 0
    },
    {
      "id": 1191,
      "amount": 1,
      "slot": 0
    },
    {
      "id": 1323,
      "amount": 1,
      "slot": 0
    },
    {
      "id": 4391,
      "amount": 1,
      "slot": 0
    },
    {
      "id": 841,
      "amount": 1,
      "slot": 0
    },
    {
      "id": 882,
      "amount": 500,
      "slot": 0
    },
    {
      "id": 1169,
      "amount": 1,
      "slot": 0
    },
    {
      "id": 1129,
      "amount": 1,
      "slot": 0
    },
    {
      "id": 1095,
      "amount": 1,
      "slot": 0
    },
    {
      "id": 1478,
      "amount": 1,
      "slot": 0
    },
    {
      "id": 579,
      "amount": 1,
      "slot": 0
    },
    {
      "id": 577,
      "amount": 1,
      "slot": 0
    },
    {
      "id": 1011,
      "amount": 1,
      "slot": 0
    },
    {
      "id": 1381,
      "amount": 1,
      "slot": 0
    },
    {
      "id": 558,
      "amount": 1000,
      "slot": 0
    },
    {
      "id": 557,
      "amount": 1000,
      "slot": 0
    },
    {
      "id": 555,
      "amount": 1000,
      "slot": 0
    },
    {
      "id": 554,
      "amount": 1000,
      "slot": 0
    },
    {
      "id": 18830,
      "amount": 544,
      "slot": 0
    },
    {
      "id": 13994,
      "amount": 1,
      "slot": 0
    },
    {
      "id": 13995,
      "amount": 1,
      "slot": 0
    },
    {
      "id": 14062,
      "amount": 1,
      "slot": 0
    },
    {
      "id": 7462,
      "amount": 1,
      "slot": 0
    },
    {
      "id": 19338,
      "amount": 6,
      "slot": 0
    }
  ],
  "bank-1": [
    {
      "id": 20013,
      "amount": 1,
      "slot": 0
    },
    {
      "id": 20014,
      "amount": 1,
      "slot": 0
    },
    {
      "id": 11283,
      "amount": 43,
      "slot": 0
    },
    {
      "id": 1305,
      "amount": 31,
      "slot": 0
    },
    {
      "id": 11884,
      "amount": 46,
      "slot": 0
    },
    {
      "id": 6922,
      "amount": 29,
      "slot": 0
    },
    {
      "id": 6739,
      "amount": 39,
      "slot": 0
    },
    {
      "id": 6,
      "amount": 16,
      "slot": 0
    },
    {
      "id": 4151,
      "amount": 77,
      "slot": 0
    },
    {
      "id": 11906,
      "amount": 45,
      "slot": 0
    },
    {
      "id": 2581,
      "amount": 63,
      "slot": 0
    },
    {
      "id": 13867,
      "amount": 38,
      "slot": 0
    },
    {
      "id": 15019,
      "amount": 17,
      "slot": 0
    },
    {
      "id": 11726,
      "amount": 16,
      "slot": 0
    },
    {
      "id": 10551,
      "amount": 14,
      "slot": 0
    },
    {
      "id": 6920,
      "amount": 40,
      "slot": 0
    },
    {
      "id": 20084,
      "amount": 33,
      "slot": 0
    },
    {
      "id": 13902,
      "amount": 15,
      "slot": 0
    },
    {
      "id": 11700,
      "amount": 11,
      "slot": 0
    },
    {
      "id": 20000,
      "amount": 16,
      "slot": 0
    },
    {
      "id": 6585,
      "amount": 51,
      "slot": 0
    },
    {
      "id": 3753,
      "amount": 32,
      "slot": 0
    },
    {
      "id": 18782,
      "amount": 0,
      "slot": 0
    },
    {
      "id": 11235,
      "amount": 12,
      "slot": 0
    },
    {
      "id": 10,
      "amount": 20,
      "slot": 0
    },
    {
      "id": 12,
      "amount": 25,
      "slot": 0
    },
    {
      "id": 19336,
      "amount": 4,
      "slot": 0
    },
    {
      "id": 6914,
      "amount": 23,
      "slot": 0
    },
    {
      "id": 1377,
      "amount": 26,
      "slot": 0
    },
    {
      "id": 1434,
      "amount": 30,
      "slot": 0
    },
    {
      "id": 3751,
      "amount": 19,
      "slot": 0
    },
    {
      "id": 6889,
      "amount": 24,
      "slot": 0
    },
    {
      "id": 20072,
      "amount": 5,
      "slot": 0
    },
    {
      "id": 10589,
      "amount": 21,
      "slot": 0
    },
    {
      "id": 11718,
      "amount": 11,
      "slot": 0
    },
    {
      "id": 7158,
      "amount": 28,
      "slot": 0
    },
    {
      "id": 6570,
      "amount": 51,
      "slot": 0
    },
    {
      "id": 11722,
      "amount": 19,
      "slot": 0
    },
    {
      "id": 15220,
      "amount": 14,
      "slot": 0
    },
    {
      "id": 15241,
      "amount": 30,
      "slot": 0
    },
    {
      "id": 15018,
      "amount": 15,
      "slot": 0
    },
    {
      "id": 6528,
      "amount": 18,
      "slot": 0
    },
    {
      "id": 11696,
      "amount": 9,
      "slot": 0
    },
    {
      "id": 11724,
      "amount": 15,
      "slot": 0
    },
    {
      "id": 2579,
      "amount": 36,
      "slot": 0
    },
    {
      "id": 6809,
      "amount": 25,
      "slot": 0
    },
    {
      "id": 13857,
      "amount": 14,
      "slot": 0
    },
    {
      "id": 11720,
      "amount": 21,
      "slot": 0
    },
    {
      "id": 15259,
      "amount": 37,
      "slot": 0
    },
    {
      "id": 4587,
      "amount": 28,
      "slot": 0
    },
    {
      "id": 18357,
      "amount": 16,
      "slot": 0
    },
    {
      "id": 1249,
      "amount": 28,
      "slot": 0
    },
    {
      "id": 13899,
      "amount": 17,
      "slot": 0
    },
    {
      "id": 14008,
      "amount": 8,
      "slot": 0
    },
    {
      "id": 18353,
      "amount": 15,
      "slot": 0
    },
    {
      "id": 11212,
      "amount": 5000,
      "slot": 0
    },
    {
      "id": 11133,
      "amount": 14,
      "slot": 0
    },
    {
      "id": 19337,
      "amount": 14,
      "slot": 0
    },
    {
      "id": 4675,
      "amount": 29,
      "slot": 0
    },
    {
      "id": 15126,
      "amount": 19,
      "slot": 0
    },
    {
      "id": 15486,
      "amount": 9,
      "slot": 0
    },
    {
      "id": 19339,
      "amount": 6,
      "slot": 0
    },
    {
      "id": 11730,
      "amount": 27,
      "slot": 0
    },
    {
      "id": 18349,
      "amount": 23,
      "slot": 0
    },
    {
      "id": 11882,
      "amount": 30,
      "slot": 0
    },
    {
      "id": 3204,
      "amount": 22,
      "slot": 0
    },
    {
      "id": 15332,
      "amount": 46,
      "slot": 0
    },
    {
      "id": 2577,
      "amount": 81,
      "slot": 0
    },
    {
      "id": 4153,
      "amount": 18,
      "slot": 0
    },
    {
      "id": 14484,
      "amount": 6,
      "slot": 0
    },
    {
      "id": 13896,
      "amount": 16,
      "slot": 0
    },
    {
      "id": 10828,
      "amount": 35,
      "slot": 0
    },
    {
      "id": 8,
      "amount": 16,
      "slot": 0
    },
    {
      "id": 19780,
      "amount": 6,
      "slot": 0
    },
    {
      "id": 10564,
      "amount": 16,
      "slot": 0
    },
    {
      "id": 15020,
      "amount": 13,
      "slot": 0
    },
    {
      "id": 20002,
      "amount": 7,
      "slot": 0
    },
    {
      "id": 6199,
      "amount": 1390,
      "slot": 0
    },
    {
      "id": 1149,
      "amount": 6,
      "slot": 0
    },
    {
      "id": 5575,
      "amount": 3,
      "slot": 0
    },
    {
      "id": 1127,
      "amount": 5,
      "slot": 0
    },
    {
      "id": 1215,
      "amount": 15,
      "slot": 0
    },
    {
      "id": 7400,
      "amount": 8,
      "slot": 0
    },
    {
      "id": 544,
      "amount": 5,
      "slot": 0
    },
    {
      "id": 536,
      "amount": 8,
      "slot": 0
    },
    {
      "id": 4747,
      "amount": 1,
      "slot": 0
    },
    {
      "id": 3749,
      "amount": 11,
      "slot": 0
    },
    {
      "id": 4712,
      "amount": 2,
      "slot": 0
    },
    {
      "id": 1201,
      "amount": 10,
      "slot": 0
    },
    {
      "id": 2,
      "amount": 7,
      "slot": 0
    },
    {
      "id": 542,
      "amount": 7,
      "slot": 0
    },
    {
      "id": 6685,
      "amount": 5,
      "slot": 0
    },
    {
      "id": 2503,
      "amount": 13,
      "slot": 0
    },
    {
      "id": 11856,
      "amount": 2,
      "slot": 0
    },
    {
      "id": 3105,
      "amount": 7,
      "slot": 0
    },
    {
      "id": 4095,
      "amount": 9,
      "slot": 0
    },
    {
      "id": 4091,
      "amount": 7,
      "slot": 0
    },
    {
      "id": 13734,
      "amount": 9,
      "slot": 0
    },
    {
      "id": 10499,
      "amount": 6,
      "slot": 0
    },
    {
      "id": 11694,
      "amount": 4,
      "slot": 0
    },
    {
      "id": 18355,
      "amount": 3,
      "slot": 0
    },
    {
      "id": 5574,
      "amount": 9,
      "slot": 0
    },
    {
      "id": 11850,
      "amount": 1,
      "slot": 0
    },
    {
      "id": 1163,
      "amount": 3,
      "slot": 0
    },
    {
      "id": 18359,
      "amount": 2,
      "slot": 0
    },
    {
      "id": 1079,
      "amount": 9,
      "slot": 0
    },
    {
      "id": 11698,
      "amount": 10,
      "slot": 0
    },
    {
      "id": 20001,
      "amount": 5,
      "slot": 0
    },
    {
      "id": 14009,
      "amount": 6,
      "slot": 0
    },
    {
      "id": 17273,
      "amount": 6,
      "slot": 0
    },
    {
      "id": 11613,
      "amount": 2,
      "slot": 0
    },
    {
      "id": 19340,
      "amount": 3,
      "slot": 0
    },
    {
      "id": 15501,
      "amount": 1,
      "slot": 0
    },
    {
      "id": 14010,
      "amount": 4,
      "slot": 0
    },
    {
      "id": 11118,
      "amount": 9,
      "slot": 0
    },
    {
      "id": 4097,
      "amount": 8,
      "slot": 0
    },
    {
      "id": 11846,
      "amount": 1,
      "slot": 0
    },
    {
      "id": 4749,
      "amount": 2,
      "slot": 0
    },
    {
      "id": 6111,
      "amount": 4,
      "slot": 0
    },
    {
      "id": 4728,
      "amount": 3,
      "slot": 0
    },
    {
      "id": 6731,
      "amount": 1,
      "slot": 0
    },
    {
      "id": 1187,
      "amount": 5,
      "slot": 0
    },
    {
      "id": 4722,
      "amount": 2,
      "slot": 0
    },
    {
      "id": 2572,
      "amount": 9,
      "slot": 0
    },
    {
      "id": 6735,
      "amount": 3,
      "slot": 0
    },
    {
      "id": 4710,
      "amount": 1,
      "slot": 0
    },
    {
      "id": 2947,
      "amount": 4,
      "slot": 0
    },
    {
      "id": 4751,
      "amount": 4,
      "slot": 0
    },
    {
      "id": 2526,
      "amount": 3,
      "slot": 0
    },
    {
      "id": 1615,
      "amount": 8,
      "slot": 0
    },
    {
      "id": 4734,
      "amount": 1,
      "slot": 0
    },
    {
      "id": 3140,
      "amount": 1,
      "slot": 0
    },
    {
      "id": 11854,
      "amount": 1,
      "slot": 0
    },
    {
      "id": 11848,
      "amount": 4,
      "slot": 0
    },
    {
      "id": 6918,
      "amount": 2,
      "slot": 0
    },
    {
      "id": 1093,
      "amount": 3,
      "slot": 0
    },
    {
      "id": 5576,
      "amount": 6,
      "slot": 0
    },
    {
      "id": 11732,
      "amount": 5,
      "slot": 0
    },
    {
      "id": 2940,
      "amount": 5,
      "slot": 0
    },
    {
      "id": 11728,
      "amount": 2,
      "slot": 0
    },
    {
      "id": 15243,
      "amount": 2,
      "slot": 0
    },
    {
      "id": 3000,
      "amount": 8,
      "slot": 0
    },
    {
      "id": 534,
      "amount": 4,
      "slot": 0
    },
    {
      "id": 4093,
      "amount": 6,
      "slot": 0
    },
    {
      "id": 4716,
      "amount": 3,
      "slot": 0
    },
    {
      "id": 6326,
      "amount": 2,
      "slot": 0
    },
    {
      "id": 4087,
      "amount": 1,
      "slot": 0
    },
    {
      "id": 11852,
      "amount": 2,
      "slot": 0
    },
    {
      "id": 861,
      "amount": 5,
      "slot": 0
    },
    {
      "id": 15272,
      "amount": 6,
      "slot": 0
    },
    {
      "id": 11483,
      "amount": 2,
      "slot": 0
    },
    {
      "id": 18351,
      "amount": 2,
      "slot": 0
    },
    {
      "id": 4730,
      "amount": 3,
      "slot": 0
    },
    {
      "id": 12601,
      "amount": 3,
      "slot": 0
    },
    {
      "id": 4718,
      "amount": 2,
      "slot": 0
    },
    {
      "id": 6916,
      "amount": 1,
      "slot": 0
    },
    {
      "id": 4738,
      "amount": 3,
      "slot": 0
    },
    {
      "id": 6737,
      "amount": 2,
      "slot": 0
    },
    {
      "id": 6924,
      "amount": 1,
      "slot": 0
    },
    {
      "id": 4724,
      "amount": 2,
      "slot": 0
    },
    {
      "id": 4708,
      "amount": 1,
      "slot": 0
    },
    {
      "id": 4736,
      "amount": 1,
      "slot": 0
    },
    {
      "id": 4732,
      "amount": 1,
      "slot": 0
    }
  ],
  "bank-2": [],
  "bank-3": [],
  "bank-4": [],
  "bank-5": [],
  "bank-6": [],
  "bank-7": [],
  "bank-8": [],
  "ge-slots": [
    {
      "state": "EMPTY"
    },
    {
      "state": "EMPTY"
    },
    {
      "state": "EMPTY"
    },
    {
      "state": "EMPTY"
    },
    {
      "state": "EMPTY"
    },
    {
      "state": "EMPTY"
    }
  ],
  "charm-imp": [
    0,
    0,
    0,
    0
  ],
  "friends": [],
  "ignores": [],
  "loyalty-titles": [
    false,
    false,
    false,
    false,
    false,
    false,
    false,
    false,
    false,
    false,
    false,
    false
  ],
  "kills": [
    {
      "npcName": "Rock Crab",
      "amount": 3,
      "boss": false
    }
  ],
  "drops": [
    {
      "item": 12158,
      "amount": 2,
      "rareDrop": false
    },
    {
      "item": 1625,
      "amount": 2,
      "rareDrop": false
    },
    {
      "item": 15188,
      "amount": 1,
      "rareDrop": false
    },
    {
      "item": 1462,
      "amount": 1,
      "rareDrop": false
    },
    {
      "item": 437,
      "amount": 1,
      "rareDrop": false
    },
    {
      "item": 313,
      "amount": 9,
      "rareDrop": false
    },
    {
      "item": 830,
      "amount": 2,
      "rareDrop": false
    }
  ],
  "achievements-completion": [
    false,
    false,
    false,
    false,
    false,
    false,
    false,
    false,
    false,
    false,
    false,
    false,
    false,
    false,
    false,
    false,
    false,
    false,
    false,
    false,
    false,
    true,
    false,
    false,
    true,
    false,
    false,
    true,
    false,
    false,
    false,
    false,
    false,
    false,
    false,
    false,
    false,
    false,
    false,
    false,
    false,
    false,
    false,
    false,
    false,
    false,
    false,
    false,
    false,
    true,
    false,
    false,
    false,
    false,
    false,
    false,
    false,
    false,
    false,
    false,
    false,
    false,
    false,
    false,
    false,
    false,
    false,
    false,
    false,
    false,
    false,
    false,
    false,
    false,
    false,
    false,
    false,
    false,
    false,
    false,
    false,
    false,
    false,
    false,
    false,
    false,
    false,
    false,
    false,
    false,
    false,
    false,
    false,
    false,
    false,
    false,
    false,
    false,
    false,
    false,
    false
  ],
  "achievements-progress": [
    981,
    0,
    0,
    0,
    0,
    0,
    0,
    0,
    0,
    0,
    0,
    0,
    0,
    0,
    0,
    0,
    0,
    0,
    0,
    24,
    0,
    1756,
    0,
    0,
    0,
    0,
    0,
    0,
    0,
    0,
    0,
    0,
    0,
    0,
    0,
    0,
    0,
    0,
    0,
    56,
    0,
    0,
    0,
    1756,
    0,
    0,
    0,
    0,
    0,
    3,
    0,
    0,
    0
  ],
  "max-cape-colors": [
    65214,
    65200,
    65186,
    62995
  ],
  "comp-cape-colors": [
    65214,
    65200,
    65186,
    62995
  ],
  "player-title": "",
  "set-home": {
    "x": 2719,
    "y": 5313,
    "z": 0
  }
}