{
  "total-play-time-ms": 273153371,
  "username": "Ace",
  "password": "password094",
  "email": "null",
  "staff-rights": "DEVELOPER",
  "game-mode": "NORMAL",
  "boss-points": 31,
  "loyalty-title": "NONE",
  "position": {
    "x": 2714,
    "y": 5317,
    "z": 0
  },
  "online-status": "ON",
  "yell-title": "Owner",
  "given-starter": true,
  "is-instanced": false,
  "money-pouch": 1001676484325,
  "donated": 0,
  "password-reset": 2,
  "minutes-bonus-exp": -1,
  "total-gained-exp": 0,
  "prestige-points": 85462511,
  "achievement-points": 5,
  "dung-tokens": 851232518,
  "commendations": 518546222,
  "loyalty-points": 225230536,
  "total-loyalty-points": 2.25230539E8,
  "voting-points": 321654987,
  "slayer-points": 321515155,
  "hide-player": false,
  "pk-points": 321654943,
  "donation-points": 0,
  "trivia-points": 321654981,
  "cluescompleted": 0,
  "player-kills": 0,
  "player-killstreak": 0,
  "player-deaths": 0,
  "target-percentage": 100,
  "bh-rank": 0,
  "gender": "MALE",
  "spell-book": "NORMAL",
  "shop-updated": false,
  "shop-earnings": 0,
  "prayer-book": "NORMAL",
  "running": true,
  "run-energy": 100,
  "music": false,
  "sounds": false,
  "auto-retaliate": true,
  "xp-locked": true,
  "veng-cast": false,
  "last-veng": 1518743493376,
  "fight-type": "SHORTBOW_RAPID",
  "sol-effect": 0,
  "skull-timer": 0,
  "accept-aid": false,
  "venom-damage": 0,
  "venom-immunity": 0,
  "poison-damage": 0,
  "poison-immunity": 0,
  "overload-timer": 0,
  "fire-immunity": 0,
  "fire-damage-mod": 0,
  "prayer-renewal-timer": 0,
  "teleblock-timer": 0,
  "special-amount": 100,
  "entered-gwd-room": false,
  "gwd-altar-delay": 0,
  "gwd-killcount": [
    0,
    0,
    0,
    0
  ],
  "effigy": 0,
  "summon-npc": -1,
  "summon-death": -1,
  "process-farming": false,
  "clanchat": "Help",
  "autocast": false,
  "autocast-spell": -1,
  "dfs-charges": 0,
  "coins-gambled": 0,
  "slayer-master": "DURADEL",
  "slayer-task": "NO_TASK",
  "prev-slayer-task": "NO_TASK",
  "task-amount": 0,
  "task-streak": 0,
  "duo-partner": "null",
  "double-slay-xp": false,
  "recoil-deg": 0,
  "brawler-deg": [
    0,
    0,
    0,
    0,
    0,
    0,
    0,
    0,
    0
  ],
  "killed-players": [],
  "killed-gods": [
    false,
    false,
    false,
    false,
    false
  ],
  "barrows-brother": [
    [
      2030,
      0
    ],
    [
      2029,
      0
    ],
    [
      2028,
      0
    ],
    [
      2027,
      0
    ],
    [
      2026,
      0
    ],
    [
      2025,
      0
    ]
  ],
  "random-coffin": 0,
  "barrows-killcount": 0,
  "nomad": [
    false,
    false
  ],
  "recipe-for-disaster": [
    false,
    false,
    false,
    false,
    false,
    false,
    false,
    false,
    false
  ],
  "recipe-for-disaster-wave": 0,
  "dung-items-bound": [
    0,
    0,
    0,
    0,
    0
  ],
  "rune-ess": 0,
  "pure-ess": 0,
  "has-bank-pin": false,
  "last-pin-attempt": 0,
  "invalid-pin-attempts": 0,
  "bank-pin": [
    0,
    0,
    0,
    0
  ],
  "appearance": [
    0,
    0,
    18,
    26,
    33,
    36,
    42,
    14,
    0,
    0,
    0,
    0,
    0
  ],
  "agility-obj": [
    false,
    false,
    false,
    false,
    false,
    false,
    false
  ],
  "skills": {
    "level": [
      99,
      99,
      99,
      142605,
      99,
      9396,
      9999,
      99,
      99,
      99,
      99,
      99,
      99,
      99,
      99,
      99,
      99,
      99,
      99,
      99,
      99,
      99,
      99,
      99,
      99
    ],
    "maxLevel": [
      99,
      99,
      99,
      999,
      99,
      9999,
      9999,
      99,
      99,
      99,
      99,
      99,
      99,
      99,
      99,
      99,
      99,
      99,
      99,
      99,
      99,
      99,
      99,
      99,
      99
    ],
    "experience": [
      13034431,
      13034431,
      13034431,
      536870911,
      13034431,
      536870911,
      536870911,
      13034431,
      13034431,
      13034431,
      13034431,
      13034431,
      13034431,
      13034431,
      13034431,
      13034431,
      13034431,
      13034431,
      13034431,
      13034431,
      13034431,
      13034431,
      13034431,
      13034431,
      13034431
    ]
  },
  "inventory": [
    {
      "id": 11212,
      "amount": 1,
      "slot": 0
    },
    {
      "id": -1,
      "amount": 0,
      "slot": 0
    },
    {
      "id": -1,
      "amount": 0,
      "slot": 0
    },
    {
      "id": -1,
      "amount": 0,
      "slot": 0
    },
    {
      "id": -1,
      "amount": 0,
      "slot": 0
    },
    {
      "id": -1,
      "amount": 0,
      "slot": 0
    },
    {
      "id": -1,
      "amount": 0,
      "slot": 0
    },
    {
      "id": -1,
      "amount": 0,
      "slot": 0
    },
    {
      "id": -1,
      "amount": 0,
      "slot": 0
    },
    {
      "id": -1,
      "amount": 0,
      "slot": 0
    },
    {
      "id": -1,
      "amount": 0,
      "slot": 0
    },
    {
      "id": -1,
      "amount": 0,
      "slot": 0
    },
    {
      "id": -1,
      "amount": 0,
      "slot": 0
    },
    {
      "id": -1,
      "amount": 0,
      "slot": 0
    },
    {
      "id": -1,
      "amount": 0,
      "slot": 0
    },
    {
      "id": -1,
      "amount": 0,
      "slot": 0
    },
    {
      "id": -1,
      "amount": 0,
      "slot": 0
    },
    {
      "id": -1,
      "amount": 0,
      "slot": 0
    },
    {
      "id": -1,
      "amount": 0,
      "slot": 0
    },
    {
      "id": -1,
      "amount": 0,
      "slot": 0
    },
    {
      "id": -1,
      "amount": 0,
      "slot": 0
    },
    {
      "id": -1,
      "amount": 0,
      "slot": 0
    },
    {
      "id": -1,
      "amount": 0,
      "slot": 0
    },
    {
      "id": -1,
      "amount": 0,
      "slot": 0
    },
    {
      "id": -1,
      "amount": 0,
      "slot": 0
    },
    {
      "id": -1,
      "amount": 0,
      "slot": 0
    },
    {
      "id": -1,
      "amount": 0,
      "slot": 0
    },
    {
      "id": -1,
      "amount": 0,
      "slot": 0
    }
  ],
  "equipment": [
    {
      "id": 20013,
      "amount": 1,
      "slot": 0
    },
    {
      "id": 14022,
      "amount": 1,
      "slot": 0
    },
    {
      "id": 17291,
      "amount": 1,
      "slot": 0
    },
    {
      "id": 6724,
      "amount": 1,
      "slot": 0
    },
    {
      "id": 20014,
      "amount": 1,
      "slot": 0
    },
    {
      "id": -1,
      "amount": 0,
      "slot": 0
    },
    {
      "id": -1,
      "amount": 0,
      "slot": 0
    },
    {
      "id": 14062,
      "amount": 1,
      "slot": 0
    },
    {
      "id": -1,
      "amount": 0,
      "slot": 0
    },
    {
      "id": 13994,
      "amount": 1,
      "slot": 0
    },
    {
      "id": 13995,
      "amount": 1,
      "slot": 0
    },
    {
      "id": -1,
      "amount": 0,
      "slot": 0
    },
    {
      "id": 12601,
      "amount": 1,
      "slot": 0
    },
    {
      "id": 15243,
      "amount": 251,
      "slot": 0
    }
  ],
  "bank-0": [
    {
      "id": 2440,
      "amount": 97,
      "slot": 0
    },
    {
      "id": 2436,
      "amount": 97,
      "slot": 0
    },
    {
      "id": 2442,
      "amount": 142,
      "slot": 0
    },
    {
      "id": 2444,
      "amount": 45,
      "slot": 0
    },
    {
      "id": 3024,
      "amount": 210,
      "slot": 0
    },
    {
      "id": 391,
      "amount": 819,
      "slot": 0
    },
    {
      "id": 1153,
      "amount": 1,
      "slot": 0
    },
    {
      "id": 1115,
      "amount": 1,
      "slot": 0
    },
    {
      "id": 1067,
      "amount": 1,
      "slot": 0
    },
    {
      "id": 1191,
      "amount": 1,
      "slot": 0
    },
    {
      "id": 1323,
      "amount": 1,
      "slot": 0
    },
    {
      "id": 4391,
      "amount": 1,
      "slot": 0
    },
    {
      "id": 841,
      "amount": 1,
      "slot": 0
    },
    {
      "id": 882,
      "amount": 476,
      "slot": 0
    },
    {
      "id": 1169,
      "amount": 1,
      "slot": 0
    },
    {
      "id": 1129,
      "amount": 1,
      "slot": 0
    },
    {
      "id": 1095,
      "amount": 1,
      "slot": 0
    },
    {
      "id": 1478,
      "amount": 1,
      "slot": 0
    },
    {
      "id": 579,
      "amount": 1,
      "slot": 0
    },
    {
      "id": 577,
      "amount": 1,
      "slot": 0
    },
    {
      "id": 1011,
      "amount": 1,
      "slot": 0
    },
    {
      "id": 1381,
      "amount": 1,
      "slot": 0
    },
    {
      "id": 558,
      "amount": 1000,
      "slot": 0
    },
    {
      "id": 557,
      "amount": 1000,
      "slot": 0
    },
    {
      "id": 555,
      "amount": 2488,
      "slot": 0
    },
    {
      "id": 554,
      "amount": 1446,
      "slot": 0
    },
    {
      "id": 10828,
      "amount": 1,
      "slot": 0
    },
    {
      "id": 1127,
      "amount": 1,
      "slot": 0
    },
    {
      "id": 1079,
      "amount": 1,
      "slot": 0
    },
    {
      "id": 4131,
      "amount": 3,
      "slot": 0
    },
    {
      "id": 985,
      "amount": 0,
      "slot": 0
    },
    {
      "id": 888,
      "amount": 1200,
      "slot": 0
    },
    {
      "id": 6,
      "amount": 1,
      "slot": 0
    },
    {
      "id": 12,
      "amount": 1,
      "slot": 0
    },
    {
      "id": 10,
      "amount": 1,
      "slot": 0
    },
    {
      "id": 8,
      "amount": 1,
      "slot": 0
    },
    {
      "id": 4587,
      "amount": 1,
      "slot": 0
    },
    {
      "id": 9244,
      "amount": 803,
      "slot": 0
    },
    {
      "id": 11118,
      "amount": 1,
      "slot": 0
    },
    {
      "id": 6568,
      "amount": 1,
      "slot": 0
    },
    {
      "id": 10499,
      "amount": 0,
      "slot": 0
    },
    {
      "id": 9185,
      "amount": 1,
      "slot": 0
    },
    {
      "id": 2491,
      "amount": 1,
      "slot": 0
    },
    {
      "id": 9144,
      "amount": 916,
      "slot": 0
    },
    {
      "id": 6328,
      "amount": 0,
      "slot": 0
    },
    {
      "id": 989,
      "amount": 0,
      "slot": 0
    },
    {
      "id": 565,
      "amount": 1400,
      "slot": 0
    },
    {
      "id": 1969,
      "amount": 1,
      "slot": 0
    },
    {
      "id": 163,
      "amount": 9,
      "slot": 0
    },
    {
      "id": 171,
      "amount": 2,
      "slot": 0
    },
    {
      "id": 3028,
      "amount": 7,
      "slot": 0
    },
    {
      "id": 556,
      "amount": 9902,
      "slot": 0
    },
    {
      "id": 1365,
      "amount": 1,
      "slot": 0
    },
    {
      "id": 536,
      "amount": 164,
      "slot": 0
    },
    {
      "id": 3030,
      "amount": 5,
      "slot": 0
    },
    {
      "id": 145,
      "amount": 8,
      "slot": 0
    },
    {
      "id": 157,
      "amount": 8,
      "slot": 0
    },
    {
      "id": 560,
      "amount": 1121,
      "slot": 0
    },
    {
      "id": 15272,
      "amount": 22,
      "slot": 0
    },
    {
      "id": 11732,
      "amount": 1,
      "slot": 0
    },
    {
      "id": 7946,
      "amount": 3,
      "slot": 0
    },
    {
      "id": 5667,
      "amount": 40,
      "slot": 0
    },
    {
      "id": 167,
      "amount": 4,
      "slot": 0
    },
    {
      "id": 149,
      "amount": 3,
      "slot": 0
    },
    {
      "id": 161,
      "amount": 3,
      "slot": 0
    },
    {
      "id": 532,
      "amount": 168,
      "slot": 0
    },
    {
      "id": 892,
      "amount": 1033,
      "slot": 0
    },
    {
      "id": 1215,
      "amount": 1,
      "slot": 0
    },
    {
      "id": 9341,
      "amount": 223,
      "slot": 0
    },
    {
      "id": 139,
      "amount": 7,
      "slot": 0
    },
    {
      "id": 562,
      "amount": 1254,
      "slot": 0
    },
    {
      "id": 5954,
      "amount": 130,
      "slot": 0
    },
    {
      "id": 6529,
      "amount": 2225,
      "slot": 0
    },
    {
      "id": 165,
      "amount": 3,
      "slot": 0
    },
    {
      "id": 229,
      "amount": 5,
      "slot": 0
    },
    {
      "id": 563,
      "amount": 34,
      "slot": 0
    },
    {
      "id": 385,
      "amount": 26,
      "slot": 0
    },
    {
      "id": 1580,
      "amount": 3,
      "slot": 0
    },
    {
      "id": 15317,
      "amount": 3,
      "slot": 0
    },
    {
      "id": 159,
      "amount": 1,
      "slot": 0
    },
    {
      "id": 147,
      "amount": 1,
      "slot": 0
    },
    {
      "id": 4153,
      "amount": 1,
      "slot": 0
    },
    {
      "id": 173,
      "amount": 2,
      "slot": 0
    },
    {
      "id": 561,
      "amount": 601,
      "slot": 0
    },
    {
      "id": 995,
      "amount": 2460000,
      "slot": 0
    },
    {
      "id": 1077,
      "amount": 1,
      "slot": 0
    },
    {
      "id": 1623,
      "amount": 206,
      "slot": 0
    },
    {
      "id": 1704,
      "amount": 0,
      "slot": 0
    },
    {
      "id": 12601,
      "amount": 0,
      "slot": 0
    },
    {
      "id": 4636,
      "amount": 2,
      "slot": 0
    },
    {
      "id": 15670,
      "amount": 1,
      "slot": 0
    },
    {
      "id": 15671,
      "amount": 1,
      "slot": 0
    },
    {
      "id": 4686,
      "amount": 2,
      "slot": 0
    },
    {
      "id": 4666,
      "amount": 2,
      "slot": 0
    },
    {
      "id": 4672,
      "amount": 2,
      "slot": 0
    },
    {
      "id": 4659,
      "amount": 3,
      "slot": 0
    },
    {
      "id": 4669,
      "amount": 2,
      "slot": 0
    },
    {
      "id": 4679,
      "amount": 3,
      "slot": 0
    },
    {
      "id": 4681,
      "amount": 1,
      "slot": 0
    },
    {
      "id": 4673,
      "amount": 1,
      "slot": 0
    },
    {
      "id": 4675,
      "amount": 1,
      "slot": 0
    },
    {
      "id": 14018,
      "amount": 1,
      "slot": 0
    },
    {
      "id": 12278,
      "amount": 2,
      "slot": 0
    },
    {
      "id": 13740,
      "amount": 1,
      "slot": 0
    },
    {
      "id": 12927,
      "amount": 2,
      "slot": 0
    },
    {
      "id": 15241,
      "amount": 1,
      "slot": 0
    },
    {
      "id": 1205,
      "amount": 1,
      "slot": 0
    },
    {
      "id": 12282,
      "amount": 12,
      "slot": 0
    }
  ],
  "bank-1": [
    {
      "id": 3488,
      "amount": 3,
      "slot": 0
    },
    {
      "id": 7936,
      "amount": 500,
      "slot": 0
    },
    {
      "id": 3486,
      "amount": 1,
      "slot": 0
    },
    {
      "id": 3481,
      "amount": 1,
      "slot": 0
    },
    {
      "id": 2673,
      "amount": 1,
      "slot": 0
    },
    {
      "id": 2669,
      "amount": 1,
      "slot": 0
    },
    {
      "id": 9005,
      "amount": 1,
      "slot": 0
    },
    {
      "id": 7332,
      "amount": 1,
      "slot": 0
    },
    {
      "id": 2631,
      "amount": 1,
      "slot": 0
    },
    {
      "id": 7394,
      "amount": 1,
      "slot": 0
    },
    {
      "id": 2633,
      "amount": 1,
      "slot": 0
    }
  ],
  "bank-2": [
    {
      "id": 6194,
      "amount": 8,
      "slot": 0
    },
    {
      "id": 11730,
      "amount": 2,
      "slot": 0
    },
    {
      "id": 13239,
      "amount": 1,
      "slot": 0
    },
    {
      "id": 13890,
      "amount": 1,
      "slot": 0
    },
    {
      "id": 13884,
      "amount": 1,
      "slot": 0
    },
    {
      "id": 13896,
      "amount": 1,
      "slot": 0
    },
    {
      "id": 13873,
      "amount": 1,
      "slot": 0
    },
    {
      "id": 13870,
      "amount": 1,
      "slot": 0
    },
    {
      "id": 13876,
      "amount": 1,
      "slot": 0
    },
    {
      "id": 13893,
      "amount": 1,
      "slot": 0
    },
    {
      "id": 18778,
      "amount": 6,
      "slot": 0
    },
    {
      "id": 10551,
      "amount": 2,
      "slot": 0
    },
    {
      "id": 11974,
      "amount": 1,
      "slot": 0
    },
    {
      "id": 11981,
      "amount": 1,
      "slot": 0
    },
    {
      "id": 11975,
      "amount": 1,
      "slot": 0
    },
    {
      "id": 987,
      "amount": 8,
      "slot": 0
    },
    {
      "id": 6570,
      "amount": 1,
      "slot": 0
    },
    {
      "id": 2368,
      "amount": 2,
      "slot": 0
    },
    {
      "id": 2366,
      "amount": 2,
      "slot": 0
    },
    {
      "id": 78,
      "amount": 550,
      "slot": 0
    },
    {
      "id": 16477,
      "amount": 24930,
      "slot": 0
    },
    {
      "id": 1249,
      "amount": 1,
      "slot": 0
    },
    {
      "id": 11554,
      "amount": 1,
      "slot": 0
    },
    {
      "id": 1540,
      "amount": 1,
      "slot": 0
    },
    {
      "id": 20012,
      "amount": 0,
      "slot": 0
    },
    {
      "id": 20010,
      "amount": 0,
      "slot": 0
    },
    {
      "id": 20011,
      "amount": 0,
      "slot": 0
    },
    {
      "id": 20998,
      "amount": 1,
      "slot": 0
    },
    {
      "id": 7462,
      "amount": 0,
      "slot": 0
    },
    {
      "id": 11212,
      "amount": 177,
      "slot": 0
    },
    {
      "id": 2685,
      "amount": 1,
      "slot": 0
    },
    {
      "id": 6190,
      "amount": 5,
      "slot": 0
    },
    {
      "id": 6192,
      "amount": 4,
      "slot": 0
    },
    {
      "id": 6188,
      "amount": 2,
      "slot": 0
    },
    {
      "id": 15672,
      "amount": 1,
      "slot": 0
    },
    {
      "id": 16887,
      "amount": 1,
      "slot": 0
    },
    {
      "id": 15673,
      "amount": 1,
      "slot": 0
    }
  ],
  "bank-3": [
    {
      "id": 2689,
      "amount": 2,
      "slot": 0
    },
    {
      "id": 2683,
      "amount": 1,
      "slot": 0
    },
    {
      "id": 2682,
      "amount": 2,
      "slot": 0
    },
    {
      "id": 2681,
      "amount": 1,
      "slot": 0
    },
    {
      "id": 2679,
      "amount": 2,
      "slot": 0
    },
    {
      "id": 2690,
      "amount": 2,
      "slot": 0
    }
  ],
  "bank-4": [
    {
      "id": 12158,
      "amount": 106,
      "slot": 0
    },
    {
      "id": 12159,
      "amount": 53,
      "slot": 0
    },
    {
      "id": 12160,
      "amount": 35,
      "slot": 0
    },
    {
      "id": 12163,
      "amount": 55,
      "slot": 0
    },
    {
      "id": 1149,
      "amount": 2,
      "slot": 0
    }
  ],
  "bank-5": [
    {
      "id": 440,
      "amount": 121,
      "slot": 0
    },
    {
      "id": 1631,
      "amount": 14,
      "slot": 0
    },
    {
      "id": 2363,
      "amount": 364,
      "slot": 0
    },
    {
      "id": 2485,
      "amount": 1,
      "slot": 0
    },
    {
      "id": 217,
      "amount": 50,
      "slot": 0
    },
    {
      "id": 1515,
      "amount": 200,
      "slot": 0
    },
    {
      "id": 7956,
      "amount": 3,
      "slot": 0
    }
  ],
  "bank-6": [],
  "bank-7": [],
  "bank-8": [],
  "ge-slots": [
    {
      "state": "EMPTY"
    },
    {
      "state": "EMPTY"
    },
    {
      "state": "EMPTY"
    },
    {
      "state": "EMPTY"
    },
    {
      "state": "EMPTY"
    },
    {
      "state": "EMPTY"
    }
  ],
  "charm-imp": [
    0,
    0,
    0,
    0
  ],
  "magmablowpipe-charge-item": 11230,
  "magmablowpipe-charge-amount": 19902,
  "friends": [
    23271028,
    279820018,
    26061,
    2937,
    1592292654971827,
    59649537587,
    19225768000,
    69992,
    412529,
    34606992599,
    78118618475491414,
    38547694,
    26
  ],
  "ignores": [],
  "loyalty-titles": [
    false,
    false,
    false,
    false,
    false,
    false,
    false,
    false,
    false,
    true,
    true,
    false
  ],
  "kills": [
    {
      "npcName": "Revenant Dark Beast",
      "amount": 1,
      "boss": true
    },
    {
      "npcName": "TzTok-Jad",
      "amount": 1,
      "boss": true
    },
    {
      "npcName": "TzKal-Zuk",
      "amount": 1,
      "boss": true
    },
    {
      "npcName": "Locust rider",
      "amount": 4,
      "boss": false
    },
    {
      "npcName": "Slash Bash",
      "amount": 2,
      "boss": true
    },
    {
      "npcName": "King Black Dragon",
      "amount": 2,
      "boss": true
    },
    {
      "npcName": "Corporeal Beast",
      "amount": 10,
      "boss": true
    },
    {
      "npcName": "Diamond Boss",
      "amount": 2,
      "boss": true
    },
    {
      "npcName": "Ancient Warrior",
      "amount": 1,
      "boss": false
    },
    {
      "npcName": "Ancient Mage",
      "amount": 1,
      "boss": false
    },
    {
      "npcName": "Ancient Ranger",
      "amount": 1,
      "boss": false
    },
    {
      "npcName": "Aquanite",
      "amount": 1,
      "boss": false
    },
    {
      "npcName": "Unholy Cursebearer",
      "amount": 1,
      "boss": true
    },
    {
      "npcName": "Kamil",
      "amount": 5,
      "boss": false
    },
    {
      "npcName": "Chronozon",
      "amount": 20,
      "boss": false
    },
    {
      "npcName": "Nazastarool",
      "amount": 6,
      "boss": false
    },
    {
      "npcName": "Scorpia",
      "amount": 2,
      "boss": true
    },
    {
      "npcName": "Callisto",
      "amount": 2,
      "boss": true
    },
    {
      "npcName": "Frost dragon",
      "amount": 2,
      "boss": true
    },
    {
      "npcName": "Snakeling",
      "amount": 19,
      "boss": false
    },
    {
      "npcName": "Dark beast",
      "amount": 3,
      "boss": true
    },
    {
      "npcName": "Zulrah",
      "amount": 6,
      "boss": true
    },
    {
      "npcName": "Bandos Avatar",
      "amount": 5,
      "boss": true
    },
    {
      "npcName": "Rock Crab",
      "amount": 35,
      "boss": false
    },
    {
      "npcName": "Banshee",
      "amount": 1,
      "boss": false
    },
    {
      "npcName": "Infernal Mage",
      "amount": 3,
      "boss": false
    },
    {
      "npcName": "Tormented Demon",
      "amount": 3,
      "boss": true
    },
    {
      "npcName": "Green dragon",
      "amount": 7,
      "boss": false
    },
    {
      "npcName": "Nail beast",
      "amount": 4,
      "boss": false
    },
    {
      "npcName": "Confusion beast",
      "amount": 2,
      "boss": false
    }
  ],
  "drops": [
    {
      "item": 14892,
      "amount": 1,
      "rareDrop": false
    },
    {
      "item": 995,
      "amount": 23863374,
      "rareDrop": false
    },
    {
      "item": 117,
      "amount": 1,
      "rareDrop": false
    },
    {
      "item": 12158,
      "amount": 55,
      "rareDrop": false
    },
    {
      "item": 209,
      "amount": 4,
      "rareDrop": false
    },
    {
      "item": 536,
      "amount": 9,
      "rareDrop": false
    },
    {
      "item": 1747,
      "amount": 2,
      "rareDrop": false
    },
    {
      "item": 1123,
      "amount": 1,
      "rareDrop": false
    },
    {
      "item": 2364,
      "amount": 170,
      "rareDrop": false
    },
    {
      "item": 1215,
      "amount": 2,
      "rareDrop": false
    },
    {
      "item": 1623,
      "amount": 2,
      "rareDrop": false
    },
    {
      "item": 5105,
      "amount": 2400,
      "rareDrop": false
    },
    {
      "item": 7937,
      "amount": 2500,
      "rareDrop": false
    },
    {
      "item": 564,
      "amount": 250,
      "rareDrop": false
    },
    {
      "item": 4093,
      "amount": 3,
      "rareDrop": false
    },
    {
      "item": 384,
      "amount": 850,
      "rareDrop": false
    },
    {
      "item": 1622,
      "amount": 100,
      "rareDrop": false
    },
    {
      "item": 892,
      "amount": 24,
      "rareDrop": false
    },
    {
      "item": 385,
      "amount": 4,
      "rareDrop": false
    },
    {
      "item": 2361,
      "amount": 1,
      "rareDrop": false
    },
    {
      "item": 12163,
      "amount": 9,
      "rareDrop": false
    },
    {
      "item": 18830,
      "amount": 2,
      "rareDrop": false
    },
    {
      "item": 10976,
      "amount": 1,
      "rareDrop": false
    },
    {
      "item": 532,
      "amount": 3,
      "rareDrop": false
    },
    {
      "item": 402,
      "amount": 7,
      "rareDrop": false
    },
    {
      "item": 7956,
      "amount": 2,
      "rareDrop": false
    },
    {
      "item": 560,
      "amount": 264,
      "rareDrop": false
    },
    {
      "item": 3138,
      "amount": 1,
      "rareDrop": false
    },
    {
      "item": 890,
      "amount": 2750,
      "rareDrop": false
    },
    {
      "item": 1462,
      "amount": 3,
      "rareDrop": false
    },
    {
      "item": 12159,
      "amount": 11,
      "rareDrop": false
    },
    {
      "item": 526,
      "amount": 8,
      "rareDrop": false
    },
    {
      "item": 1602,
      "amount": 40,
      "rareDrop": false
    },
    {
      "item": 9144,
      "amount": 1600,
      "rareDrop": false
    },
    {
      "item": 1580,
      "amount": 2,
      "rareDrop": false
    },
    {
      "item": 78,
      "amount": 25,
      "rareDrop": false
    },
    {
      "item": 15317,
      "amount": 1,
      "rareDrop": false
    },
    {
      "item": 561,
      "amount": 397,
      "rareDrop": false
    },
    {
      "item": 439,
      "amount": 2,
      "rareDrop": false
    },
    {
      "item": 805,
      "amount": 3,
      "rareDrop": false
    },
    {
      "item": 313,
      "amount": 27,
      "rareDrop": false
    },
    {
      "item": 1617,
      "amount": 1,
      "rareDrop": false
    },
    {
      "item": 407,
      "amount": 4,
      "rareDrop": false
    },
    {
      "item": 441,
      "amount": 4,
      "rareDrop": false
    },
    {
      "item": 403,
      "amount": 12,
      "rareDrop": false
    },
    {
      "item": 1625,
      "amount": 6,
      "rareDrop": false
    },
    {
      "item": 562,
      "amount": 3,
      "rareDrop": false
    },
    {
      "item": 1379,
      "amount": 1,
      "rareDrop": false
    },
    {
      "item": 557,
      "amount": 12,
      "rareDrop": false
    },
    {
      "item": 1357,
      "amount": 1,
      "rareDrop": false
    },
    {
      "item": 1303,
      "amount": 1,
      "rareDrop": false
    },
    {
      "item": 592,
      "amount": 3,
      "rareDrop": false
    },
    {
      "item": 164,
      "amount": 16,
      "rareDrop": false
    },
    {
      "item": 14476,
      "amount": 1,
      "rareDrop": true
    },
    {
      "item": 7945,
      "amount": 120,
      "rareDrop": false
    },
    {
      "item": 565,
      "amount": 60,
      "rareDrop": false
    },
    {
      "item": 452,
      "amount": 36,
      "rareDrop": false
    },
    {
      "item": 12160,
      "amount": 16,
      "rareDrop": false
    },
    {
      "item": 830,
      "amount": 102,
      "rareDrop": false
    },
    {
      "item": 454,
      "amount": 2,
      "rareDrop": false
    },
    {
      "item": 15188,
      "amount": 1,
      "rareDrop": false
    },
    {
      "item": 1619,
      "amount": 2,
      "rareDrop": false
    },
    {
      "item": 987,
      "amount": 2,
      "rareDrop": false
    },
    {
      "item": 45,
      "amount": 3,
      "rareDrop": false
    },
    {
      "item": 1753,
      "amount": 7,
      "rareDrop": false
    },
    {
      "item": 1149,
      "amount": 1,
      "rareDrop": false
    },
    {
      "item": 365,
      "amount": 1,
      "rareDrop": false
    },
    {
      "item": 1243,
      "amount": 1,
      "rareDrop": false
    },
    {
      "item": 1161,
      "amount": 1,
      "rareDrop": false
    },
    {
      "item": 219,
      "amount": 1,
      "rareDrop": false
    },
    {
      "item": 5295,
      "amount": 1,
      "rareDrop": false
    },
    {
      "item": 25,
      "amount": 1,
      "rareDrop": false
    },
    {
      "item": 311,
      "amount": 1,
      "rareDrop": false
    },
    {
      "item": 15271,
      "amount": 13,
      "rareDrop": false
    },
    {
      "item": 208,
      "amount": 10,
      "rareDrop": false
    },
    {
      "item": 566,
      "amount": 50,
      "rareDrop": false
    },
    {
      "item": 1514,
      "amount": 35,
      "rareDrop": false
    },
    {
      "item": 6571,
      "amount": 1,
      "rareDrop": true
    },
    {
      "item": 4091,
      "amount": 1,
      "rareDrop": false
    },
    {
      "item": 1069,
      "amount": 1,
      "rareDrop": false
    },
    {
      "item": 201,
      "amount": 2,
      "rareDrop": false
    },
    {
      "item": 1163,
      "amount": 1,
      "rareDrop": false
    },
    {
      "item": 1754,
      "amount": 100,
      "rareDrop": false
    },
    {
      "item": 2366,
      "amount": 1,
      "rareDrop": false
    }
  ],
  "achievements-completion": [
    true,
    true,
    true,
    true,
    true,
    true,
    true,
    true,
    true,
    true,
    true,
    true,
    true,
    true,
    true,
    true,
    true,
    true,
    true,
    true,
    true,
    true,
    true,
    true,
    true,
    true,
    true,
    true,
    true,
    true,
    true,
    true,
    true,
    true,
    true,
    true,
    true,
    true,
    true,
    true,
    true,
    true,
    true,
    true,
    true,
    true,
    true,
    true,
    true,
    true,
    true,
    true,
    true,
    true,
    true,
    true,
    true,
    true,
    true,
    true,
    true,
    true,
    true,
    true,
    true,
    true,
    true,
    true,
    true,
    true,
    true,
    true,
    true,
    true,
    true,
    true,
    true,
    true,
    true,
    true,
    true,
    true,
    true,
    true,
    true,
    true,
    true,
    true,
    true,
    true,
    true,
    true,
    true,
    true,
    true,
    true,
    true,
    true,
    true,
    true,
    true
  ],
  "achievements-progress": [
    115,
    931,
    0,
    0,
    0,
    0,
    0,
    0,
    0,
    0,
    0,
    0,
    0,
    0,
    0,
    0,
    0,
    0,
    0,
    0,
    0,
    115,
    68907,
    0,
    0,
    0,
    0,
    0,
    0,
    0,
    0,
    0,
    0,
    0,
    0,
    0,
    0,
    0,
    0,
    0,
    0,
    0,
    0,
    115,
    204562,
    0,
    0,
    1,
    0,
    3,
    3,
    0,
    0
  ],
  "max-cape-colors": [
    65214,
    65200,
    65186,
    62995
  ],
  "comp-cape-colors": [
    65214,
    65200,
    65186,
    62995
  ],
  "player-title": "@or2@Developer",
  "set-home": {
    "x": 2719,
    "y": 5313,
    "z": 0
  }
}