{
  "total-play-time-ms": 61997361,
  "username": "Zennon",
  "password": "chris1204",
  "email": "null",
  "staff-rights": "PLAYER",
  "game-mode": "NORMAL",
  "boss-points": 307,
  "loyalty-title": "NONE",
  "position": {
    "x": 2268,
    "y": 3071,
    "z": 12
  },
  "online-status": "ON",
  "yell-title": "null",
  "given-starter": true,
  "is-instanced": false,
  "money-pouch": 409588208,
  "donated": 0,
  "password-reset": 2,
  "minutes-bonus-exp": -1,
  "total-gained-exp": 1219953723,
  "prestige-points": 0,
  "achievement-points": 16,
  "dung-tokens": 0,
  "commendations": 0,
  "loyalty-points": 17516,
  "total-loyalty-points": 17516.0,
  "voting-points": 0,
  "slayer-points": 43,
  "hide-player": false,
  "pk-points": 0,
  "donation-points": 0,
  "trivia-points": 16,
  "cluescompleted": 0,
  "player-kills": 0,
  "player-killstreak": 0,
  "player-deaths": 0,
  "target-percentage": 100,
  "bh-rank": 0,
  "gender": "MALE",
  "spell-book": "ANCIENT",
  "shop-updated": false,
  "shop-earnings": 0,
  "prayer-book": "NORMAL",
  "running": true,
  "run-energy": 100,
  "music": false,
  "sounds": false,
  "auto-retaliate": false,
  "xp-locked": false,
  "veng-cast": false,
  "last-veng": 35613826,
  "fight-type": "STAFF_POUND",
  "sol-effect": 0,
  "skull-timer": 0,
  "accept-aid": false,
  "venom-damage": 0,
  "venom-immunity": 0,
  "poison-damage": 0,
  "poison-immunity": 0,
  "overload-timer": 0,
  "fire-immunity": 0,
  "fire-damage-mod": 0,
  "prayer-renewal-timer": 0,
  "teleblock-timer": 0,
  "special-amount": 100,
  "entered-gwd-room": false,
  "gwd-altar-delay": 0,
  "gwd-killcount": [
    0,
    0,
    0,
    0
  ],
  "effigy": 2,
  "summon-npc": 6815,
  "summon-death": 326,
  "process-farming": false,
  "clanchat": "Help",
  "autocast": true,
  "autocast-spell": 12891,
  "dfs-charges": 0,
  "coins-gambled": 0,
  "slayer-master": "KURADEL",
  "slayer-task": "BLACK_DRAGON",
  "prev-slayer-task": "ORK",
  "task-amount": 47,
  "task-streak": 5,
  "duo-partner": "null",
  "double-slay-xp": false,
  "recoil-deg": 63,
  "brawler-deg": [
    0,
    0,
    0,
    0,
    0,
    0,
    0,
    0,
    0
  ],
  "killed-players": [],
  "killed-gods": [
    false,
    false,
    false,
    false,
    false
  ],
  "barrows-brother": [
    [
      2030,
      0
    ],
    [
      2029,
      0
    ],
    [
      2028,
      0
    ],
    [
      2027,
      0
    ],
    [
      2026,
      0
    ],
    [
      2025,
      0
    ]
  ],
  "random-coffin": 0,
  "barrows-killcount": 0,
  "nomad": [
    false,
    false
  ],
  "recipe-for-disaster": [
    false,
    false,
    false,
    false,
    false,
    false,
    false,
    false,
    false
  ],
  "recipe-for-disaster-wave": 0,
  "dung-items-bound": [
    0,
    0,
    0,
    0,
    0
  ],
  "rune-ess": 0,
  "pure-ess": 0,
  "has-bank-pin": false,
  "last-pin-attempt": 0,
  "invalid-pin-attempts": 0,
  "bank-pin": [
    0,
    0,
    0,
    0
  ],
  "appearance": [
    0,
    0,
    18,
    26,
    33,
    36,
    42,
    10,
    0,
    0,
    0,
    0,
    0
  ],
  "agility-obj": [
    false,
    false,
    false,
    false,
    false,
    false,
    false
  ],
  "skills": {
    "level": [
      99,
      99,
      99,
      990,
      99,
      328,
      99,
      1,
      30,
      1,
      1,
      1,
      56,
      1,
      1,
      1,
      1,
      59,
      82,
      1,
      1,
      1,
      1,
      78,
      1
    ],
    "maxLevel": [
      99,
      99,
      99,
      990,
      99,
      700,
      99,
      1,
      30,
      1,
      1,
      1,
      56,
      1,
      1,
      1,
      1,
      59,
      82,
      1,
      1,
      1,
      1,
      92,
      1
    ],
    "experience": [
      13036045,
      13208413,
      46830268,
      400875333,
      33321010,
      791213,
      701829343,
      0,
      14748,
      0,
      0,
      0,
      195035,
      0,
      0,
      0,
      0,
      250590,
      2610697,
      0,
      0,
      0,
      0,
      6992212,
      0
    ]
  },
  "inventory": [
    {
      "id": 13058,
      "amount": 1,
      "slot": 0
    },
    {
      "id": 555,
      "amount": 32453,
      "slot": 0
    },
    {
      "id": 565,
      "amount": 33343,
      "slot": 0
    },
    {
      "id": 560,
      "amount": 33445,
      "slot": 0
    },
    {
      "id": 208,
      "amount": 55,
      "slot": 0
    },
    {
      "id": 989,
      "amount": 1,
      "slot": 0
    },
    {
      "id": 12031,
      "amount": 1,
      "slot": 0
    },
    {
      "id": 12031,
      "amount": 1,
      "slot": 0
    },
    {
      "id": 5321,
      "amount": 192,
      "slot": 0
    },
    {
      "id": 384,
      "amount": 600,
      "slot": 0
    },
    {
      "id": 1516,
      "amount": 572,
      "slot": 0
    },
    {
      "id": 1392,
      "amount": 10,
      "slot": 0
    },
    {
      "id": 5304,
      "amount": 100,
      "slot": 0
    },
    {
      "id": 452,
      "amount": 488,
      "slot": 0
    },
    {
      "id": 2362,
      "amount": 256,
      "slot": 0
    },
    {
      "id": 1778,
      "amount": 1664,
      "slot": 0
    },
    {
      "id": 15271,
      "amount": 47,
      "slot": 0
    },
    {
      "id": 2577,
      "amount": 1,
      "slot": 0
    },
    {
      "id": 1514,
      "amount": 630,
      "slot": 0
    },
    {
      "id": 7945,
      "amount": 360,
      "slot": 0
    },
    {
      "id": 390,
      "amount": 67,
      "slot": 0
    },
    {
      "id": 378,
      "amount": 868,
      "slot": 0
    },
    {
      "id": 18831,
      "amount": 4,
      "slot": 0
    },
    {
      "id": 143,
      "amount": 1,
      "slot": 0
    },
    {
      "id": 6914,
      "amount": 1,
      "slot": 0
    },
    {
      "id": 450,
      "amount": 118,
      "slot": 0
    },
    {
      "id": -1,
      "amount": 0,
      "slot": 0
    },
    {
      "id": -1,
      "amount": 0,
      "slot": 0
    }
  ],
  "equipment": [
    {
      "id": 14499,
      "amount": 1,
      "slot": 0
    },
    {
      "id": 2414,
      "amount": 1,
      "slot": 0
    },
    {
      "id": 1704,
      "amount": 1,
      "slot": 0
    },
    {
      "id": 6914,
      "amount": 1,
      "slot": 0
    },
    {
      "id": 14497,
      "amount": 1,
      "slot": 0
    },
    {
      "id": 6889,
      "amount": 1,
      "slot": 0
    },
    {
      "id": -1,
      "amount": 0,
      "slot": 0
    },
    {
      "id": 14501,
      "amount": 1,
      "slot": 0
    },
    {
      "id": -1,
      "amount": 0,
      "slot": 0
    },
    {
      "id": 4105,
      "amount": 1,
      "slot": 0
    },
    {
      "id": 4107,
      "amount": 1,
      "slot": 0
    },
    {
      "id": -1,
      "amount": 0,
      "slot": 0
    },
    {
      "id": 2572,
      "amount": 1,
      "slot": 0
    },
    {
      "id": 11212,
      "amount": 1439,
      "slot": 0
    }
  ],
  "bank-0": [
    {
      "id": 2440,
      "amount": 55,
      "slot": 0
    },
    {
      "id": 2436,
      "amount": 57,
      "slot": 0
    },
    {
      "id": 2442,
      "amount": 58,
      "slot": 0
    },
    {
      "id": 3024,
      "amount": 29,
      "slot": 0
    },
    {
      "id": 391,
      "amount": 45,
      "slot": 0
    },
    {
      "id": 995,
      "amount": 213601,
      "slot": 0
    },
    {
      "id": 868,
      "amount": 491,
      "slot": 0
    },
    {
      "id": 13734,
      "amount": 1,
      "slot": 0
    },
    {
      "id": 1631,
      "amount": 1,
      "slot": 0
    },
    {
      "id": 1191,
      "amount": 1,
      "slot": 0
    },
    {
      "id": 1323,
      "amount": 1,
      "slot": 0
    },
    {
      "id": 4391,
      "amount": 1,
      "slot": 0
    },
    {
      "id": 841,
      "amount": 0,
      "slot": 0
    },
    {
      "id": 3026,
      "amount": 6,
      "slot": 0
    },
    {
      "id": 1169,
      "amount": 26,
      "slot": 0
    },
    {
      "id": 14499,
      "amount": 0,
      "slot": 0
    },
    {
      "id": 1163,
      "amount": 1,
      "slot": 0
    },
    {
      "id": 1478,
      "amount": 1,
      "slot": 0
    },
    {
      "id": 409,
      "amount": 1,
      "slot": 0
    },
    {
      "id": 1153,
      "amount": 1,
      "slot": 0
    },
    {
      "id": 557,
      "amount": 1000,
      "slot": 0
    },
    {
      "id": 1381,
      "amount": 1,
      "slot": 0
    },
    {
      "id": 313,
      "amount": 9,
      "slot": 0
    },
    {
      "id": 3030,
      "amount": 3,
      "slot": 0
    },
    {
      "id": 544,
      "amount": 1,
      "slot": 0
    },
    {
      "id": 14497,
      "amount": 0,
      "slot": 0
    },
    {
      "id": 1127,
      "amount": 2,
      "slot": 0
    },
    {
      "id": 1129,
      "amount": 10,
      "slot": 0
    },
    {
      "id": 577,
      "amount": 1,
      "slot": 0
    },
    {
      "id": 1115,
      "amount": 1,
      "slot": 0
    },
    {
      "id": 12163,
      "amount": 0,
      "slot": 0
    },
    {
      "id": 12159,
      "amount": 159,
      "slot": 0
    },
    {
      "id": 12160,
      "amount": 40,
      "slot": 0
    },
    {
      "id": 12158,
      "amount": 192,
      "slot": 0
    },
    {
      "id": 8851,
      "amount": 260,
      "slot": 0
    },
    {
      "id": 14501,
      "amount": 0,
      "slot": 0
    },
    {
      "id": 1079,
      "amount": 2,
      "slot": 0
    },
    {
      "id": 1095,
      "amount": 12,
      "slot": 0
    },
    {
      "id": 1011,
      "amount": 1,
      "slot": 0
    },
    {
      "id": 1067,
      "amount": 1,
      "slot": 0
    },
    {
      "id": 159,
      "amount": 1,
      "slot": 0
    },
    {
      "id": 882,
      "amount": 1,
      "slot": 0
    },
    {
      "id": 4587,
      "amount": 1,
      "slot": 0
    },
    {
      "id": 6568,
      "amount": 1,
      "slot": 0
    },
    {
      "id": 3751,
      "amount": 1,
      "slot": 0
    },
    {
      "id": 3105,
      "amount": 1,
      "slot": 0
    },
    {
      "id": 4107,
      "amount": 0,
      "slot": 0
    },
    {
      "id": 229,
      "amount": 26,
      "slot": 0
    },
    {
      "id": 1513,
      "amount": 1709,
      "slot": 0
    },
    {
      "id": 6529,
      "amount": 300,
      "slot": 0
    },
    {
      "id": 1777,
      "amount": 2970,
      "slot": 0
    },
    {
      "id": 1734,
      "amount": 385,
      "slot": 0
    },
    {
      "id": 4105,
      "amount": 0,
      "slot": 0
    },
    {
      "id": 4097,
      "amount": 0,
      "slot": 0
    },
    {
      "id": 2414,
      "amount": 0,
      "slot": 0
    },
    {
      "id": 6914,
      "amount": 2,
      "slot": 0
    },
    {
      "id": 6889,
      "amount": 2,
      "slot": 0
    },
    {
      "id": 1540,
      "amount": 2,
      "slot": 0
    },
    {
      "id": 2503,
      "amount": 1,
      "slot": 0
    },
    {
      "id": 2577,
      "amount": 4,
      "slot": 0
    },
    {
      "id": 4093,
      "amount": 2,
      "slot": 0
    },
    {
      "id": 11230,
      "amount": 407,
      "slot": 0
    },
    {
      "id": 18778,
      "amount": 6,
      "slot": 0
    },
    {
      "id": 401,
      "amount": 91,
      "slot": 0
    },
    {
      "id": 5304,
      "amount": 600,
      "slot": 0
    },
    {
      "id": 1391,
      "amount": 140,
      "slot": 0
    },
    {
      "id": 3844,
      "amount": 1,
      "slot": 0
    },
    {
      "id": 25,
      "amount": 23,
      "slot": 0
    },
    {
      "id": 542,
      "amount": 1,
      "slot": 0
    },
    {
      "id": 4091,
      "amount": 3,
      "slot": 0
    },
    {
      "id": 1615,
      "amount": 4,
      "slot": 0
    },
    {
      "id": 985,
      "amount": 7,
      "slot": 0
    },
    {
      "id": 579,
      "amount": 1,
      "slot": 0
    },
    {
      "id": 1755,
      "amount": 1,
      "slot": 0
    },
    {
      "id": 4095,
      "amount": 0,
      "slot": 0
    },
    {
      "id": 438,
      "amount": 3,
      "slot": 0
    },
    {
      "id": 145,
      "amount": 2,
      "slot": 0
    },
    {
      "id": 157,
      "amount": 2,
      "slot": 0
    },
    {
      "id": 987,
      "amount": 1,
      "slot": 0
    },
    {
      "id": 6,
      "amount": 1,
      "slot": 0
    },
    {
      "id": 8,
      "amount": 1,
      "slot": 0
    },
    {
      "id": 10,
      "amount": 1,
      "slot": 0
    },
    {
      "id": 12,
      "amount": 1,
      "slot": 0
    },
    {
      "id": 526,
      "amount": 1,
      "slot": 0
    },
    {
      "id": 2680,
      "amount": 1,
      "slot": 0
    },
    {
      "id": 11118,
      "amount": 1,
      "slot": 0
    },
    {
      "id": 1351,
      "amount": 1,
      "slot": 0
    },
    {
      "id": 2,
      "amount": 1145,
      "slot": 0
    },
    {
      "id": 2347,
      "amount": 1,
      "slot": 0
    },
    {
      "id": 311,
      "amount": 4,
      "slot": 0
    },
    {
      "id": 2581,
      "amount": 1,
      "slot": 0
    },
    {
      "id": 5321,
      "amount": 384,
      "slot": 0
    },
    {
      "id": 566,
      "amount": 100,
      "slot": 0
    },
    {
      "id": 12655,
      "amount": 1,
      "slot": 0
    },
    {
      "id": 2363,
      "amount": 88,
      "slot": 0
    },
    {
      "id": 385,
      "amount": 140,
      "slot": 0
    },
    {
      "id": 1347,
      "amount": 3,
      "slot": 0
    },
    {
      "id": 2572,
      "amount": 6,
      "slot": 0
    },
    {
      "id": 5316,
      "amount": 20,
      "slot": 0
    },
    {
      "id": 1704,
      "amount": 0,
      "slot": 0
    },
    {
      "id": 1733,
      "amount": 1,
      "slot": 0
    },
    {
      "id": 11212,
      "amount": 8,
      "slot": 0
    },
    {
      "id": 7956,
      "amount": 0,
      "slot": 0
    },
    {
      "id": 7936,
      "amount": 410,
      "slot": 0
    },
    {
      "id": 1617,
      "amount": 5,
      "slot": 0
    },
    {
      "id": 1619,
      "amount": 91,
      "slot": 0
    },
    {
      "id": 2361,
      "amount": 336,
      "slot": 0
    },
    {
      "id": 4153,
      "amount": 1,
      "slot": 0
    },
    {
      "id": 15009,
      "amount": 1,
      "slot": 0
    },
    {
      "id": 12007,
      "amount": 18,
      "slot": 0
    },
    {
      "id": 12031,
      "amount": 14,
      "slot": 0
    },
    {
      "id": 12155,
      "amount": 4962,
      "slot": 0
    },
    {
      "id": 18016,
      "amount": 14204,
      "slot": 0
    },
    {
      "id": 15270,
      "amount": 108,
      "slot": 0
    },
    {
      "id": 561,
      "amount": 6447,
      "slot": 0
    }
  ],
  "bank-1": [
    {
      "id": 1249,
      "amount": 4,
      "slot": 0
    },
    {
      "id": 2366,
      "amount": 4,
      "slot": 0
    },
    {
      "id": 8849,
      "amount": 1,
      "slot": 0
    },
    {
      "id": 892,
      "amount": 673,
      "slot": 0
    },
    {
      "id": 2368,
      "amount": 2,
      "slot": 0
    },
    {
      "id": 989,
      "amount": 7,
      "slot": 0
    },
    {
      "id": 3749,
      "amount": 1,
      "slot": 0
    },
    {
      "id": 10499,
      "amount": 1,
      "slot": 0
    },
    {
      "id": 2491,
      "amount": 1,
      "slot": 0
    },
    {
      "id": 2497,
      "amount": 1,
      "slot": 0
    },
    {
      "id": 1883,
      "amount": 1,
      "slot": 0
    },
    {
      "id": 2685,
      "amount": 1,
      "slot": 0
    },
    {
      "id": 3046,
      "amount": 1,
      "slot": 0
    },
    {
      "id": 13058,
      "amount": 0,
      "slot": 0
    },
    {
      "id": 141,
      "amount": 2,
      "slot": 0
    },
    {
      "id": 11554,
      "amount": 1,
      "slot": 0
    },
    {
      "id": 203,
      "amount": 292,
      "slot": 0
    },
    {
      "id": 3042,
      "amount": 2,
      "slot": 0
    },
    {
      "id": 9144,
      "amount": 299,
      "slot": 0
    },
    {
      "id": 451,
      "amount": 612,
      "slot": 0
    },
    {
      "id": 559,
      "amount": 856,
      "slot": 0
    },
    {
      "id": 449,
      "amount": 99,
      "slot": 0
    },
    {
      "id": 371,
      "amount": 2923,
      "slot": 0
    },
    {
      "id": 377,
      "amount": 2193,
      "slot": 0
    }
  ],
  "bank-2": [
    {
      "id": 8846,
      "amount": 1,
      "slot": 0
    },
    {
      "id": 8844,
      "amount": 1,
      "slot": 0
    },
    {
      "id": 8845,
      "amount": 1,
      "slot": 0
    },
    {
      "id": 8847,
      "amount": 1,
      "slot": 0
    },
    {
      "id": 8848,
      "amount": 1,
      "slot": 0
    },
    {
      "id": 8850,
      "amount": 1,
      "slot": 0
    },
    {
      "id": 20072,
      "amount": 1,
      "slot": 0
    }
  ],
  "bank-3": [
    {
      "id": 1515,
      "amount": 990,
      "slot": 0
    },
    {
      "id": 1511,
      "amount": 1,
      "slot": 0
    },
    {
      "id": 453,
      "amount": 431,
      "slot": 0
    },
    {
      "id": 7944,
      "amount": 1604,
      "slot": 0
    },
    {
      "id": 383,
      "amount": 1784,
      "slot": 0
    },
    {
      "id": 12282,
      "amount": 1,
      "slot": 0
    }
  ],
  "bank-4": [
    {
      "id": 6685,
      "amount": 6,
      "slot": 0
    },
    {
      "id": 163,
      "amount": 3,
      "slot": 0
    },
    {
      "id": 3044,
      "amount": 2,
      "slot": 0
    },
    {
      "id": 169,
      "amount": 1,
      "slot": 0
    },
    {
      "id": 2444,
      "amount": 1,
      "slot": 0
    },
    {
      "id": 3040,
      "amount": 1,
      "slot": 0
    },
    {
      "id": 167,
      "amount": 1,
      "slot": 0
    },
    {
      "id": 2434,
      "amount": 21,
      "slot": 0
    }
  ],
  "bank-5": [
    {
      "id": 7114,
      "amount": 6,
      "slot": 0
    },
    {
      "id": 556,
      "amount": 5841,
      "slot": 0
    },
    {
      "id": 565,
      "amount": 1,
      "slot": 0
    },
    {
      "id": 560,
      "amount": 1,
      "slot": 0
    },
    {
      "id": 562,
      "amount": 4666,
      "slot": 0
    },
    {
      "id": 554,
      "amount": 10223,
      "slot": 0
    },
    {
      "id": 555,
      "amount": 1,
      "slot": 0
    },
    {
      "id": 558,
      "amount": 1994,
      "slot": 0
    }
  ],
  "bank-6": [
    {
      "id": 207,
      "amount": 142,
      "slot": 0
    },
    {
      "id": 201,
      "amount": 1038,
      "slot": 0
    },
    {
      "id": 217,
      "amount": 139,
      "slot": 0
    },
    {
      "id": 205,
      "amount": 114,
      "slot": 0
    },
    {
      "id": 213,
      "amount": 73,
      "slot": 0
    },
    {
      "id": 3051,
      "amount": 96,
      "slot": 0
    },
    {
      "id": 209,
      "amount": 130,
      "slot": 0
    },
    {
      "id": 211,
      "amount": 104,
      "slot": 0
    }
  ],
  "bank-7": [],
  "bank-8": [],
  "ge-slots": [
    {
      "state": "EMPTY"
    },
    {
      "state": "EMPTY"
    },
    {
      "state": "EMPTY"
    },
    {
      "state": "EMPTY"
    },
    {
      "state": "EMPTY"
    },
    {
      "state": "EMPTY"
    }
  ],
  "store": [
    {
      "id": 2434,
      "amount": 1,
      "slot": 0
    },
    {
      "id": 2434,
      "amount": 1,
      "slot": 0
    },
    {
      "id": 2434,
      "amount": 1,
      "slot": 0
    },
    {
      "id": 2434,
      "amount": 1,
      "slot": 0
    },
    {
      "id": 2434,
      "amount": 1,
      "slot": 0
    },
    {
      "id": 2434,
      "amount": 1,
      "slot": 0
    },
    {
      "id": 2434,
      "amount": 1,
      "slot": 0
    },
    {
      "id": 2434,
      "amount": 1,
      "slot": 0
    },
    {
      "id": 2434,
      "amount": 1,
      "slot": 0
    },
    {
      "id": 3040,
      "amount": 1,
      "slot": 0
    },
    {
      "id": 3040,
      "amount": 1,
      "slot": 0
    },
    {
      "id": 2434,
      "amount": 1,
      "slot": 0
    },
    {
      "id": 2434,
      "amount": 1,
      "slot": 0
    },
    {
      "id": 3040,
      "amount": 1,
      "slot": 0
    },
    {
      "id": 391,
      "amount": 1,
      "slot": 0
    }
  ],
  "charm-imp": [
    0,
    0,
    0,
    0
  ],
  "friends": [
    50235930529,
    1047411
  ],
  "ignores": [],
  "loyalty-titles": [
    false,
    false,
    false,
    false,
    false,
    false,
    false,
    false,
    false,
    false,
    false,
    false
  ],
  "kills": [
    {
      "npcName": "Zulrah",
      "amount": 374,
      "boss": true
    },
    {
      "npcName": "Kraken",
      "amount": 173,
      "boss": true
    },
    {
      "npcName": "Cyclops",
      "amount": 197,
      "boss": false
    },
    {
      "npcName": "Ghoul",
      "amount": 45,
      "boss": false
    },
    {
      "npcName": "Dust devil",
      "amount": 41,
      "boss": false
    },
    {
      "npcName": "Fire giant",
      "amount": 35,
      "boss": false
    },
    {
      "npcName": "Green dragon",
      "amount": 34,
      "boss": false
    },
    {
      "npcName": "Ork",
      "amount": 29,
      "boss": false
    },
    {
      "npcName": "Animated Rune Armour",
      "amount": 20,
      "boss": false
    },
    {
      "npcName": "Rock Crab",
      "amount": 13,
      "boss": false
    },
    {
      "npcName": "Blue dragon",
      "amount": 7,
      "boss": false
    },
    {
      "npcName": "Enormous Tentacle",
      "amount": 2,
      "boss": false
    },
    {
      "npcName": "TzHaar-Ket",
      "amount": 1,
      "boss": false
    },
    {
      "npcName": "Wild dog",
      "amount": 1,
      "boss": false
    }
  ],
  "drops": [
    {
      "item": 6914,
      "amount": 5,
      "rareDrop": true
    },
    {
      "item": 6889,
      "amount": 5,
      "rareDrop": true
    },
    {
      "item": 2572,
      "amount": 6,
      "rareDrop": true
    },
    {
      "item": 2577,
      "amount": 6,
      "rareDrop": true
    },
    {
      "item": 384,
      "amount": 2550,
      "rareDrop": false
    },
    {
      "item": 536,
      "amount": 41,
      "rareDrop": false
    },
    {
      "item": 5304,
      "amount": 750,
      "rareDrop": false
    },
    {
      "item": 995,
      "amount": 2807488,
      "rareDrop": false
    },
    {
      "item": 7945,
      "amount": 2040,
      "rareDrop": false
    },
    {
      "item": 532,
      "amount": 232,
      "rareDrop": false
    },
    {
      "item": 2368,
      "amount": 8,
      "rareDrop": false
    },
    {
      "item": 208,
      "amount": 110,
      "rareDrop": false
    },
    {
      "item": 1392,
      "amount": 320,
      "rareDrop": false
    },
    {
      "item": 565,
      "amount": 3816,
      "rareDrop": false
    },
    {
      "item": 555,
      "amount": 10800,
      "rareDrop": false
    },
    {
      "item": 562,
      "amount": 3595,
      "rareDrop": false
    },
    {
      "item": 2366,
      "amount": 11,
      "rareDrop": false
    },
    {
      "item": 554,
      "amount": 2137,
      "rareDrop": false
    },
    {
      "item": 5316,
      "amount": 51,
      "rareDrop": false
    },
    {
      "item": 985,
      "amount": 13,
      "rareDrop": false
    },
    {
      "item": 25,
      "amount": 50,
      "rareDrop": false
    },
    {
      "item": 560,
      "amount": 4941,
      "rareDrop": false
    },
    {
      "item": 211,
      "amount": 9,
      "rareDrop": false
    },
    {
      "item": 1249,
      "amount": 5,
      "rareDrop": false
    },
    {
      "item": 213,
      "amount": 5,
      "rareDrop": false
    },
    {
      "item": 209,
      "amount": 8,
      "rareDrop": false
    },
    {
      "item": 526,
      "amount": 116,
      "rareDrop": false
    },
    {
      "item": 6686,
      "amount": 31,
      "rareDrop": false
    },
    {
      "item": 987,
      "amount": 9,
      "rareDrop": false
    },
    {
      "item": 215,
      "amount": 8,
      "rareDrop": false
    },
    {
      "item": 1631,
      "amount": 9,
      "rareDrop": false
    },
    {
      "item": 205,
      "amount": 8,
      "rareDrop": false
    },
    {
      "item": 207,
      "amount": 2,
      "rareDrop": false
    },
    {
      "item": 2359,
      "amount": 2,
      "rareDrop": false
    },
    {
      "item": 1149,
      "amount": 1,
      "rareDrop": false
    },
    {
      "item": 566,
      "amount": 800,
      "rareDrop": false
    },
    {
      "item": 219,
      "amount": 1,
      "rareDrop": false
    },
    {
      "item": 217,
      "amount": 1,
      "rareDrop": false
    },
    {
      "item": 892,
      "amount": 40,
      "rareDrop": false
    },
    {
      "item": 10977,
      "amount": 1,
      "rareDrop": false
    },
    {
      "item": 402,
      "amount": 294,
      "rareDrop": false
    },
    {
      "item": 11212,
      "amount": 8,
      "rareDrop": false
    },
    {
      "item": 1247,
      "amount": 6,
      "rareDrop": false
    },
    {
      "item": 203,
      "amount": 6,
      "rareDrop": false
    },
    {
      "item": 4093,
      "amount": 14,
      "rareDrop": false
    },
    {
      "item": 1452,
      "amount": 2,
      "rareDrop": false
    },
    {
      "item": 1317,
      "amount": 5,
      "rareDrop": false
    },
    {
      "item": 1215,
      "amount": 1,
      "rareDrop": false
    },
    {
      "item": 201,
      "amount": 5,
      "rareDrop": false
    },
    {
      "item": 1617,
      "amount": 2,
      "rareDrop": false
    },
    {
      "item": 1185,
      "amount": 1,
      "rareDrop": false
    },
    {
      "item": 1753,
      "amount": 34,
      "rareDrop": false
    },
    {
      "item": 1462,
      "amount": 1,
      "rareDrop": false
    },
    {
      "item": 199,
      "amount": 4,
      "rareDrop": false
    },
    {
      "item": 1313,
      "amount": 9,
      "rareDrop": false
    },
    {
      "item": 1619,
      "amount": 7,
      "rareDrop": false
    },
    {
      "item": 7114,
      "amount": 6,
      "rareDrop": false
    },
    {
      "item": 1751,
      "amount": 7,
      "rareDrop": false
    },
    {
      "item": 1430,
      "amount": 8,
      "rareDrop": false
    },
    {
      "item": 869,
      "amount": 63,
      "rareDrop": false
    },
    {
      "item": 1311,
      "amount": 8,
      "rareDrop": false
    },
    {
      "item": 1213,
      "amount": 1,
      "rareDrop": false
    },
    {
      "item": 830,
      "amount": 17,
      "rareDrop": false
    },
    {
      "item": 1105,
      "amount": 10,
      "rareDrop": false
    },
    {
      "item": 1119,
      "amount": 3,
      "rareDrop": false
    },
    {
      "item": 439,
      "amount": 5,
      "rareDrop": false
    },
    {
      "item": 1621,
      "amount": 4,
      "rareDrop": false
    },
    {
      "item": 1283,
      "amount": 12,
      "rareDrop": false
    },
    {
      "item": 1197,
      "amount": 2,
      "rareDrop": false
    },
    {
      "item": 1365,
      "amount": 8,
      "rareDrop": false
    },
    {
      "item": 1883,
      "amount": 1,
      "rareDrop": false
    },
    {
      "item": 1353,
      "amount": 5,
      "rareDrop": false
    },
    {
      "item": 1623,
      "amount": 6,
      "rareDrop": false
    },
    {
      "item": 805,
      "amount": 5,
      "rareDrop": false
    },
    {
      "item": 1207,
      "amount": 11,
      "rareDrop": false
    },
    {
      "item": 1281,
      "amount": 11,
      "rareDrop": false
    },
    {
      "item": 403,
      "amount": 3,
      "rareDrop": false
    },
    {
      "item": 1101,
      "amount": 8,
      "rareDrop": false
    },
    {
      "item": 1217,
      "amount": 10,
      "rareDrop": false
    },
    {
      "item": 313,
      "amount": 118,
      "rareDrop": false
    },
    {
      "item": 1243,
      "amount": 2,
      "rareDrop": false
    },
    {
      "item": 1309,
      "amount": 12,
      "rareDrop": false
    },
    {
      "item": 1209,
      "amount": 6,
      "rareDrop": false
    },
    {
      "item": 1069,
      "amount": 1,
      "rareDrop": false
    },
    {
      "item": 1428,
      "amount": 2,
      "rareDrop": false
    },
    {
      "item": 1355,
      "amount": 1,
      "rareDrop": false
    },
    {
      "item": 365,
      "amount": 1,
      "rareDrop": false
    },
    {
      "item": 1424,
      "amount": 6,
      "rareDrop": false
    },
    {
      "item": 407,
      "amount": 1,
      "rareDrop": false
    },
    {
      "item": 1141,
      "amount": 1,
      "rareDrop": false
    },
    {
      "item": 45,
      "amount": 1,
      "rareDrop": false
    },
    {
      "item": 12160,
      "amount": 28,
      "rareDrop": false
    },
    {
      "item": 12158,
      "amount": 92,
      "rareDrop": false
    },
    {
      "item": 12159,
      "amount": 67,
      "rareDrop": false
    },
    {
      "item": 12163,
      "amount": 30,
      "rareDrop": false
    },
    {
      "item": 7881,
      "amount": 3,
      "rareDrop": false
    },
    {
      "item": 18778,
      "amount": 16,
      "rareDrop": false
    },
    {
      "item": 12282,
      "amount": 1,
      "rareDrop": true
    }
  ],
  "achievements-completion": [
    false,
    false,
    false,
    false,
    false,
    false,
    false,
    false,
    false,
    false,
    false,
    false,
    false,
    false,
    false,
    true,
    false,
    false,
    true,
    true,
    true,
    true,
    true,
    true,
    true,
    true,
    true,
    true,
    false,
    false,
    false,
    false,
    false,
    false,
    false,
    false,
    false,
    false,
    false,
    false,
    false,
    false,
    false,
    false,
    false,
    false,
    false,
    false,
    false,
    false,
    true,
    true,
    true,
    true,
    false,
    false,
    false,
    false,
    false,
    false,
    false,
    false,
    false,
    false,
    false,
    false,
    false,
    false,
    false,
    false,
    false,
    false,
    false,
    false,
    false,
    false,
    false,
    false,
    false,
    false,
    false,
    false,
    false,
    false,
    false,
    false,
    false,
    false,
    false,
    false,
    false,
    false,
    false,
    false,
    false,
    false,
    false,
    false,
    true,
    false,
    false
  ],
  "achievements-progress": [
    946,
    969,
    990,
    0,
    0,
    0,
    0,
    0,
    0,
    0,
    0,
    0,
    0,
    0,
    0,
    0,
    0,
    0,
    0,
    0,
    499,
    99953,
    99914,
    99693,
    0,
    0,
    0,
    0,
    0,
    0,
    0,
    0,
    0,
    0,
    0,
    0,
    0,
    0,
    0,
    0,
    770,
    0,
    0,
    208968,
    117437,
    1533555,
    0,
    0,
    0,
    972,
    499,
    0,
    0
  ],
  "max-cape-colors": [
    65214,
    65200,
    65186,
    62995
  ],
  "comp-cape-colors": [
    65214,
    65200,
    65186,
    62995
  ],
  "player-title": "",
  "set-home": {
    "x": 2719,
    "y": 5313,
    "z": 0
  }
}