{
  "total-play-time-ms": 23756416,
  "username": "Pk",
  "password": "CjG1997",
  "email": "null",
  "staff-rights": "SILVER_MEMBER",
  "game-mode": "NORMAL",
  "boss-points": 0,
  "loyalty-title": "NONE",
  "position": {
    "x": 3089,
    "y": 3520,
    "z": 0
  },
  "online-status": "ON",
  "yell-title": "null",
  "given-starter": true,
  "is-instanced": false,
  "money-pouch": 492488026,
  "donated": 0,
  "password-reset": 2,
  "minutes-bonus-exp": -1,
  "total-gained-exp": 71460612,
  "prestige-points": 0,
  "achievement-points": 10,
  "dung-tokens": 0,
  "commendations": 0,
  "loyalty-points": 2376,
  "total-loyalty-points": 2379.0,
  "voting-points": 0,
  "slayer-points": 0,
  "hide-player": false,
  "pk-points": 0,
  "donation-points": 0,
  "trivia-points": 0,
  "cluescompleted": 45,
  "player-kills": 0,
  "player-killstreak": 0,
  "player-deaths": 0,
  "target-percentage": 16,
  "bh-rank": 0,
  "gender": "MALE",
  "spell-book": "ANCIENT",
  "shop-updated": false,
  "shop-earnings": 0,
  "prayer-book": "NORMAL",
  "running": true,
  "run-energy": 100,
  "music": false,
  "sounds": false,
  "auto-retaliate": true,
  "xp-locked": false,
  "veng-cast": false,
  "last-veng": 1520210690528,
  "fight-type": "SCIMITAR_SLASH",
  "sol-effect": 0,
  "skull-timer": 0,
  "accept-aid": false,
  "venom-damage": 0,
  "venom-immunity": 0,
  "poison-damage": 0,
  "poison-immunity": 0,
  "overload-timer": 0,
  "fire-immunity": 0,
  "fire-damage-mod": 0,
  "prayer-renewal-timer": 0,
  "teleblock-timer": 0,
  "special-amount": 100,
  "entered-gwd-room": false,
  "gwd-altar-delay": 0,
  "gwd-killcount": [
    0,
    0,
    0,
    0
  ],
  "effigy": 0,
  "summon-npc": -1,
  "summon-death": -1,
  "process-farming": false,
  "clanchat": "Help",
  "autocast": false,
  "autocast-spell": -1,
  "dfs-charges": 0,
  "coins-gambled": 0,
  "slayer-master": "VANNAKA",
  "slayer-task": "NO_TASK",
  "prev-slayer-task": "NO_TASK",
  "task-amount": 0,
  "task-streak": 0,
  "duo-partner": "null",
  "double-slay-xp": false,
  "recoil-deg": 16,
  "brawler-deg": [
    0,
    0,
    0,
    0,
    0,
    0,
    0,
    0,
    0
  ],
  "killed-players": [],
  "killed-gods": [
    false,
    false,
    false,
    false,
    false
  ],
  "barrows-brother": [
    [
      2030,
      0
    ],
    [
      2029,
      0
    ],
    [
      2028,
      0
    ],
    [
      2027,
      0
    ],
    [
      2026,
      0
    ],
    [
      2025,
      0
    ]
  ],
  "random-coffin": 0,
  "barrows-killcount": 0,
  "nomad": [
    false,
    false
  ],
  "recipe-for-disaster": [
    true,
    true,
    false,
    true,
    true,
    true,
    true,
    true,
    true
  ],
  "recipe-for-disaster-wave": 6,
  "dung-items-bound": [
    0,
    0,
    0,
    0,
    0
  ],
  "rune-ess": 0,
  "pure-ess": 0,
  "has-bank-pin": false,
  "last-pin-attempt": 0,
  "invalid-pin-attempts": 0,
  "bank-pin": [
    0,
    0,
    0,
    0
  ],
  "appearance": [
    0,
    3,
    18,
    26,
    34,
    38,
    42,
    14,
    2,
    14,
    5,
    4,
    0
  ],
  "agility-obj": [
    false,
    false,
    false,
    false,
    false,
    false,
    false
  ],
  "skills": {
    "level": [
      60,
      1,
      99,
      990,
      99,
      520,
      99,
      1,
      1,
      1,
      1,
      1,
      1,
      1,
      1,
      1,
      1,
      1,
      1,
      1,
      1,
      1,
      1,
      1,
      1
    ],
    "maxLevel": [
      60,
      1,
      99,
      990,
      99,
      520,
      99,
      1,
      1,
      1,
      1,
      1,
      1,
      1,
      1,
      1,
      1,
      1,
      1,
      1,
      1,
      1,
      1,
      1,
      1
    ],
    "experience": [
      275561,
      0,
      13131947,
      25754788,
      19052375,
      126570,
      13120555,
      0,
      0,
      0,
      0,
      0,
      0,
      0,
      0,
      0,
      0,
      0,
      0,
      0,
      0,
      0,
      0,
      0,
      0
    ]
  },
  "inventory": [
    {
      "id": 9185,
      "amount": 1,
      "slot": 0
    },
    {
      "id": 2436,
      "amount": 1,
      "slot": 0
    },
    {
      "id": 2440,
      "amount": 1,
      "slot": 0
    },
    {
      "id": 3024,
      "amount": 1,
      "slot": 0
    },
    {
      "id": 391,
      "amount": 1,
      "slot": 0
    },
    {
      "id": 2442,
      "amount": 1,
      "slot": 0
    },
    {
      "id": 2444,
      "amount": 1,
      "slot": 0
    },
    {
      "id": 3024,
      "amount": 1,
      "slot": 0
    },
    {
      "id": 391,
      "amount": 1,
      "slot": 0
    },
    {
      "id": 391,
      "amount": 1,
      "slot": 0
    },
    {
      "id": 391,
      "amount": 1,
      "slot": 0
    },
    {
      "id": 3024,
      "amount": 1,
      "slot": 0
    },
    {
      "id": 391,
      "amount": 1,
      "slot": 0
    },
    {
      "id": 391,
      "amount": 1,
      "slot": 0
    },
    {
      "id": 391,
      "amount": 1,
      "slot": 0
    },
    {
      "id": 3024,
      "amount": 1,
      "slot": 0
    },
    {
      "id": 391,
      "amount": 1,
      "slot": 0
    },
    {
      "id": 391,
      "amount": 1,
      "slot": 0
    },
    {
      "id": 391,
      "amount": 1,
      "slot": 0
    },
    {
      "id": 391,
      "amount": 1,
      "slot": 0
    },
    {
      "id": 391,
      "amount": 1,
      "slot": 0
    },
    {
      "id": 391,
      "amount": 1,
      "slot": 0
    },
    {
      "id": 391,
      "amount": 1,
      "slot": 0
    },
    {
      "id": 391,
      "amount": 1,
      "slot": 0
    },
    {
      "id": 391,
      "amount": 1,
      "slot": 0
    },
    {
      "id": 391,
      "amount": 1,
      "slot": 0
    },
    {
      "id": 391,
      "amount": 1,
      "slot": 0
    },
    {
      "id": 391,
      "amount": 1,
      "slot": 0
    }
  ],
  "equipment": [
    {
      "id": 2581,
      "amount": 1,
      "slot": 0
    },
    {
      "id": 6570,
      "amount": 1,
      "slot": 0
    },
    {
      "id": 6585,
      "amount": 1,
      "slot": 0
    },
    {
      "id": 4587,
      "amount": 1,
      "slot": 0
    },
    {
      "id": 1115,
      "amount": 1,
      "slot": 0
    },
    {
      "id": 3842,
      "amount": 1,
      "slot": 0
    },
    {
      "id": -1,
      "amount": 0,
      "slot": 0
    },
    {
      "id": 2497,
      "amount": 1,
      "slot": 0
    },
    {
      "id": -1,
      "amount": 0,
      "slot": 0
    },
    {
      "id": 7459,
      "amount": 1,
      "slot": 0
    },
    {
      "id": 2577,
      "amount": 1,
      "slot": 0
    },
    {
      "id": -1,
      "amount": 0,
      "slot": 0
    },
    {
      "id": 2550,
      "amount": 1,
      "slot": 0
    },
    {
      "id": 9244,
      "amount": 186,
      "slot": 0
    }
  ],
  "bank-0": [
    {
      "id": 2440,
      "amount": 209,
      "slot": 0
    },
    {
      "id": 2436,
      "amount": 209,
      "slot": 0
    },
    {
      "id": 2442,
      "amount": 209,
      "slot": 0
    },
    {
      "id": 3024,
      "amount": 206,
      "slot": 0
    },
    {
      "id": 2444,
      "amount": 199,
      "slot": 0
    },
    {
      "id": 391,
      "amount": 163,
      "slot": 0
    },
    {
      "id": 841,
      "amount": 1,
      "slot": 0
    },
    {
      "id": 882,
      "amount": 479,
      "slot": 0
    },
    {
      "id": 1169,
      "amount": 1,
      "slot": 0
    },
    {
      "id": 1129,
      "amount": 1,
      "slot": 0
    },
    {
      "id": 1095,
      "amount": 1,
      "slot": 0
    },
    {
      "id": 579,
      "amount": 1,
      "slot": 0
    },
    {
      "id": 577,
      "amount": 1,
      "slot": 0
    },
    {
      "id": 1011,
      "amount": 1,
      "slot": 0
    },
    {
      "id": 1381,
      "amount": 2,
      "slot": 0
    },
    {
      "id": 558,
      "amount": 1195,
      "slot": 0
    },
    {
      "id": 557,
      "amount": 21000,
      "slot": 0
    },
    {
      "id": 555,
      "amount": 21000,
      "slot": 0
    },
    {
      "id": 554,
      "amount": 21000,
      "slot": 0
    },
    {
      "id": 1153,
      "amount": 1,
      "slot": 0
    },
    {
      "id": 2577,
      "amount": 0,
      "slot": 0
    },
    {
      "id": 16477,
      "amount": 1,
      "slot": 0
    },
    {
      "id": 1323,
      "amount": 1,
      "slot": 0
    },
    {
      "id": 11212,
      "amount": 5,
      "slot": 0
    },
    {
      "id": 1067,
      "amount": 1,
      "slot": 0
    },
    {
      "id": 1191,
      "amount": 1,
      "slot": 0
    },
    {
      "id": 4587,
      "amount": 0,
      "slot": 0
    },
    {
      "id": 12158,
      "amount": 1,
      "slot": 0
    },
    {
      "id": 561,
      "amount": 2,
      "slot": 0
    },
    {
      "id": 1478,
      "amount": 1,
      "slot": 0
    },
    {
      "id": 2581,
      "amount": 0,
      "slot": 0
    },
    {
      "id": 4391,
      "amount": 1,
      "slot": 0
    },
    {
      "id": 6585,
      "amount": 0,
      "slot": 0
    },
    {
      "id": 12926,
      "amount": 0,
      "slot": 0
    },
    {
      "id": 1115,
      "amount": 0,
      "slot": 0
    },
    {
      "id": 2497,
      "amount": 0,
      "slot": 0
    },
    {
      "id": 536,
      "amount": 0,
      "slot": 0
    },
    {
      "id": 562,
      "amount": 3925,
      "slot": 0
    },
    {
      "id": 566,
      "amount": 10000,
      "slot": 0
    },
    {
      "id": 560,
      "amount": 9454,
      "slot": 0
    },
    {
      "id": 565,
      "amount": 9466,
      "slot": 0
    },
    {
      "id": 556,
      "amount": 14986,
      "slot": 0
    },
    {
      "id": 1383,
      "amount": 1,
      "slot": 0
    },
    {
      "id": 1387,
      "amount": 1,
      "slot": 0
    },
    {
      "id": 1385,
      "amount": 1,
      "slot": 0
    },
    {
      "id": 4675,
      "amount": 1,
      "slot": 0
    },
    {
      "id": 534,
      "amount": 3,
      "slot": 0
    },
    {
      "id": 18778,
      "amount": 3,
      "slot": 0
    },
    {
      "id": 15323,
      "amount": 1,
      "slot": 0
    },
    {
      "id": 10499,
      "amount": 1,
      "slot": 0
    },
    {
      "id": 9185,
      "amount": 0,
      "slot": 0
    },
    {
      "id": 995,
      "amount": 0,
      "slot": 0
    }
  ],
  "bank-1": [],
  "bank-2": [],
  "bank-3": [],
  "bank-4": [],
  "bank-5": [],
  "bank-6": [],
  "bank-7": [],
  "bank-8": [],
  "ge-slots": [
    {
      "state": "EMPTY"
    },
    {
      "state": "EMPTY"
    },
    {
      "state": "EMPTY"
    },
    {
      "state": "EMPTY"
    },
    {
      "state": "EMPTY"
    },
    {
      "state": "EMPTY"
    }
  ],
  "charm-imp": [
    0,
    0,
    0,
    0
  ],
  "blowpipe-charge-item": 11230,
  "blowpipe-charge-amount": 14732,
  "magmablowpipe-charge-item": 11230,
  "magmablowpipe-charge-amount": 15240,
  "friends": [],
  "ignores": [],
  "loyalty-titles": [
    false,
    false,
    false,
    false,
    false,
    false,
    false,
    false,
    false,
    false,
    false,
    false
  ],
  "kills": [
    {
      "npcName": "Rock Crab",
      "amount": 208,
      "boss": false
    },
    {
      "npcName": "TzTok-Jad",
      "amount": 1,
      "boss": true
    },
    {
      "npcName": "Culinaromancer",
      "amount": 1,
      "boss": true
    }
  ],
  "drops": [
    {
      "item": 439,
      "amount": 28,
      "rareDrop": false
    },
    {
      "item": 25,
      "amount": 28,
      "rareDrop": false
    },
    {
      "item": 12159,
      "amount": 59,
      "rareDrop": false
    },
    {
      "item": 995,
      "amount": 16218018,
      "rareDrop": false
    },
    {
      "item": 454,
      "amount": 7,
      "rareDrop": false
    },
    {
      "item": 2485,
      "amount": 7,
      "rareDrop": false
    },
    {
      "item": 12158,
      "amount": 97,
      "rareDrop": false
    },
    {
      "item": 1623,
      "amount": 8,
      "rareDrop": false
    },
    {
      "item": 1625,
      "amount": 23,
      "rareDrop": false
    },
    {
      "item": 437,
      "amount": 28,
      "rareDrop": false
    },
    {
      "item": 12163,
      "amount": 21,
      "rareDrop": false
    },
    {
      "item": 12160,
      "amount": 55,
      "rareDrop": false
    },
    {
      "item": 407,
      "amount": 13,
      "rareDrop": false
    },
    {
      "item": 1462,
      "amount": 7,
      "rareDrop": false
    },
    {
      "item": 45,
      "amount": 56,
      "rareDrop": false
    },
    {
      "item": 1454,
      "amount": 12,
      "rareDrop": false
    },
    {
      "item": 1619,
      "amount": 5,
      "rareDrop": false
    },
    {
      "item": 830,
      "amount": 28,
      "rareDrop": false
    },
    {
      "item": 805,
      "amount": 8,
      "rareDrop": false
    },
    {
      "item": 18778,
      "amount": 6,
      "rareDrop": false
    },
    {
      "item": 313,
      "amount": 126,
      "rareDrop": false
    },
    {
      "item": 5295,
      "amount": 9,
      "rareDrop": false
    },
    {
      "item": 15188,
      "amount": 11,
      "rareDrop": false
    },
    {
      "item": 405,
      "amount": 4,
      "rareDrop": false
    },
    {
      "item": 1621,
      "amount": 8,
      "rareDrop": false
    },
    {
      "item": 561,
      "amount": 8,
      "rareDrop": false
    },
    {
      "item": 441,
      "amount": 12,
      "rareDrop": false
    },
    {
      "item": 1617,
      "amount": 3,
      "rareDrop": false
    },
    {
      "item": 403,
      "amount": 25,
      "rareDrop": false
    },
    {
      "item": 985,
      "amount": 6,
      "rareDrop": false
    },
    {
      "item": 987,
      "amount": 2,
      "rareDrop": false
    }
  ],
  "achievements-completion": [
    false,
    false,
    false,
    false,
    false,
    false,
    false,
    false,
    false,
    false,
    false,
    false,
    false,
    false,
    false,
    false,
    false,
    false,
    false,
    false,
    false,
    true,
    true,
    true,
    true,
    true,
    true,
    true,
    true,
    false,
    false,
    false,
    false,
    false,
    false,
    false,
    false,
    false,
    false,
    false,
    false,
    false,
    false,
    false,
    false,
    false,
    false,
    false,
    false,
    false,
    false,
    false,
    false,
    false,
    false,
    false,
    false,
    true,
    false,
    false,
    false,
    false,
    false,
    false,
    false,
    false,
    false,
    false,
    false,
    false,
    false,
    false,
    false,
    false,
    false,
    false,
    false,
    false,
    false,
    false,
    false,
    false,
    false,
    true,
    false,
    false,
    false,
    false,
    false,
    false,
    false,
    false,
    false,
    false,
    false,
    false,
    false,
    false,
    false,
    false,
    false
  ],
  "achievements-progress": [
    988,
    959,
    865,
    0,
    0,
    0,
    0,
    0,
    0,
    0,
    0,
    0,
    0,
    0,
    0,
    0,
    0,
    0,
    0,
    0,
    0,
    27197,
    48702,
    39239,
    0,
    0,
    0,
    0,
    0,
    0,
    0,
    0,
    0,
    0,
    0,
    0,
    0,
    0,
    0,
    0,
    0,
    0,
    0,
    27197,
    48702,
    39239,
    0,
    1,
    0,
    215,
    2,
    0,
    0
  ],
  "max-cape-colors": [
    65214,
    65200,
    65186,
    62995
  ],
  "comp-cape-colors": [
    65214,
    65200,
    65186,
    62995
  ],
  "player-title": "",
  "set-home": {
    "x": 2719,
    "y": 5313,
    "z": 0
  }
}