{
  "total-play-time-ms": 407887251,
  "username": "Conor",
  "password": "CjG1997",
  "email": "null",
  "staff-rights": "MANAGER",
  "game-mode": "NORMAL",
  "boss-points": 161,
  "loyalty-title": "NONE",
  "position": {
    "x": 2719,
    "y": 5313,
    "z": 0
  },
  "online-status": "ON",
  "yell-title": "MANAGER",
  "given-starter": true,
  "is-instanced": false,
  "money-pouch": 26178875571,
  "donated": 2260,
  "password-reset": 2,
  "minutes-bonus-exp": -1,
  "total-gained-exp": -1435367053,
  "prestige-points": 0,
  "achievement-points": 22,
  "dung-tokens": 0,
  "commendations": 0,
  "loyalty-points": 66647,
  "total-loyalty-points": 66648.5,
  "voting-points": 3,
  "slayer-points": 0,
  "hide-player": false,
  "pk-points": 1,
  "donation-points": 48850,
  "trivia-points": 72,
  "cluescompleted": 0,
  "player-kills": 1,
  "player-killstreak": 0,
  "player-deaths": 3,
  "target-percentage": 100,
  "bh-rank": 0,
  "gender": "MALE",
  "spell-book": "NORMAL",
  "shop-updated": false,
  "shop-earnings": 0,
  "prayer-book": "CURSES",
  "running": true,
  "run-energy": 100,
  "music": false,
  "sounds": false,
  "auto-retaliate": false,
  "xp-locked": false,
  "veng-cast": false,
  "last-veng": 1519754616469,
  "fight-type": "UNARMED_KICK",
  "sol-effect": 0,
  "skull-timer": 0,
  "accept-aid": false,
  "venom-damage": 0,
  "venom-immunity": 0,
  "poison-damage": 0,
  "poison-immunity": 0,
  "overload-timer": 0,
  "fire-immunity": 0,
  "fire-damage-mod": 0,
  "prayer-renewal-timer": 0,
  "teleblock-timer": 0,
  "special-amount": 100,
  "entered-gwd-room": false,
  "gwd-altar-delay": 0,
  "gwd-killcount": [
    0,
    0,
    0,
    0
  ],
  "effigy": 0,
  "summon-npc": -1,
  "summon-death": -1,
  "process-farming": false,
  "clanchat": "Help",
  "autocast": false,
  "autocast-spell": -1,
  "dfs-charges": 0,
  "coins-gambled": 0,
  "slayer-master": "DURADEL",
  "slayer-task": "NO_TASK",
  "prev-slayer-task": "NO_TASK",
  "task-amount": 0,
  "task-streak": 0,
  "duo-partner": "null",
  "double-slay-xp": false,
  "recoil-deg": 0,
  "brawler-deg": [
    0,
    0,
    0,
    0,
    0,
    0,
    0,
    0,
    0
  ],
  "killed-players": [
    "Ace"
  ],
  "killed-gods": [
    false,
    false,
    false,
    true,
    false
  ],
  "barrows-brother": [
    [
      2030,
      0
    ],
    [
      2029,
      0
    ],
    [
      2028,
      0
    ],
    [
      2027,
      0
    ],
    [
      2026,
      0
    ],
    [
      2025,
      0
    ]
  ],
  "random-coffin": 1,
  "barrows-killcount": 0,
  "nomad": [
    true,
    true
  ],
  "recipe-for-disaster": [
    true,
    true,
    false,
    true,
    true,
    true,
    true,
    true,
    true
  ],
  "recipe-for-disaster-wave": 6,
  "dung-items-bound": [
    0,
    0,
    0,
    0,
    0
  ],
  "rune-ess": 0,
  "pure-ess": 0,
  "has-bank-pin": false,
  "last-pin-attempt": 0,
  "invalid-pin-attempts": 0,
  "bank-pin": [
    0,
    0,
    0,
    0
  ],
  "appearance": [
    0,
    1,
    18,
    26,
    34,
    36,
    43,
    10,
    1,
    5,
    6,
    2,
    0
  ],
  "agility-obj": [
    false,
    false,
    false,
    false,
    false,
    false,
    false
  ],
  "skills": {
    "level": [
      99,
      379,
      379,
      148443,
      377,
      990,
      99,
      99,
      99,
      1,
      1,
      1,
      1,
      1,
      99,
      1,
      1,
      1,
      99,
      37,
      1,
      3,
      1,
      99,
      99
    ],
    "maxLevel": [
      99,
      9999,
      9999,
      990,
      9999,
      990,
      99,
      99,
      99,
      1,
      1,
      1,
      1,
      1,
      99,
      1,
      1,
      1,
      99,
      37,
      1,
      3,
      1,
      99,
      99
    ],
    "experience": [
      13034431,
      536870911,
      557652038,
      1000000000,
      538824917,
      13034431,
      13034431,
      13034431,
      13034431,
      0,
      0,
      0,
      0,
      0,
      13034431,
      0,
      0,
      0,
      13034431,
      29420,
      0,
      174,
      0,
      13034431,
      13034431
    ]
  },
  "inventory": [
    {
      "id": 6137,
      "amount": 1,
      "slot": 0
    },
    {
      "id": 6371,
      "amount": 1,
      "slot": 0
    },
    {
      "id": 6924,
      "amount": 1,
      "slot": 0
    },
    {
      "id": 6147,
      "amount": 1,
      "slot": 0
    },
    {
      "id": 9925,
      "amount": 1,
      "slot": 0
    },
    {
      "id": 6139,
      "amount": 1,
      "slot": 0
    },
    {
      "id": 6141,
      "amount": 1,
      "slot": 0
    },
    {
      "id": 12927,
      "amount": 1,
      "slot": 0
    },
    {
      "id": -1,
      "amount": 0,
      "slot": 0
    },
    {
      "id": -1,
      "amount": 0,
      "slot": 0
    },
    {
      "id": -1,
      "amount": 0,
      "slot": 0
    },
    {
      "id": -1,
      "amount": 0,
      "slot": 0
    },
    {
      "id": -1,
      "amount": 0,
      "slot": 0
    },
    {
      "id": -1,
      "amount": 0,
      "slot": 0
    },
    {
      "id": -1,
      "amount": 0,
      "slot": 0
    },
    {
      "id": -1,
      "amount": 0,
      "slot": 0
    },
    {
      "id": -1,
      "amount": 0,
      "slot": 0
    },
    {
      "id": -1,
      "amount": 0,
      "slot": 0
    },
    {
      "id": -1,
      "amount": 0,
      "slot": 0
    },
    {
      "id": -1,
      "amount": 0,
      "slot": 0
    },
    {
      "id": -1,
      "amount": 0,
      "slot": 0
    },
    {
      "id": -1,
      "amount": 0,
      "slot": 0
    },
    {
      "id": -1,
      "amount": 0,
      "slot": 0
    },
    {
      "id": -1,
      "amount": 0,
      "slot": 0
    },
    {
      "id": -1,
      "amount": 0,
      "slot": 0
    },
    {
      "id": -1,
      "amount": 0,
      "slot": 0
    },
    {
      "id": -1,
      "amount": 0,
      "slot": 0
    },
    {
      "id": -1,
      "amount": 0,
      "slot": 0
    }
  ],
  "equipment": [
    {
      "id": 14049,
      "amount": 1,
      "slot": 0
    },
    {
      "id": 14022,
      "amount": 1,
      "slot": 0
    },
    {
      "id": 19888,
      "amount": 1,
      "slot": 0
    },
    {
      "id": 4084,
      "amount": 1,
      "slot": 0
    },
    {
      "id": 9924,
      "amount": 1,
      "slot": 0
    },
    {
      "id": -1,
      "amount": 0,
      "slot": 0
    },
    {
      "id": -1,
      "amount": 0,
      "slot": 0
    },
    {
      "id": 9923,
      "amount": 1,
      "slot": 0
    },
    {
      "id": -1,
      "amount": 0,
      "slot": 0
    },
    {
      "id": 9922,
      "amount": 1,
      "slot": 0
    },
    {
      "id": 9921,
      "amount": 1,
      "slot": 0
    },
    {
      "id": -1,
      "amount": 0,
      "slot": 0
    },
    {
      "id": -1,
      "amount": 0,
      "slot": 0
    },
    {
      "id": 11212,
      "amount": 1015817,
      "slot": 0
    }
  ],
  "bank-0": [
    {
      "id": 391,
      "amount": 215,
      "slot": 0
    },
    {
      "id": 841,
      "amount": 10,
      "slot": 0
    },
    {
      "id": 882,
      "amount": 500,
      "slot": 0
    },
    {
      "id": 1169,
      "amount": 10,
      "slot": 0
    },
    {
      "id": 1129,
      "amount": 10,
      "slot": 0
    },
    {
      "id": 1095,
      "amount": 10,
      "slot": 0
    },
    {
      "id": 579,
      "amount": 2,
      "slot": 0
    },
    {
      "id": 577,
      "amount": 3,
      "slot": 0
    },
    {
      "id": 1011,
      "amount": 10,
      "slot": 0
    },
    {
      "id": 1381,
      "amount": 10,
      "slot": 0
    },
    {
      "id": 1323,
      "amount": 2,
      "slot": 0
    },
    {
      "id": 1115,
      "amount": 10,
      "slot": 0
    },
    {
      "id": 1067,
      "amount": 10,
      "slot": 0
    },
    {
      "id": 1191,
      "amount": 10,
      "slot": 0
    },
    {
      "id": 1153,
      "amount": 10,
      "slot": 0
    },
    {
      "id": 7936,
      "amount": 140,
      "slot": 0
    },
    {
      "id": 213,
      "amount": 134,
      "slot": 0
    },
    {
      "id": 1275,
      "amount": 2,
      "slot": 0
    },
    {
      "id": 1513,
      "amount": 762,
      "slot": 0
    },
    {
      "id": 1617,
      "amount": 2,
      "slot": 0
    },
    {
      "id": 451,
      "amount": 142,
      "slot": 0
    },
    {
      "id": 52,
      "amount": 100,
      "slot": 0
    },
    {
      "id": 1631,
      "amount": 12,
      "slot": 0
    },
    {
      "id": 25,
      "amount": 14,
      "slot": 0
    },
    {
      "id": 12159,
      "amount": 24,
      "slot": 0
    },
    {
      "id": 12163,
      "amount": 30,
      "slot": 0
    },
    {
      "id": 12160,
      "amount": 28,
      "slot": 0
    },
    {
      "id": 309,
      "amount": 10,
      "slot": 0
    },
    {
      "id": 534,
      "amount": 5,
      "slot": 0
    },
    {
      "id": 14021,
      "amount": 5,
      "slot": 0
    },
    {
      "id": 4391,
      "amount": 10,
      "slot": 0
    },
    {
      "id": 18782,
      "amount": 23,
      "slot": 0
    },
    {
      "id": 7394,
      "amount": 10,
      "slot": 0
    },
    {
      "id": 7390,
      "amount": 10,
      "slot": 0
    },
    {
      "id": 7386,
      "amount": 12,
      "slot": 0
    },
    {
      "id": 13867,
      "amount": 19,
      "slot": 0
    },
    {
      "id": 2595,
      "amount": 3,
      "slot": 0
    },
    {
      "id": 2591,
      "amount": 2,
      "slot": 0
    },
    {
      "id": 2593,
      "amount": 2,
      "slot": 0
    },
    {
      "id": 2597,
      "amount": 3,
      "slot": 0
    },
    {
      "id": 4151,
      "amount": 131,
      "slot": 0
    },
    {
      "id": 1478,
      "amount": 10,
      "slot": 0
    },
    {
      "id": 453,
      "amount": 602,
      "slot": 0
    },
    {
      "id": 14678,
      "amount": 3,
      "slot": 0
    },
    {
      "id": 18689,
      "amount": 2,
      "slot": 0
    },
    {
      "id": 13758,
      "amount": 2,
      "slot": 0
    },
    {
      "id": 13158,
      "amount": 10,
      "slot": 0
    },
    {
      "id": 15272,
      "amount": 50367,
      "slot": 0
    },
    {
      "id": 1621,
      "amount": 149,
      "slot": 0
    },
    {
      "id": 892,
      "amount": 15136,
      "slot": 0
    },
    {
      "id": 2675,
      "amount": 10,
      "slot": 0
    },
    {
      "id": 1633,
      "amount": 2,
      "slot": 0
    },
    {
      "id": 2663,
      "amount": 10,
      "slot": 0
    },
    {
      "id": 449,
      "amount": 65,
      "slot": 0
    },
    {
      "id": 9143,
      "amount": 2000,
      "slot": 0
    },
    {
      "id": 6529,
      "amount": 1700900,
      "slot": 0
    },
    {
      "id": 11978,
      "amount": 10,
      "slot": 0
    },
    {
      "id": 6055,
      "amount": 10,
      "slot": 0
    },
    {
      "id": 12158,
      "amount": 31,
      "slot": 0
    },
    {
      "id": 15270,
      "amount": 6,
      "slot": 0
    },
    {
      "id": 157,
      "amount": 10,
      "slot": 0
    },
    {
      "id": 163,
      "amount": 10,
      "slot": 0
    },
    {
      "id": 145,
      "amount": 10,
      "slot": 0
    },
    {
      "id": 6685,
      "amount": 10,
      "slot": 0
    },
    {
      "id": 6585,
      "amount": 117,
      "slot": 0
    },
    {
      "id": 4718,
      "amount": 2,
      "slot": 0
    },
    {
      "id": 4716,
      "amount": 2,
      "slot": 0
    },
    {
      "id": 4720,
      "amount": 10,
      "slot": 0
    },
    {
      "id": 4722,
      "amount": 10,
      "slot": 0
    },
    {
      "id": 11732,
      "amount": 3,
      "slot": 0
    },
    {
      "id": 9244,
      "amount": 21528,
      "slot": 0
    },
    {
      "id": 3204,
      "amount": 17,
      "slot": 0
    },
    {
      "id": 15126,
      "amount": 11,
      "slot": 0
    },
    {
      "id": 6922,
      "amount": 19,
      "slot": 0
    },
    {
      "id": 6809,
      "amount": 12,
      "slot": 0
    },
    {
      "id": 4675,
      "amount": 12,
      "slot": 0
    },
    {
      "id": 11884,
      "amount": 18,
      "slot": 0
    },
    {
      "id": 11906,
      "amount": 16,
      "slot": 0
    },
    {
      "id": 11882,
      "amount": 23,
      "slot": 0
    },
    {
      "id": 15259,
      "amount": 16,
      "slot": 0
    },
    {
      "id": 13902,
      "amount": 10,
      "slot": 0
    },
    {
      "id": 6103,
      "amount": 0,
      "slot": 0
    },
    {
      "id": 2579,
      "amount": 24,
      "slot": 0
    },
    {
      "id": 19061,
      "amount": 10,
      "slot": 0
    },
    {
      "id": 19066,
      "amount": 4,
      "slot": 0
    },
    {
      "id": 19064,
      "amount": 10,
      "slot": 0
    },
    {
      "id": 19067,
      "amount": 10,
      "slot": 0
    },
    {
      "id": 19055,
      "amount": 10,
      "slot": 0
    },
    {
      "id": 19039,
      "amount": 10,
      "slot": 0
    },
    {
      "id": 3753,
      "amount": 18,
      "slot": 0
    },
    {
      "id": 7668,
      "amount": 10,
      "slot": 0
    },
    {
      "id": 18965,
      "amount": 3,
      "slot": 0
    },
    {
      "id": 14684,
      "amount": 10,
      "slot": 0
    },
    {
      "id": 12029,
      "amount": 10,
      "slot": 0
    },
    {
      "id": 385,
      "amount": 10,
      "slot": 0
    },
    {
      "id": 7574,
      "amount": 10,
      "slot": 0
    },
    {
      "id": 16877,
      "amount": 10,
      "slot": 0
    },
    {
      "id": 2428,
      "amount": 10,
      "slot": 0
    },
    {
      "id": 2275,
      "amount": 10,
      "slot": 0
    },
    {
      "id": 11690,
      "amount": 10,
      "slot": 0
    },
    {
      "id": 11692,
      "amount": 10,
      "slot": 0
    },
    {
      "id": 11120,
      "amount": 10,
      "slot": 0
    },
    {
      "id": 11212,
      "amount": 1,
      "slot": 0
    },
    {
      "id": 18371,
      "amount": 2,
      "slot": 0
    },
    {
      "id": 11716,
      "amount": 2,
      "slot": 0
    },
    {
      "id": 6522,
      "amount": 10,
      "slot": 0
    },
    {
      "id": 19789,
      "amount": 10,
      "slot": 0
    },
    {
      "id": 1249,
      "amount": 12,
      "slot": 0
    },
    {
      "id": 11235,
      "amount": 4,
      "slot": 0
    },
    {
      "id": 1419,
      "amount": 2,
      "slot": 0
    },
    {
      "id": 10732,
      "amount": 3,
      "slot": 0
    },
    {
      "id": 15486,
      "amount": 7,
      "slot": 0
    },
    {
      "id": 4587,
      "amount": 11,
      "slot": 0
    },
    {
      "id": 6920,
      "amount": 23,
      "slot": 0
    },
    {
      "id": 1434,
      "amount": 10,
      "slot": 0
    },
    {
      "id": 11730,
      "amount": 8,
      "slot": 0
    },
    {
      "id": 10564,
      "amount": 14,
      "slot": 0
    },
    {
      "id": 10828,
      "amount": 18,
      "slot": 0
    },
    {
      "id": 6528,
      "amount": 10,
      "slot": 0
    },
    {
      "id": 1377,
      "amount": 10,
      "slot": 0
    },
    {
      "id": 20084,
      "amount": 19,
      "slot": 0
    },
    {
      "id": 10589,
      "amount": 13,
      "slot": 0
    },
    {
      "id": 6500,
      "amount": 10,
      "slot": 0
    },
    {
      "id": 13857,
      "amount": 16,
      "slot": 0
    },
    {
      "id": 6739,
      "amount": 19,
      "slot": 0
    },
    {
      "id": 4153,
      "amount": 13,
      "slot": 0
    },
    {
      "id": 3751,
      "amount": 12,
      "slot": 0
    },
    {
      "id": 17273,
      "amount": 5,
      "slot": 0
    },
    {
      "id": 1305,
      "amount": 16,
      "slot": 0
    },
    {
      "id": 13899,
      "amount": 11,
      "slot": 0
    },
    {
      "id": 7158,
      "amount": 6,
      "slot": 0
    },
    {
      "id": 13896,
      "amount": 9,
      "slot": 0
    },
    {
      "id": 11133,
      "amount": 12,
      "slot": 0
    },
    {
      "id": 2568,
      "amount": 9,
      "slot": 0
    },
    {
      "id": 2572,
      "amount": 89,
      "slot": 0
    },
    {
      "id": 6,
      "amount": 13,
      "slot": 0
    },
    {
      "id": 10,
      "amount": 14,
      "slot": 0
    },
    {
      "id": 12,
      "amount": 11,
      "slot": 0
    },
    {
      "id": 8,
      "amount": 14,
      "slot": 0
    },
    {
      "id": 13444,
      "amount": 3,
      "slot": 0
    },
    {
      "id": 14019,
      "amount": 3,
      "slot": 0
    },
    {
      "id": 5023,
      "amount": 3,
      "slot": 0
    },
    {
      "id": 12632,
      "amount": 80,
      "slot": 0
    },
    {
      "id": 19058,
      "amount": 10,
      "slot": 0
    },
    {
      "id": 542,
      "amount": 2,
      "slot": 0
    },
    {
      "id": 19059,
      "amount": 10,
      "slot": 0
    },
    {
      "id": 19004,
      "amount": 10,
      "slot": 0
    },
    {
      "id": 18978,
      "amount": 10,
      "slot": 0
    },
    {
      "id": 15501,
      "amount": 7475,
      "slot": 0
    },
    {
      "id": 544,
      "amount": 3,
      "slot": 0
    },
    {
      "id": 4728,
      "amount": 2,
      "slot": 0
    },
    {
      "id": 4751,
      "amount": 2,
      "slot": 0
    },
    {
      "id": 9242,
      "amount": 68,
      "slot": 0
    },
    {
      "id": 383,
      "amount": 70,
      "slot": 0
    },
    {
      "id": 7060,
      "amount": 250,
      "slot": 0
    },
    {
      "id": 1403,
      "amount": 10,
      "slot": 0
    },
    {
      "id": 17287,
      "amount": 2,
      "slot": 0
    },
    {
      "id": 17285,
      "amount": 3,
      "slot": 0
    },
    {
      "id": 205,
      "amount": 178,
      "slot": 0
    },
    {
      "id": 559,
      "amount": 1719,
      "slot": 0
    },
    {
      "id": 16335,
      "amount": 2,
      "slot": 0
    },
    {
      "id": 9769,
      "amount": 10,
      "slot": 0
    },
    {
      "id": 1333,
      "amount": 259,
      "slot": 0
    },
    {
      "id": 207,
      "amount": 59,
      "slot": 0
    },
    {
      "id": 868,
      "amount": 216,
      "slot": 0
    },
    {
      "id": 6199,
      "amount": 2002,
      "slot": 0
    },
    {
      "id": 6371,
      "amount": 9,
      "slot": 0
    },
    {
      "id": 10942,
      "amount": 5,
      "slot": 0
    },
    {
      "id": 10934,
      "amount": 5,
      "slot": 0
    },
    {
      "id": 10935,
      "amount": 7,
      "slot": 0
    },
    {
      "id": 4736,
      "amount": 4,
      "slot": 0
    },
    {
      "id": 4738,
      "amount": 10,
      "slot": 0
    },
    {
      "id": 3842,
      "amount": 2,
      "slot": 0
    },
    {
      "id": 12212,
      "amount": 10,
      "slot": 0
    },
    {
      "id": 13047,
      "amount": 10,
      "slot": 0
    },
    {
      "id": 4745,
      "amount": 4,
      "slot": 0
    },
    {
      "id": 5576,
      "amount": 2,
      "slot": 0
    },
    {
      "id": 3749,
      "amount": 2,
      "slot": 0
    },
    {
      "id": 5574,
      "amount": 3,
      "slot": 0
    },
    {
      "id": 4095,
      "amount": 4,
      "slot": 0
    },
    {
      "id": 861,
      "amount": 3,
      "slot": 0
    },
    {
      "id": 15243,
      "amount": 10,
      "slot": 0
    },
    {
      "id": 1127,
      "amount": 4,
      "slot": 0
    },
    {
      "id": 5575,
      "amount": 4,
      "slot": 0
    },
    {
      "id": 1079,
      "amount": 3,
      "slot": 0
    },
    {
      "id": 2526,
      "amount": 3,
      "slot": 0
    },
    {
      "id": 3105,
      "amount": 10,
      "slot": 0
    },
    {
      "id": 1163,
      "amount": 10,
      "slot": 0
    },
    {
      "id": 11848,
      "amount": 10,
      "slot": 0
    },
    {
      "id": 13734,
      "amount": 11,
      "slot": 0
    },
    {
      "id": 7400,
      "amount": 10,
      "slot": 0
    },
    {
      "id": 2947,
      "amount": 10,
      "slot": 0
    },
    {
      "id": 1093,
      "amount": 5,
      "slot": 0
    },
    {
      "id": 6326,
      "amount": 10,
      "slot": 0
    },
    {
      "id": 1201,
      "amount": 10,
      "slot": 0
    },
    {
      "id": 4093,
      "amount": 3,
      "slot": 0
    },
    {
      "id": 4097,
      "amount": 4,
      "slot": 0
    },
    {
      "id": 11118,
      "amount": 10,
      "slot": 0
    },
    {
      "id": 3140,
      "amount": 2,
      "slot": 0
    },
    {
      "id": 2940,
      "amount": 2,
      "slot": 0
    },
    {
      "id": 19478,
      "amount": 10,
      "slot": 0
    },
    {
      "id": 1511,
      "amount": 3,
      "slot": 0
    },
    {
      "id": 1779,
      "amount": 10,
      "slot": 0
    },
    {
      "id": 13661,
      "amount": 10,
      "slot": 0
    },
    {
      "id": 17295,
      "amount": 4,
      "slot": 0
    },
    {
      "id": 19162,
      "amount": 500000,
      "slot": 0
    },
    {
      "id": 14387,
      "amount": 10,
      "slot": 0
    },
    {
      "id": 19757,
      "amount": 2,
      "slot": 0
    },
    {
      "id": 14130,
      "amount": 4,
      "slot": 0
    },
    {
      "id": 14172,
      "amount": 2,
      "slot": 0
    },
    {
      "id": 14295,
      "amount": 10,
      "slot": 0
    },
    {
      "id": 19749,
      "amount": 10,
      "slot": 0
    },
    {
      "id": 19893,
      "amount": 10,
      "slot": 0
    },
    {
      "id": 19760,
      "amount": 10,
      "slot": 0
    },
    {
      "id": 15676,
      "amount": 2,
      "slot": 0
    },
    {
      "id": 4224,
      "amount": 10,
      "slot": 0
    },
    {
      "id": 5698,
      "amount": 10,
      "slot": 0
    },
    {
      "id": 19308,
      "amount": 10,
      "slot": 0
    },
    {
      "id": 2936,
      "amount": 10,
      "slot": 0
    },
    {
      "id": 2938,
      "amount": 10,
      "slot": 0
    },
    {
      "id": 575,
      "amount": 2,
      "slot": 0
    },
    {
      "id": 14126,
      "amount": 10,
      "slot": 0
    },
    {
      "id": 14138,
      "amount": 2,
      "slot": 0
    },
    {
      "id": 14192,
      "amount": 2,
      "slot": 0
    },
    {
      "id": 6022,
      "amount": 2,
      "slot": 0
    },
    {
      "id": 14661,
      "amount": 10,
      "slot": 0
    },
    {
      "id": 15442,
      "amount": 10,
      "slot": 0
    },
    {
      "id": 19748,
      "amount": 10,
      "slot": 0
    },
    {
      "id": 4860,
      "amount": 10,
      "slot": 0
    },
    {
      "id": 1113,
      "amount": 5,
      "slot": 0
    },
    {
      "id": 6195,
      "amount": 10,
      "slot": 0
    },
    {
      "id": 13861,
      "amount": 10,
      "slot": 0
    },
    {
      "id": 4672,
      "amount": 10,
      "slot": 0
    },
    {
      "id": 11844,
      "amount": 10,
      "slot": 0
    },
    {
      "id": 5329,
      "amount": 10,
      "slot": 0
    },
    {
      "id": 5343,
      "amount": 10,
      "slot": 0
    },
    {
      "id": 5341,
      "amount": 10,
      "slot": 0
    },
    {
      "id": 10338,
      "amount": 10,
      "slot": 0
    },
    {
      "id": 10342,
      "amount": 10,
      "slot": 0
    },
    {
      "id": 10340,
      "amount": 10,
      "slot": 0
    },
    {
      "id": 10334,
      "amount": 10,
      "slot": 0
    },
    {
      "id": 10330,
      "amount": 10,
      "slot": 0
    },
    {
      "id": 10332,
      "amount": 10,
      "slot": 0
    },
    {
      "id": 199,
      "amount": 251,
      "slot": 0
    },
    {
      "id": 10344,
      "amount": 10,
      "slot": 0
    },
    {
      "id": 10336,
      "amount": 10,
      "slot": 0
    },
    {
      "id": 4710,
      "amount": 10,
      "slot": 0
    },
    {
      "id": 5304,
      "amount": 10,
      "slot": 0
    },
    {
      "id": 5340,
      "amount": 10,
      "slot": 0
    },
    {
      "id": 952,
      "amount": 10,
      "slot": 0
    },
    {
      "id": 16883,
      "amount": 10,
      "slot": 0
    },
    {
      "id": 6724,
      "amount": 10,
      "slot": 0
    },
    {
      "id": 4749,
      "amount": 10,
      "slot": 0
    },
    {
      "id": 2,
      "amount": 10,
      "slot": 0
    },
    {
      "id": 11335,
      "amount": 11,
      "slot": 0
    },
    {
      "id": 13655,
      "amount": 10,
      "slot": 0
    },
    {
      "id": 6821,
      "amount": 10,
      "slot": 0
    },
    {
      "id": 5573,
      "amount": 2,
      "slot": 0
    },
    {
      "id": 8421,
      "amount": 10,
      "slot": 0
    },
    {
      "id": 16277,
      "amount": 10,
      "slot": 0
    },
    {
      "id": 16717,
      "amount": 10,
      "slot": 0
    },
    {
      "id": 536,
      "amount": 233,
      "slot": 0
    },
    {
      "id": 16423,
      "amount": 10,
      "slot": 0
    },
    {
      "id": 14017,
      "amount": 1,
      "slot": 0
    },
    {
      "id": 13657,
      "amount": 1,
      "slot": 0
    },
    {
      "id": 11992,
      "amount": 1,
      "slot": 0
    },
    {
      "id": 11989,
      "amount": 1,
      "slot": 0
    },
    {
      "id": 12004,
      "amount": 1,
      "slot": 0
    },
    {
      "id": 989,
      "amount": 13,
      "slot": 0
    },
    {
      "id": 3486,
      "amount": 3,
      "slot": 0
    },
    {
      "id": 2665,
      "amount": 1,
      "slot": 0
    },
    {
      "id": 1125,
      "amount": 1,
      "slot": 0
    },
    {
      "id": 7364,
      "amount": 1,
      "slot": 0
    },
    {
      "id": 10025,
      "amount": 1,
      "slot": 0
    },
    {
      "id": 7332,
      "amount": 3,
      "slot": 0
    },
    {
      "id": 2653,
      "amount": 1,
      "slot": 0
    },
    {
      "id": 11714,
      "amount": 1,
      "slot": 0
    },
    {
      "id": 4089,
      "amount": 1,
      "slot": 0
    },
    {
      "id": 12723,
      "amount": 1,
      "slot": 0
    },
    {
      "id": 18900,
      "amount": 1,
      "slot": 0
    },
    {
      "id": 20060,
      "amount": 1,
      "slot": 0
    },
    {
      "id": 1,
      "amount": 1,
      "slot": 0
    },
    {
      "id": 1603,
      "amount": 1,
      "slot": 0
    },
    {
      "id": 1759,
      "amount": 1,
      "slot": 0
    },
    {
      "id": 1597,
      "amount": 1,
      "slot": 0
    },
    {
      "id": 1842,
      "amount": 1,
      "slot": 0
    },
    {
      "id": 9006,
      "amount": 2,
      "slot": 0
    },
    {
      "id": 7362,
      "amount": 1,
      "slot": 0
    },
    {
      "id": 9005,
      "amount": 1,
      "slot": 0
    },
    {
      "id": 7366,
      "amount": 1,
      "slot": 0
    },
    {
      "id": 7392,
      "amount": 1,
      "slot": 0
    },
    {
      "id": 2363,
      "amount": 1,
      "slot": 0
    },
    {
      "id": 299,
      "amount": 85,
      "slot": 0
    }
  ],
  "bank-1": [
    {
      "id": 14011,
      "amount": 3,
      "slot": 0
    },
    {
      "id": 14012,
      "amount": 3,
      "slot": 0
    },
    {
      "id": 14013,
      "amount": 3,
      "slot": 0
    },
    {
      "id": 14008,
      "amount": 16,
      "slot": 0
    },
    {
      "id": 14009,
      "amount": 14,
      "slot": 0
    },
    {
      "id": 14010,
      "amount": 11,
      "slot": 0
    },
    {
      "id": 14014,
      "amount": 2,
      "slot": 0
    },
    {
      "id": 14015,
      "amount": 2,
      "slot": 0
    },
    {
      "id": 14016,
      "amount": 2,
      "slot": 0
    },
    {
      "id": 12927,
      "amount": 3,
      "slot": 0
    },
    {
      "id": 20013,
      "amount": 6,
      "slot": 0
    },
    {
      "id": 20014,
      "amount": 6,
      "slot": 0
    },
    {
      "id": 14062,
      "amount": 6,
      "slot": 0
    },
    {
      "id": 13995,
      "amount": 6,
      "slot": 0
    },
    {
      "id": 13994,
      "amount": 6,
      "slot": 0
    },
    {
      "id": 20016,
      "amount": 9,
      "slot": 0
    },
    {
      "id": 20017,
      "amount": 9,
      "slot": 0
    },
    {
      "id": 20018,
      "amount": 9,
      "slot": 0
    },
    {
      "id": 20021,
      "amount": 8,
      "slot": 0
    },
    {
      "id": 20022,
      "amount": 9,
      "slot": 0
    },
    {
      "id": 20012,
      "amount": 6,
      "slot": 0
    },
    {
      "id": 20010,
      "amount": 5,
      "slot": 0
    },
    {
      "id": 20011,
      "amount": 5,
      "slot": 0
    },
    {
      "id": 20019,
      "amount": 5,
      "slot": 0
    },
    {
      "id": 20020,
      "amount": 5,
      "slot": 0
    },
    {
      "id": 20059,
      "amount": 3,
      "slot": 0
    },
    {
      "id": 20057,
      "amount": 10,
      "slot": 0
    },
    {
      "id": 20058,
      "amount": 11,
      "slot": 0
    },
    {
      "id": 12601,
      "amount": 10,
      "slot": 0
    },
    {
      "id": 12284,
      "amount": 12,
      "slot": 0
    },
    {
      "id": 16711,
      "amount": 9,
      "slot": 0
    },
    {
      "id": 17259,
      "amount": 1,
      "slot": 0
    },
    {
      "id": 16689,
      "amount": 9,
      "slot": 0
    },
    {
      "id": 16293,
      "amount": 9,
      "slot": 0
    },
    {
      "id": 16359,
      "amount": 9,
      "slot": 0
    },
    {
      "id": 16733,
      "amount": 10,
      "slot": 0
    },
    {
      "id": 16667,
      "amount": 10,
      "slot": 0
    },
    {
      "id": 17361,
      "amount": 10,
      "slot": 0
    },
    {
      "id": 17291,
      "amount": 12,
      "slot": 0
    },
    {
      "id": 20061,
      "amount": 7,
      "slot": 0
    },
    {
      "id": 15492,
      "amount": 6,
      "slot": 0
    },
    {
      "id": 13263,
      "amount": 12,
      "slot": 0
    },
    {
      "id": 12708,
      "amount": 5,
      "slot": 0
    },
    {
      "id": 13239,
      "amount": 2,
      "slot": 0
    },
    {
      "id": 13235,
      "amount": 3,
      "slot": 0
    },
    {
      "id": 11613,
      "amount": 22,
      "slot": 0
    },
    {
      "id": 12926,
      "amount": 13,
      "slot": 0
    },
    {
      "id": 14484,
      "amount": 18,
      "slot": 0
    },
    {
      "id": 19112,
      "amount": 6,
      "slot": 0
    },
    {
      "id": 19780,
      "amount": 14,
      "slot": 0
    },
    {
      "id": 16403,
      "amount": 10,
      "slot": 0
    },
    {
      "id": 15773,
      "amount": 9,
      "slot": 0
    },
    {
      "id": 16955,
      "amount": 10,
      "slot": 0
    },
    {
      "id": 16909,
      "amount": 10,
      "slot": 0
    },
    {
      "id": 16425,
      "amount": 2,
      "slot": 0
    },
    {
      "id": 17143,
      "amount": 23,
      "slot": 0
    },
    {
      "id": 18351,
      "amount": 14,
      "slot": 0
    },
    {
      "id": 18355,
      "amount": 9,
      "slot": 0
    },
    {
      "id": 18353,
      "amount": 24,
      "slot": 0
    },
    {
      "id": 18349,
      "amount": 28,
      "slot": 0
    },
    {
      "id": 18357,
      "amount": 25,
      "slot": 0
    },
    {
      "id": 18363,
      "amount": 2,
      "slot": 0
    },
    {
      "id": 18361,
      "amount": 10,
      "slot": 0
    },
    {
      "id": 18359,
      "amount": 18,
      "slot": 0
    },
    {
      "id": 18335,
      "amount": 2,
      "slot": 0
    },
    {
      "id": 18346,
      "amount": 2,
      "slot": 0
    },
    {
      "id": 13742,
      "amount": 2,
      "slot": 0
    },
    {
      "id": 13744,
      "amount": 2,
      "slot": 0
    },
    {
      "id": 13740,
      "amount": 8,
      "slot": 0
    },
    {
      "id": 13738,
      "amount": 4,
      "slot": 0
    },
    {
      "id": 11554,
      "amount": 11,
      "slot": 0
    },
    {
      "id": 20000,
      "amount": 13,
      "slot": 0
    },
    {
      "id": 20001,
      "amount": 25,
      "slot": 0
    },
    {
      "id": 20002,
      "amount": 22,
      "slot": 0
    },
    {
      "id": 4706,
      "amount": 3,
      "slot": 0
    },
    {
      "id": 11283,
      "amount": 22,
      "slot": 0
    },
    {
      "id": 19111,
      "amount": 10,
      "slot": 0
    },
    {
      "id": 12282,
      "amount": 5,
      "slot": 0
    },
    {
      "id": 20555,
      "amount": 2,
      "slot": 0
    },
    {
      "id": 13051,
      "amount": 6,
      "slot": 0
    },
    {
      "id": 10551,
      "amount": 24,
      "slot": 0
    },
    {
      "id": 6570,
      "amount": 20,
      "slot": 0
    },
    {
      "id": 20998,
      "amount": 6,
      "slot": 0
    },
    {
      "id": 19149,
      "amount": 6,
      "slot": 0
    },
    {
      "id": 19146,
      "amount": 4,
      "slot": 0
    },
    {
      "id": 19143,
      "amount": 17,
      "slot": 0
    },
    {
      "id": 11724,
      "amount": 14,
      "slot": 0
    },
    {
      "id": 11726,
      "amount": 6,
      "slot": 0
    },
    {
      "id": 11718,
      "amount": 8,
      "slot": 0
    },
    {
      "id": 11720,
      "amount": 5,
      "slot": 0
    },
    {
      "id": 11722,
      "amount": 9,
      "slot": 0
    },
    {
      "id": 2581,
      "amount": 38,
      "slot": 0
    },
    {
      "id": 2577,
      "amount": 46,
      "slot": 0
    },
    {
      "id": 15220,
      "amount": 7,
      "slot": 0
    },
    {
      "id": 15018,
      "amount": 16,
      "slot": 0
    },
    {
      "id": 15020,
      "amount": 10,
      "slot": 0
    },
    {
      "id": 15019,
      "amount": 5,
      "slot": 0
    },
    {
      "id": 20072,
      "amount": 11,
      "slot": 0
    },
    {
      "id": 6731,
      "amount": 2,
      "slot": 0
    },
    {
      "id": 6737,
      "amount": 2,
      "slot": 0
    },
    {
      "id": 6735,
      "amount": 2,
      "slot": 0
    },
    {
      "id": 6733,
      "amount": 3,
      "slot": 0
    },
    {
      "id": 14022,
      "amount": 4,
      "slot": 0
    },
    {
      "id": 13262,
      "amount": 10,
      "slot": 0
    },
    {
      "id": 11664,
      "amount": 3,
      "slot": 0
    },
    {
      "id": 11665,
      "amount": 3,
      "slot": 0
    },
    {
      "id": 11663,
      "amount": 3,
      "slot": 0
    },
    {
      "id": 19785,
      "amount": 4,
      "slot": 0
    },
    {
      "id": 19786,
      "amount": 4,
      "slot": 0
    },
    {
      "id": 8842,
      "amount": 4,
      "slot": 0
    },
    {
      "id": 19712,
      "amount": 10,
      "slot": 0
    },
    {
      "id": 8841,
      "amount": 10,
      "slot": 0
    },
    {
      "id": 8839,
      "amount": 10,
      "slot": 0
    },
    {
      "id": 8840,
      "amount": 10,
      "slot": 0
    },
    {
      "id": 7462,
      "amount": 16,
      "slot": 0
    },
    {
      "id": 15241,
      "amount": 25,
      "slot": 0
    },
    {
      "id": 13905,
      "amount": 10,
      "slot": 0
    },
    {
      "id": 11698,
      "amount": 10,
      "slot": 0
    },
    {
      "id": 11696,
      "amount": 23,
      "slot": 0
    },
    {
      "id": 11694,
      "amount": 7,
      "slot": 0
    },
    {
      "id": 11700,
      "amount": 13,
      "slot": 0
    },
    {
      "id": 10550,
      "amount": 5,
      "slot": 0
    },
    {
      "id": 10548,
      "amount": 5,
      "slot": 0
    },
    {
      "id": 13887,
      "amount": 5,
      "slot": 0
    },
    {
      "id": 13893,
      "amount": 5,
      "slot": 0
    },
    {
      "id": 6914,
      "amount": 14,
      "slot": 0
    },
    {
      "id": 6889,
      "amount": 12,
      "slot": 0
    },
    {
      "id": 19340,
      "amount": 7,
      "slot": 0
    },
    {
      "id": 19336,
      "amount": 3,
      "slot": 0
    },
    {
      "id": 19337,
      "amount": 8,
      "slot": 0
    },
    {
      "id": 19338,
      "amount": 4,
      "slot": 0
    },
    {
      "id": 19339,
      "amount": 4,
      "slot": 0
    },
    {
      "id": 12790,
      "amount": 100000,
      "slot": 0
    },
    {
      "id": 18830,
      "amount": 99341,
      "slot": 0
    },
    {
      "id": 12279,
      "amount": 10,
      "slot": 0
    },
    {
      "id": 12278,
      "amount": 10,
      "slot": 0
    },
    {
      "id": 11926,
      "amount": 2,
      "slot": 0
    },
    {
      "id": 2550,
      "amount": 10,
      "slot": 0
    },
    {
      "id": 995,
      "amount": 1588704574,
      "slot": 0
    },
    {
      "id": 16184,
      "amount": 10,
      "slot": 0
    },
    {
      "id": 11974,
      "amount": 4,
      "slot": 0
    },
    {
      "id": 692,
      "amount": 10,
      "slot": 0
    },
    {
      "id": 12936,
      "amount": 10,
      "slot": 0
    },
    {
      "id": 11614,
      "amount": 3,
      "slot": 0
    },
    {
      "id": 19477,
      "amount": 10,
      "slot": 0
    },
    {
      "id": 19068,
      "amount": 2,
      "slot": 0
    },
    {
      "id": 19476,
      "amount": 11,
      "slot": 0
    },
    {
      "id": 13979,
      "amount": 10,
      "slot": 0
    },
    {
      "id": 13908,
      "amount": 10,
      "slot": 0
    },
    {
      "id": 4212,
      "amount": 3,
      "slot": 0
    },
    {
      "id": 4131,
      "amount": 10,
      "slot": 0
    },
    {
      "id": 1725,
      "amount": 428,
      "slot": 0
    },
    {
      "id": 9925,
      "amount": 10,
      "slot": 0
    },
    {
      "id": 4178,
      "amount": 8,
      "slot": 0
    },
    {
      "id": 4705,
      "amount": 3,
      "slot": 0
    },
    {
      "id": 6188,
      "amount": 2,
      "slot": 0
    },
    {
      "id": 19145,
      "amount": 10,
      "slot": 0
    },
    {
      "id": 2996,
      "amount": 7000,
      "slot": 0
    },
    {
      "id": 14020,
      "amount": 11,
      "slot": 0
    },
    {
      "id": 17237,
      "amount": 10,
      "slot": 0
    },
    {
      "id": 17017,
      "amount": 20,
      "slot": 0
    },
    {
      "id": 16931,
      "amount": 10,
      "slot": 0
    },
    {
      "id": 16865,
      "amount": 10,
      "slot": 0
    },
    {
      "id": 16755,
      "amount": 10,
      "slot": 0
    },
    {
      "id": 18889,
      "amount": 10,
      "slot": 0
    },
    {
      "id": 18890,
      "amount": 10,
      "slot": 0
    },
    {
      "id": 12603,
      "amount": 10,
      "slot": 0
    },
    {
      "id": 10499,
      "amount": 2,
      "slot": 0
    },
    {
      "id": 17171,
      "amount": 10,
      "slot": 0
    },
    {
      "id": 2680,
      "amount": 10,
      "slot": 0
    },
    {
      "id": 7979,
      "amount": 10,
      "slot": 0
    },
    {
      "id": 8264,
      "amount": 10,
      "slot": 0
    },
    {
      "id": 4714,
      "amount": 4,
      "slot": 0
    },
    {
      "id": 4712,
      "amount": 2,
      "slot": 0
    },
    {
      "id": 4708,
      "amount": 2,
      "slot": 0
    },
    {
      "id": 8465,
      "amount": 10,
      "slot": 0
    },
    {
      "id": 8469,
      "amount": 10,
      "slot": 0
    },
    {
      "id": 9185,
      "amount": 10,
      "slot": 0
    },
    {
      "id": 4732,
      "amount": 2,
      "slot": 0
    },
    {
      "id": 10350,
      "amount": 2,
      "slot": 0
    },
    {
      "id": 10348,
      "amount": 2,
      "slot": 0
    },
    {
      "id": 10346,
      "amount": 2,
      "slot": 0
    },
    {
      "id": 10352,
      "amount": 2,
      "slot": 0
    },
    {
      "id": 4734,
      "amount": 10,
      "slot": 0
    },
    {
      "id": 4740,
      "amount": 4990,
      "slot": 0
    },
    {
      "id": 2417,
      "amount": 10,
      "slot": 0
    },
    {
      "id": 11728,
      "amount": 10,
      "slot": 0
    },
    {
      "id": 1187,
      "amount": 2,
      "slot": 0
    },
    {
      "id": 11850,
      "amount": 2,
      "slot": 0
    },
    {
      "id": 11846,
      "amount": 2,
      "slot": 0
    },
    {
      "id": 2503,
      "amount": 243,
      "slot": 0
    },
    {
      "id": 3000,
      "amount": 2,
      "slot": 0
    },
    {
      "id": 4087,
      "amount": 10,
      "slot": 0
    },
    {
      "id": 15485,
      "amount": 10,
      "slot": 0
    },
    {
      "id": 15438,
      "amount": 10,
      "slot": 0
    },
    {
      "id": 84,
      "amount": 10,
      "slot": 0
    },
    {
      "id": 18949,
      "amount": 10,
      "slot": 0
    },
    {
      "id": 13058,
      "amount": 2,
      "slot": 0
    },
    {
      "id": 1215,
      "amount": 3,
      "slot": 0
    },
    {
      "id": 14007,
      "amount": 2,
      "slot": 0
    },
    {
      "id": 1515,
      "amount": 4,
      "slot": 0
    },
    {
      "id": 1517,
      "amount": 12,
      "slot": 0
    },
    {
      "id": 14579,
      "amount": 10,
      "slot": 0
    },
    {
      "id": 14389,
      "amount": 10,
      "slot": 0
    },
    {
      "id": 15678,
      "amount": 2,
      "slot": 0
    },
    {
      "id": 15679,
      "amount": 2,
      "slot": 0
    },
    {
      "id": 15677,
      "amount": 2,
      "slot": 0
    },
    {
      "id": 17293,
      "amount": 2,
      "slot": 0
    },
    {
      "id": 15675,
      "amount": 2,
      "slot": 0
    },
    {
      "id": 830,
      "amount": 975,
      "slot": 0
    },
    {
      "id": 888,
      "amount": 4377,
      "slot": 0
    },
    {
      "id": 15674,
      "amount": 2,
      "slot": 0
    },
    {
      "id": 14116,
      "amount": 10,
      "slot": 0
    },
    {
      "id": 16995,
      "amount": 2,
      "slot": 0
    },
    {
      "id": 16967,
      "amount": 10,
      "slot": 0
    },
    {
      "id": 16969,
      "amount": 10,
      "slot": 0
    },
    {
      "id": 18373,
      "amount": 10,
      "slot": 0
    },
    {
      "id": 15672,
      "amount": 10,
      "slot": 0
    },
    {
      "id": 15670,
      "amount": 10,
      "slot": 0
    },
    {
      "id": 15671,
      "amount": 10,
      "slot": 0
    },
    {
      "id": 1417,
      "amount": 21,
      "slot": 0
    },
    {
      "id": 15680,
      "amount": 500,
      "slot": 0
    },
    {
      "id": 640,
      "amount": 5,
      "slot": 0
    },
    {
      "id": 650,
      "amount": 3,
      "slot": 0
    },
    {
      "id": 4249,
      "amount": 10,
      "slot": 0
    },
    {
      "id": 2910,
      "amount": 10,
      "slot": 0
    },
    {
      "id": 2906,
      "amount": 10,
      "slot": 0
    },
    {
      "id": 2908,
      "amount": 10,
      "slot": 0
    },
    {
      "id": 2900,
      "amount": 10,
      "slot": 0
    },
    {
      "id": 2920,
      "amount": 10,
      "slot": 0
    },
    {
      "id": 2896,
      "amount": 10,
      "slot": 0
    },
    {
      "id": 2916,
      "amount": 10,
      "slot": 0
    },
    {
      "id": 2898,
      "amount": 10,
      "slot": 0
    },
    {
      "id": 2918,
      "amount": 10,
      "slot": 0
    },
    {
      "id": 2930,
      "amount": 10,
      "slot": 0
    },
    {
      "id": 2926,
      "amount": 10,
      "slot": 0
    },
    {
      "id": 2928,
      "amount": 10,
      "slot": 0
    },
    {
      "id": 656,
      "amount": 10,
      "slot": 0
    },
    {
      "id": 636,
      "amount": 10,
      "slot": 0
    },
    {
      "id": 646,
      "amount": 10,
      "slot": 0
    },
    {
      "id": 3791,
      "amount": 10,
      "slot": 0
    },
    {
      "id": 3795,
      "amount": 10,
      "slot": 0
    },
    {
      "id": 3793,
      "amount": 10,
      "slot": 0
    },
    {
      "id": 3797,
      "amount": 10,
      "slot": 0
    },
    {
      "id": 1704,
      "amount": 10,
      "slot": 0
    },
    {
      "id": 14578,
      "amount": 10,
      "slot": 0
    },
    {
      "id": 14580,
      "amount": 10,
      "slot": 0
    },
    {
      "id": 14122,
      "amount": 10,
      "slot": 0
    },
    {
      "id": 2689,
      "amount": 10,
      "slot": 0
    },
    {
      "id": 3799,
      "amount": 10,
      "slot": 0
    },
    {
      "id": 15040,
      "amount": 10,
      "slot": 0
    },
    {
      "id": 15039,
      "amount": 0,
      "slot": 0
    },
    {
      "id": 15037,
      "amount": 10,
      "slot": 0
    },
    {
      "id": 15036,
      "amount": 10,
      "slot": 0
    },
    {
      "id": 15042,
      "amount": 10,
      "slot": 0
    },
    {
      "id": 14577,
      "amount": 10,
      "slot": 0
    },
    {
      "id": 15338,
      "amount": 10,
      "slot": 0
    },
    {
      "id": 15034,
      "amount": 10,
      "slot": 0
    },
    {
      "id": 15035,
      "amount": 10,
      "slot": 0
    },
    {
      "id": 15041,
      "amount": 0,
      "slot": 0
    },
    {
      "id": 15043,
      "amount": 10,
      "slot": 0
    },
    {
      "id": 15044,
      "amount": 10,
      "slot": 0
    },
    {
      "id": 15339,
      "amount": 10,
      "slot": 0
    },
    {
      "id": 2412,
      "amount": 10,
      "slot": 0
    },
    {
      "id": 16741,
      "amount": 10,
      "slot": 0
    },
    {
      "id": 17223,
      "amount": 10,
      "slot": 0
    },
    {
      "id": 16851,
      "amount": 10,
      "slot": 0
    },
    {
      "id": 12929,
      "amount": 10,
      "slot": 0
    },
    {
      "id": 12934,
      "amount": 10,
      "slot": 0
    },
    {
      "id": 11757,
      "amount": 10,
      "slot": 0
    },
    {
      "id": 11758,
      "amount": 10,
      "slot": 0
    },
    {
      "id": 11756,
      "amount": 10,
      "slot": 0
    },
    {
      "id": 19022,
      "amount": 2,
      "slot": 0
    },
    {
      "id": 18957,
      "amount": 10,
      "slot": 0
    },
    {
      "id": 18930,
      "amount": 10,
      "slot": 0
    },
    {
      "id": 18911,
      "amount": 10,
      "slot": 0
    },
    {
      "id": 18902,
      "amount": 10,
      "slot": 0
    },
    {
      "id": 15443,
      "amount": 10,
      "slot": 0
    },
    {
      "id": 15441,
      "amount": 2,
      "slot": 0
    },
    {
      "id": 13045,
      "amount": 2,
      "slot": 0
    },
    {
      "id": 11924,
      "amount": 2,
      "slot": 0
    },
    {
      "id": 15673,
      "amount": 2,
      "slot": 0
    },
    {
      "id": 15038,
      "amount": 10,
      "slot": 0
    },
    {
      "id": 18747,
      "amount": 9,
      "slot": 0
    },
    {
      "id": 14097,
      "amount": 2,
      "slot": 0
    },
    {
      "id": 14121,
      "amount": 10,
      "slot": 0
    },
    {
      "id": 16929,
      "amount": 10,
      "slot": 0
    },
    {
      "id": 14117,
      "amount": 10,
      "slot": 0
    },
    {
      "id": 17466,
      "amount": 10,
      "slot": 0
    },
    {
      "id": 17484,
      "amount": 10,
      "slot": 0
    },
    {
      "id": 16273,
      "amount": 10,
      "slot": 0
    },
    {
      "id": 16753,
      "amount": 10,
      "slot": 0
    },
    {
      "id": 17235,
      "amount": 10,
      "slot": 0
    },
    {
      "id": 16863,
      "amount": 10,
      "slot": 0
    },
    {
      "id": 17169,
      "amount": 10,
      "slot": 0
    },
    {
      "id": 884,
      "amount": 1958,
      "slot": 0
    },
    {
      "id": 16713,
      "amount": 10,
      "slot": 0
    },
    {
      "id": 14095,
      "amount": 10,
      "slot": 0
    },
    {
      "id": 14094,
      "amount": 10,
      "slot": 0
    },
    {
      "id": 14096,
      "amount": 10,
      "slot": 0
    },
    {
      "id": 14005,
      "amount": 2,
      "slot": 0
    },
    {
      "id": 630,
      "amount": 10,
      "slot": 0
    },
    {
      "id": 14004,
      "amount": 10,
      "slot": 0
    },
    {
      "id": 14006,
      "amount": 2,
      "slot": 0
    },
    {
      "id": 19747,
      "amount": 12,
      "slot": 0
    },
    {
      "id": 4440,
      "amount": 10,
      "slot": 0
    },
    {
      "id": 13762,
      "amount": 10,
      "slot": 0
    },
    {
      "id": 18741,
      "amount": 11,
      "slot": 0
    },
    {
      "id": 4202,
      "amount": 10,
      "slot": 0
    },
    {
      "id": 16885,
      "amount": 10,
      "slot": 0
    },
    {
      "id": 17297,
      "amount": 2,
      "slot": 0
    },
    {
      "id": 1724,
      "amount": 11,
      "slot": 0
    },
    {
      "id": 17195,
      "amount": 10,
      "slot": 0
    },
    {
      "id": 17173,
      "amount": 10,
      "slot": 0
    },
    {
      "id": 17319,
      "amount": 10,
      "slot": 0
    },
    {
      "id": 19009,
      "amount": 1,
      "slot": 0
    },
    {
      "id": 19010,
      "amount": 1,
      "slot": 0
    },
    {
      "id": 15913,
      "amount": 10,
      "slot": 0
    },
    {
      "id": 16337,
      "amount": 6,
      "slot": 0
    },
    {
      "id": 16887,
      "amount": 4,
      "slot": 0
    },
    {
      "id": 16477,
      "amount": 100569473,
      "slot": 0
    },
    {
      "id": 6916,
      "amount": 2,
      "slot": 0
    },
    {
      "id": 7409,
      "amount": 1,
      "slot": 0
    },
    {
      "id": 373,
      "amount": 1,
      "slot": 0
    },
    {
      "id": 4091,
      "amount": 1,
      "slot": 0
    },
    {
      "id": 6918,
      "amount": 1,
      "slot": 0
    },
    {
      "id": 11995,
      "amount": 1,
      "slot": 0
    },
    {
      "id": 18745,
      "amount": 1,
      "slot": 0
    },
    {
      "id": 1556,
      "amount": 1,
      "slot": 0
    },
    {
      "id": 1341,
      "amount": 1,
      "slot": 0
    }
  ],
  "bank-2": [
    {
      "id": 1050,
      "amount": 5,
      "slot": 0
    },
    {
      "id": 14049,
      "amount": 1,
      "slot": 0
    },
    {
      "id": 14050,
      "amount": 10,
      "slot": 0
    },
    {
      "id": 14051,
      "amount": 10,
      "slot": 0
    },
    {
      "id": 14052,
      "amount": 10,
      "slot": 0
    },
    {
      "id": 14046,
      "amount": 10,
      "slot": 0
    },
    {
      "id": 1038,
      "amount": 10,
      "slot": 0
    },
    {
      "id": 1040,
      "amount": 10,
      "slot": 0
    },
    {
      "id": 1042,
      "amount": 10,
      "slot": 0
    },
    {
      "id": 1044,
      "amount": 10,
      "slot": 0
    },
    {
      "id": 1057,
      "amount": 10,
      "slot": 0
    },
    {
      "id": 1053,
      "amount": 10,
      "slot": 0
    },
    {
      "id": 1055,
      "amount": 10,
      "slot": 0
    },
    {
      "id": 11288,
      "amount": 10,
      "slot": 0
    },
    {
      "id": 5607,
      "amount": 2,
      "slot": 0
    },
    {
      "id": 1046,
      "amount": 10,
      "slot": 0
    },
    {
      "id": 1048,
      "amount": 10,
      "slot": 0
    },
    {
      "id": 14044,
      "amount": 10,
      "slot": 0
    },
    {
      "id": 14048,
      "amount": 10,
      "slot": 0
    },
    {
      "id": 14045,
      "amount": 10,
      "slot": 0
    },
    {
      "id": 4084,
      "amount": 1,
      "slot": 0
    },
    {
      "id": 15454,
      "amount": 10,
      "slot": 0
    },
    {
      "id": 15459,
      "amount": 10,
      "slot": 0
    },
    {
      "id": 15464,
      "amount": 10,
      "slot": 0
    },
    {
      "id": 15449,
      "amount": 10,
      "slot": 0
    },
    {
      "id": 14018,
      "amount": 13,
      "slot": 0
    },
    {
      "id": 12426,
      "amount": 10,
      "slot": 0
    },
    {
      "id": 12437,
      "amount": 10,
      "slot": 0
    },
    {
      "id": 1243,
      "amount": 10,
      "slot": 0
    },
    {
      "id": 5572,
      "amount": 10,
      "slot": 0
    }
  ],
  "bank-3": [
    {
      "id": 15332,
      "amount": 23,
      "slot": 0
    },
    {
      "id": 2440,
      "amount": 9,
      "slot": 0
    },
    {
      "id": 2436,
      "amount": 9,
      "slot": 0
    },
    {
      "id": 2442,
      "amount": 10,
      "slot": 0
    },
    {
      "id": 3024,
      "amount": 14,
      "slot": 0
    },
    {
      "id": 15313,
      "amount": 5,
      "slot": 0
    },
    {
      "id": 15317,
      "amount": 5,
      "slot": 0
    },
    {
      "id": 15309,
      "amount": 5,
      "slot": 0
    },
    {
      "id": 15325,
      "amount": 5,
      "slot": 0
    },
    {
      "id": 15321,
      "amount": 5,
      "slot": 0
    },
    {
      "id": 15333,
      "amount": 255,
      "slot": 0
    },
    {
      "id": 149,
      "amount": 10,
      "slot": 0
    },
    {
      "id": 161,
      "amount": 10,
      "slot": 0
    },
    {
      "id": 6111,
      "amount": 2,
      "slot": 0
    },
    {
      "id": 1327,
      "amount": 1,
      "slot": 0
    },
    {
      "id": 2587,
      "amount": 1,
      "slot": 0
    }
  ],
  "bank-4": [
    {
      "id": 565,
      "amount": 2015100,
      "slot": 0
    },
    {
      "id": 560,
      "amount": 56459,
      "slot": 0
    },
    {
      "id": 566,
      "amount": 5000,
      "slot": 0
    },
    {
      "id": 558,
      "amount": 1050,
      "slot": 0
    },
    {
      "id": 557,
      "amount": 3190,
      "slot": 0
    },
    {
      "id": 555,
      "amount": 26082,
      "slot": 0
    },
    {
      "id": 554,
      "amount": 201050,
      "slot": 0
    },
    {
      "id": 556,
      "amount": 205050,
      "slot": 0
    },
    {
      "id": 9075,
      "amount": 676,
      "slot": 0
    },
    {
      "id": 18778,
      "amount": 3,
      "slot": 0
    },
    {
      "id": 2415,
      "amount": 10,
      "slot": 0
    },
    {
      "id": 14128,
      "amount": 10,
      "slot": 0
    },
    {
      "id": 18779,
      "amount": 10,
      "slot": 0
    },
    {
      "id": 2681,
      "amount": 1,
      "slot": 0
    },
    {
      "id": 117,
      "amount": 1,
      "slot": 0
    },
    {
      "id": 561,
      "amount": 10,
      "slot": 0
    },
    {
      "id": 562,
      "amount": 10,
      "slot": 0
    },
    {
      "id": 563,
      "amount": 10,
      "slot": 0
    },
    {
      "id": 564,
      "amount": 10,
      "slot": 0
    }
  ],
  "bank-5": [
    {
      "id": 13855,
      "amount": 10,
      "slot": 0
    },
    {
      "id": 13849,
      "amount": 10,
      "slot": 0
    },
    {
      "id": 13850,
      "amount": 10,
      "slot": 0
    },
    {
      "id": 13851,
      "amount": 10,
      "slot": 0
    },
    {
      "id": 13852,
      "amount": 10,
      "slot": 0
    },
    {
      "id": 13853,
      "amount": 10,
      "slot": 0
    },
    {
      "id": 13854,
      "amount": 10,
      "slot": 0
    },
    {
      "id": 13856,
      "amount": 10,
      "slot": 0
    },
    {
      "id": 13848,
      "amount": 10,
      "slot": 0
    },
    {
      "id": 14605,
      "amount": 10,
      "slot": 0
    },
    {
      "id": 14602,
      "amount": 10,
      "slot": 0
    },
    {
      "id": 14603,
      "amount": 10,
      "slot": 0
    },
    {
      "id": 14595,
      "amount": 10,
      "slot": 0
    },
    {
      "id": 10406,
      "amount": 10,
      "slot": 0
    },
    {
      "id": 10404,
      "amount": 10,
      "slot": 0
    },
    {
      "id": 10414,
      "amount": 10,
      "slot": 0
    },
    {
      "id": 10412,
      "amount": 10,
      "slot": 0
    },
    {
      "id": 10410,
      "amount": 10,
      "slot": 0
    },
    {
      "id": 10408,
      "amount": 10,
      "slot": 0
    },
    {
      "id": 10418,
      "amount": 10,
      "slot": 0
    },
    {
      "id": 10416,
      "amount": 10,
      "slot": 0
    },
    {
      "id": 10402,
      "amount": 10,
      "slot": 0
    },
    {
      "id": 10400,
      "amount": 10,
      "slot": 0
    },
    {
      "id": 6188,
      "amount": 10,
      "slot": 0
    },
    {
      "id": 626,
      "amount": 1,
      "slot": 0
    }
  ],
  "bank-6": [
    {
      "id": 17059,
      "amount": 10,
      "slot": 0
    },
    {
      "id": 17191,
      "amount": 10,
      "slot": 0
    },
    {
      "id": 17337,
      "amount": 10,
      "slot": 0
    },
    {
      "id": 17213,
      "amount": 3,
      "slot": 0
    },
    {
      "id": 17315,
      "amount": 10,
      "slot": 0
    },
    {
      "id": 17057,
      "amount": 10,
      "slot": 0
    },
    {
      "id": 17189,
      "amount": 10,
      "slot": 0
    },
    {
      "id": 17335,
      "amount": 10,
      "slot": 0
    },
    {
      "id": 17211,
      "amount": 10,
      "slot": 0
    },
    {
      "id": 17313,
      "amount": 10,
      "slot": 0
    },
    {
      "id": 17055,
      "amount": 10,
      "slot": 0
    },
    {
      "id": 17187,
      "amount": 10,
      "slot": 0
    },
    {
      "id": 17333,
      "amount": 10,
      "slot": 0
    },
    {
      "id": 17209,
      "amount": 10,
      "slot": 0
    },
    {
      "id": 17311,
      "amount": 10,
      "slot": 0
    },
    {
      "id": 17053,
      "amount": 10,
      "slot": 0
    },
    {
      "id": 17185,
      "amount": 10,
      "slot": 0
    },
    {
      "id": 17331,
      "amount": 10,
      "slot": 0
    },
    {
      "id": 17207,
      "amount": 10,
      "slot": 0
    },
    {
      "id": 17309,
      "amount": 2,
      "slot": 0
    },
    {
      "id": 17051,
      "amount": 10,
      "slot": 0
    },
    {
      "id": 17183,
      "amount": 10,
      "slot": 0
    },
    {
      "id": 17329,
      "amount": 10,
      "slot": 0
    },
    {
      "id": 17205,
      "amount": 10,
      "slot": 0
    },
    {
      "id": 17307,
      "amount": 10,
      "slot": 0
    },
    {
      "id": 17049,
      "amount": 10,
      "slot": 0
    },
    {
      "id": 17181,
      "amount": 10,
      "slot": 0
    },
    {
      "id": 17327,
      "amount": 10,
      "slot": 0
    },
    {
      "id": 17203,
      "amount": 10,
      "slot": 0
    },
    {
      "id": 17305,
      "amount": 10,
      "slot": 0
    },
    {
      "id": 17047,
      "amount": 10,
      "slot": 0
    },
    {
      "id": 17179,
      "amount": 10,
      "slot": 0
    },
    {
      "id": 17325,
      "amount": 10,
      "slot": 0
    },
    {
      "id": 17303,
      "amount": 10,
      "slot": 0
    },
    {
      "id": 17201,
      "amount": 10,
      "slot": 0
    },
    {
      "id": 17045,
      "amount": 10,
      "slot": 0
    },
    {
      "id": 17177,
      "amount": 10,
      "slot": 0
    },
    {
      "id": 17323,
      "amount": 10,
      "slot": 0
    },
    {
      "id": 17199,
      "amount": 10,
      "slot": 0
    },
    {
      "id": 17301,
      "amount": 10,
      "slot": 0
    },
    {
      "id": 17043,
      "amount": 10,
      "slot": 0
    },
    {
      "id": 17175,
      "amount": 10,
      "slot": 0
    },
    {
      "id": 17321,
      "amount": 10,
      "slot": 0
    },
    {
      "id": 17299,
      "amount": 10,
      "slot": 0
    },
    {
      "id": 17197,
      "amount": 10,
      "slot": 0
    },
    {
      "id": 17061,
      "amount": 10,
      "slot": 0
    },
    {
      "id": 17193,
      "amount": 10,
      "slot": 0
    },
    {
      "id": 17339,
      "amount": 2,
      "slot": 0
    },
    {
      "id": 17215,
      "amount": 10,
      "slot": 0
    },
    {
      "id": 17317,
      "amount": 10,
      "slot": 0
    },
    {
      "id": 16275,
      "amount": 10,
      "slot": 0
    },
    {
      "id": 17041,
      "amount": 10,
      "slot": 0
    }
  ],
  "bank-7": [
    {
      "id": 16383,
      "amount": 10,
      "slot": 0
    },
    {
      "id": 16691,
      "amount": 10,
      "slot": 0
    },
    {
      "id": 17239,
      "amount": 10,
      "slot": 0
    },
    {
      "id": 16647,
      "amount": 10,
      "slot": 0
    },
    {
      "id": 17341,
      "amount": 10,
      "slot": 0
    },
    {
      "id": 16339,
      "amount": 10,
      "slot": 0
    },
    {
      "id": 17063,
      "amount": 10,
      "slot": 0
    },
    {
      "id": 16889,
      "amount": 10,
      "slot": 0
    },
    {
      "id": 16405,
      "amount": 10,
      "slot": 0
    },
    {
      "id": 16935,
      "amount": 10,
      "slot": 0
    },
    {
      "id": 16385,
      "amount": 10,
      "slot": 0
    },
    {
      "id": 16693,
      "amount": 10,
      "slot": 0
    },
    {
      "id": 17241,
      "amount": 10,
      "slot": 0
    },
    {
      "id": 16671,
      "amount": 10,
      "slot": 0
    },
    {
      "id": 17343,
      "amount": 2,
      "slot": 0
    },
    {
      "id": 16341,
      "amount": 10,
      "slot": 0
    },
    {
      "id": 17071,
      "amount": 10,
      "slot": 0
    },
    {
      "id": 16891,
      "amount": 10,
      "slot": 0
    },
    {
      "id": 16407,
      "amount": 10,
      "slot": 0
    },
    {
      "id": 16937,
      "amount": 10,
      "slot": 0
    },
    {
      "id": 16387,
      "amount": 10,
      "slot": 0
    },
    {
      "id": 16695,
      "amount": 10,
      "slot": 0
    },
    {
      "id": 17243,
      "amount": 10,
      "slot": 0
    },
    {
      "id": 16651,
      "amount": 10,
      "slot": 0
    },
    {
      "id": 17345,
      "amount": 10,
      "slot": 0
    },
    {
      "id": 16343,
      "amount": 10,
      "slot": 0
    },
    {
      "id": 17079,
      "amount": 10,
      "slot": 0
    },
    {
      "id": 16893,
      "amount": 10,
      "slot": 0
    },
    {
      "id": 16409,
      "amount": 10,
      "slot": 0
    },
    {
      "id": 16939,
      "amount": 10,
      "slot": 0
    },
    {
      "id": 7956,
      "amount": 1,
      "slot": 0
    },
    {
      "id": 6183,
      "amount": 5024,
      "slot": 0
    }
  ],
  "bank-8": [],
  "ge-slots": [
    {
      "state": "EMPTY"
    },
    {
      "state": "EMPTY"
    },
    {
      "state": "EMPTY"
    },
    {
      "state": "EMPTY"
    },
    {
      "state": "EMPTY"
    },
    {
      "state": "EMPTY"
    }
  ],
  "charm-imp": [
    0,
    0,
    0,
    0
  ],
  "magmablowpipe-charge-item": 11230,
  "magmablowpipe-charge-amount": 100000317,
  "friends": [
    1047411,
    279820018,
    1832575858410,
    4,
    1485,
    860870466,
    108610086505,
    49203392,
    4672448,
    1813042564
  ],
  "ignores": [],
  "loyalty-titles": [
    false,
    true,
    false,
    false,
    false,
    false,
    false,
    false,
    false,
    false,
    false,
    false
  ],
  "kills": [
    {
      "npcName": "Cerberus",
      "amount": 31,
      "boss": true
    },
    {
      "npcName": "Bandos Avatar",
      "amount": 21,
      "boss": true
    },
    {
      "npcName": "King Black Dragon",
      "amount": 15,
      "boss": true
    },
    {
      "npcName": "Zulrah",
      "amount": 38,
      "boss": true
    },
    {
      "npcName": "Glacor",
      "amount": 8,
      "boss": true
    },
    {
      "npcName": "Bork",
      "amount": 8,
      "boss": true
    },
    {
      "npcName": "Skotizo",
      "amount": 7,
      "boss": true
    },
    {
      "npcName": "Blitz",
      "amount": 3,
      "boss": true
    },
    {
      "npcName": "Corporeal Beast",
      "amount": 5,
      "boss": true
    },
    {
      "npcName": "Death",
      "amount": 8,
      "boss": true
    },
    {
      "npcName": "Frost dragon",
      "amount": 3,
      "boss": true
    },
    {
      "npcName": "Slash Bash",
      "amount": 6,
      "boss": true
    },
    {
      "npcName": "Abyssal Sire",
      "amount": 1,
      "boss": true
    },
    {
      "npcName": "Barrelchest",
      "amount": 3,
      "boss": true
    },
    {
      "npcName": "Cobra",
      "amount": 1,
      "boss": true
    },
    {
      "npcName": "Culinaromancer",
      "amount": 1,
      "boss": true
    },
    {
      "npcName": "Fear",
      "amount": 1,
      "boss": true
    },
    {
      "npcName": "Kalphite Queen",
      "amount": 1,
      "boss": true
    },
    {
      "npcName": "Phoenix",
      "amount": 1,
      "boss": true
    },
    {
      "npcName": "Scorpia",
      "amount": 1,
      "boss": true
    },
    {
      "npcName": "Venenatis",
      "amount": 1,
      "boss": true
    },
    {
      "npcName": "WildyWyrm",
      "amount": 2,
      "boss": true
    },
    {
      "npcName": "Rock Crab",
      "amount": 180,
      "boss": false
    },
    {
      "npcName": "Zombie",
      "amount": 16,
      "boss": false
    },
    {
      "npcName": "Skeleton",
      "amount": 15,
      "boss": false
    },
    {
      "npcName": "Black Demon",
      "amount": 9,
      "boss": false
    },
    {
      "npcName": "Invrigar the Necromancer",
      "amount": 4,
      "boss": false
    },
    {
      "npcName": "Necromancer",
      "amount": 4,
      "boss": false
    },
    {
      "npcName": "Green dragon",
      "amount": 3,
      "boss": false
    },
    {
      "npcName": "Snakeling",
      "amount": 2,
      "boss": false
    },
    {
      "npcName": "Vampire",
      "amount": 2,
      "boss": false
    },
    {
      "npcName": "Chaos druid",
      "amount": 1,
      "boss": false
    },
    {
      "npcName": "Imp",
      "amount": 1,
      "boss": false
    },
    {
      "npcName": "Lizardman Shaman",
      "amount": 3,
      "boss": true
    },
    {
      "npcName": "Tormented Demon",
      "amount": 3,
      "boss": true
    },
    {
      "npcName": "Dagannoth Prime",
      "amount": 1,
      "boss": true
    },
    {
      "npcName": "Dagannoth Supreme",
      "amount": 1,
      "boss": true
    },
    {
      "npcName": "Dagannoth Rex",
      "amount": 1,
      "boss": true
    },
    {
      "npcName": "Spinolyp",
      "amount": 1,
      "boss": false
    },
    {
      "npcName": "Unholy Cursebearer",
      "amount": 9,
      "boss": true
    },
    {
      "npcName": "Yrsa",
      "amount": 1,
      "boss": false
    },
    {
      "npcName": "Woman",
      "amount": 1,
      "boss": false
    },
    {
      "npcName": "Angry juvinate",
      "amount": 3,
      "boss": false
    },
    {
      "npcName": "Giant Mole",
      "amount": 8,
      "boss": true
    },
    {
      "npcName": "TzHaar-Ket",
      "amount": 5,
      "boss": false
    },
    {
      "npcName": "Ice giant",
      "amount": 2,
      "boss": false
    },
    {
      "npcName": "Nomad",
      "amount": 1,
      "boss": true
    },
    {
      "npcName": "Revenant Dark Beast",
      "amount": 2,
      "boss": true
    },
    {
      "npcName": "Revenant Goblin",
      "amount": 4,
      "boss": true
    },
    {
      "npcName": "Revenant Impling",
      "amount": 5,
      "boss": true
    },
    {
      "npcName": "Revenant Ork",
      "amount": 2,
      "boss": true
    },
    {
      "npcName": "K\u0027ril Tsutsuroth",
      "amount": 2,
      "boss": true
    },
    {
      "npcName": "Spiritual Mage",
      "amount": 10,
      "boss": false
    },
    {
      "npcName": "Gorak",
      "amount": 3,
      "boss": false
    },
    {
      "npcName": "Werewolf",
      "amount": 2,
      "boss": false
    },
    {
      "npcName": "Nezikchened",
      "amount": 5,
      "boss": false
    }
  ],
  "drops": [
    {
      "item": 536,
      "amount": 18,
      "rareDrop": false
    },
    {
      "item": 1747,
      "amount": 15,
      "rareDrop": false
    },
    {
      "item": 1185,
      "amount": 4,
      "rareDrop": false
    },
    {
      "item": 2361,
      "amount": 6,
      "rareDrop": false
    },
    {
      "item": 12158,
      "amount": 212,
      "rareDrop": false
    },
    {
      "item": 11286,
      "amount": 2,
      "rareDrop": true
    },
    {
      "item": 995,
      "amount": 191040048,
      "rareDrop": false
    },
    {
      "item": 563,
      "amount": 720,
      "rareDrop": false
    },
    {
      "item": 1149,
      "amount": 4,
      "rareDrop": false
    },
    {
      "item": 892,
      "amount": 387,
      "rareDrop": false
    },
    {
      "item": 385,
      "amount": 9,
      "rareDrop": false
    },
    {
      "item": 220,
      "amount": 35,
      "rareDrop": false
    },
    {
      "item": 565,
      "amount": 600,
      "rareDrop": false
    },
    {
      "item": 592,
      "amount": 38,
      "rareDrop": false
    },
    {
      "item": 443,
      "amount": 350,
      "rareDrop": false
    },
    {
      "item": 392,
      "amount": 12,
      "rareDrop": false
    },
    {
      "item": 25,
      "amount": 23,
      "rareDrop": false
    },
    {
      "item": 1357,
      "amount": 5,
      "rareDrop": false
    },
    {
      "item": 1369,
      "amount": 4,
      "rareDrop": false
    },
    {
      "item": 884,
      "amount": 1200,
      "rareDrop": false
    },
    {
      "item": 441,
      "amount": 150,
      "rareDrop": false
    },
    {
      "item": 12163,
      "amount": 55,
      "rareDrop": false
    },
    {
      "item": 1373,
      "amount": 3,
      "rareDrop": false
    },
    {
      "item": 1247,
      "amount": 1,
      "rareDrop": false
    },
    {
      "item": 386,
      "amount": 12,
      "rareDrop": false
    },
    {
      "item": 12159,
      "amount": 126,
      "rareDrop": false
    },
    {
      "item": 1303,
      "amount": 12,
      "rareDrop": false
    },
    {
      "item": 987,
      "amount": 2,
      "rareDrop": false
    },
    {
      "item": 1617,
      "amount": 2,
      "rareDrop": false
    },
    {
      "item": 1619,
      "amount": 8,
      "rareDrop": false
    },
    {
      "item": 1621,
      "amount": 10,
      "rareDrop": false
    },
    {
      "item": 1215,
      "amount": 2,
      "rareDrop": false
    },
    {
      "item": 560,
      "amount": 643,
      "rareDrop": false
    },
    {
      "item": 2368,
      "amount": 5,
      "rareDrop": false
    },
    {
      "item": 12160,
      "amount": 86,
      "rareDrop": false
    },
    {
      "item": 2485,
      "amount": 3,
      "rareDrop": false
    },
    {
      "item": 554,
      "amount": 801,
      "rareDrop": false
    },
    {
      "item": 391,
      "amount": 2,
      "rareDrop": false
    },
    {
      "item": 886,
      "amount": 600,
      "rareDrop": false
    },
    {
      "item": 1725,
      "amount": 2,
      "rareDrop": false
    },
    {
      "item": 537,
      "amount": 5,
      "rareDrop": false
    },
    {
      "item": 1516,
      "amount": 330,
      "rareDrop": false
    },
    {
      "item": 561,
      "amount": 61,
      "rareDrop": false
    },
    {
      "item": 9144,
      "amount": 582,
      "rareDrop": false
    },
    {
      "item": 1625,
      "amount": 19,
      "rareDrop": false
    },
    {
      "item": 403,
      "amount": 28,
      "rareDrop": false
    },
    {
      "item": 407,
      "amount": 11,
      "rareDrop": false
    },
    {
      "item": 985,
      "amount": 5,
      "rareDrop": false
    },
    {
      "item": 805,
      "amount": 11,
      "rareDrop": false
    },
    {
      "item": 313,
      "amount": 144,
      "rareDrop": false
    },
    {
      "item": 45,
      "amount": 27,
      "rareDrop": false
    },
    {
      "item": 526,
      "amount": 64,
      "rareDrop": false
    },
    {
      "item": 78,
      "amount": 250,
      "rareDrop": false
    },
    {
      "item": 2363,
      "amount": 3,
      "rareDrop": false
    },
    {
      "item": 1513,
      "amount": 1500,
      "rareDrop": false
    },
    {
      "item": 1580,
      "amount": 2,
      "rareDrop": false
    },
    {
      "item": 1602,
      "amount": 40,
      "rareDrop": false
    },
    {
      "item": 2364,
      "amount": 340,
      "rareDrop": false
    },
    {
      "item": 7937,
      "amount": 2050,
      "rareDrop": false
    },
    {
      "item": 2362,
      "amount": 256,
      "rareDrop": false
    },
    {
      "item": 1620,
      "amount": 70,
      "rareDrop": false
    },
    {
      "item": 1462,
      "amount": 5,
      "rareDrop": false
    },
    {
      "item": 1249,
      "amount": 2,
      "rareDrop": false
    },
    {
      "item": 439,
      "amount": 11,
      "rareDrop": false
    },
    {
      "item": 1601,
      "amount": 1,
      "rareDrop": false
    },
    {
      "item": 1361,
      "amount": 2,
      "rareDrop": false
    },
    {
      "item": 1113,
      "amount": 2,
      "rareDrop": false
    },
    {
      "item": 562,
      "amount": 514,
      "rareDrop": false
    },
    {
      "item": 1623,
      "amount": 8,
      "rareDrop": false
    },
    {
      "item": 830,
      "amount": 24,
      "rareDrop": false
    },
    {
      "item": 199,
      "amount": 4,
      "rareDrop": false
    },
    {
      "item": 18778,
      "amount": 4,
      "rareDrop": false
    },
    {
      "item": 454,
      "amount": 7,
      "rareDrop": false
    },
    {
      "item": 556,
      "amount": 467,
      "rareDrop": false
    },
    {
      "item": 208,
      "amount": 33,
      "rareDrop": false
    },
    {
      "item": 7956,
      "amount": 20,
      "rareDrop": false
    },
    {
      "item": 566,
      "amount": 100,
      "rareDrop": false
    },
    {
      "item": 452,
      "amount": 196,
      "rareDrop": false
    },
    {
      "item": 5321,
      "amount": 124,
      "rareDrop": false
    },
    {
      "item": 15271,
      "amount": 26,
      "rareDrop": false
    },
    {
      "item": 7945,
      "amount": 240,
      "rareDrop": false
    },
    {
      "item": 1383,
      "amount": 10,
      "rareDrop": false
    },
    {
      "item": 2434,
      "amount": 4,
      "rareDrop": false
    },
    {
      "item": 5316,
      "amount": 10,
      "rareDrop": false
    },
    {
      "item": 1514,
      "amount": 140,
      "rareDrop": false
    },
    {
      "item": 384,
      "amount": 150,
      "rareDrop": false
    },
    {
      "item": 311,
      "amount": 3,
      "rareDrop": false
    },
    {
      "item": 18830,
      "amount": 3,
      "rareDrop": false
    },
    {
      "item": 203,
      "amount": 1,
      "rareDrop": false
    },
    {
      "item": 7946,
      "amount": 3,
      "rareDrop": false
    },
    {
      "item": 890,
      "amount": 250,
      "rareDrop": false
    },
    {
      "item": 450,
      "amount": 830,
      "rareDrop": false
    },
    {
      "item": 5955,
      "amount": 200,
      "rareDrop": false
    },
    {
      "item": 1283,
      "amount": 1,
      "rareDrop": false
    },
    {
      "item": 209,
      "amount": 4,
      "rareDrop": false
    },
    {
      "item": 1197,
      "amount": 1,
      "rareDrop": false
    },
    {
      "item": 1147,
      "amount": 2,
      "rareDrop": false
    },
    {
      "item": 15486,
      "amount": 1,
      "rareDrop": true
    }
  ],
  "achievements-completion": [
    false,
    true,
    false,
    false,
    false,
    false,
    false,
    false,
    false,
    false,
    false,
    false,
    false,
    false,
    false,
    false,
    false,
    false,
    false,
    false,
    false,
    true,
    true,
    true,
    true,
    true,
    true,
    true,
    true,
    false,
    false,
    true,
    false,
    false,
    false,
    false,
    false,
    false,
    false,
    false,
    false,
    false,
    false,
    false,
    false,
    false,
    false,
    false,
    false,
    false,
    false,
    true,
    true,
    false,
    true,
    false,
    true,
    true,
    true,
    false,
    false,
    true,
    false,
    false,
    false,
    false,
    false,
    false,
    false,
    false,
    false,
    false,
    false,
    true,
    false,
    false,
    false,
    false,
    false,
    false,
    false,
    false,
    false,
    false,
    true,
    false,
    false,
    false,
    true,
    true,
    false,
    false,
    false,
    false,
    false,
    true,
    false,
    false,
    false,
    false,
    false
  ],
  "achievements-progress": [
    0,
    0,
    778,
    0,
    0,
    25,
    0,
    0,
    0,
    5,
    0,
    0,
    0,
    0,
    0,
    0,
    1,
    0,
    0,
    0,
    0,
    78220,
    79512,
    20184,
    1,
    200000000,
    25,
    0,
    0,
    0,
    5,
    0,
    0,
    0,
    0,
    0,
    0,
    0,
    0,
    0,
    0,
    0,
    0,
    2489814,
    7333129,
    20184,
    1,
    5,
    0,
    484,
    208,
    0,
    1
  ],
  "max-cape-colors": [
    20264,
    0,
    0,
    24364
  ],
  "comp-cape-colors": [
    54012,
    0,
    0,
    58106
  ],
  "player-title": "@or2@AFK",
  "set-home": {
    "x": 2719,
    "y": 5313,
    "z": 0
  }
}