{
  "total-play-time-ms": 73508550,
  "username": "Sam",
  "password": "Jonbr12039928343",
  "email": "null",
  "staff-rights": "PLATINUM_MEMBER",
  "game-mode": "NORMAL",
  "boss-points": 85,
  "loyalty-title": "NONE",
  "position": {
    "x": 3235,
    "y": 3946,
    "z": 0
  },
  "online-status": "ON",
  "yell-title": "null",
  "given-starter": true,
  "is-instanced": false,
  "money-pouch": 569671116,
  "donated": 255,
  "password-reset": 2,
  "minutes-bonus-exp": -1,
  "total-gained-exp": 1875807031,
  "prestige-points": 0,
  "achievement-points": 18,
  "dung-tokens": 28142,
  "commendations": 0,
  "loyalty-points": 34150,
  "total-loyalty-points": 34165.0,
  "voting-points": 0,
  "slayer-points": 11,
  "hide-player": false,
  "pk-points": 0,
  "donation-points": 65,
  "trivia-points": 102,
  "cluescompleted": 0,
  "player-kills": 0,
  "player-killstreak": 0,
  "player-deaths": 0,
  "target-percentage": 100,
  "bh-rank": 0,
  "gender": "MALE",
  "spell-book": "NORMAL",
  "shop-updated": false,
  "shop-earnings": 0,
  "prayer-book": "NORMAL",
  "running": true,
  "run-energy": 100,
  "music": false,
  "sounds": false,
  "auto-retaliate": true,
  "xp-locked": false,
  "veng-cast": false,
  "last-veng": 246128123,
  "fight-type": "SHORTBOW_RAPID",
  "sol-effect": -1,
  "skull-timer": 0,
  "accept-aid": false,
  "venom-damage": 0,
  "venom-immunity": 0,
  "poison-damage": 40,
  "poison-immunity": 0,
  "overload-timer": 0,
  "fire-immunity": 0,
  "fire-damage-mod": 0,
  "prayer-renewal-timer": 0,
  "teleblock-timer": 0,
  "special-amount": 100,
  "entered-gwd-room": false,
  "gwd-altar-delay": 0,
  "gwd-killcount": [
    0,
    0,
    0,
    0
  ],
  "effigy": 0,
  "summon-npc": -1,
  "summon-death": -1,
  "process-farming": false,
  "clanchat": "Help",
  "autocast": false,
  "autocast-spell": -1,
  "dfs-charges": 0,
  "coins-gambled": 0,
  "slayer-master": "DURADEL",
  "slayer-task": "BLOODVELD",
  "prev-slayer-task": "YAK",
  "task-amount": 6,
  "task-streak": 2,
  "duo-partner": "null",
  "double-slay-xp": false,
  "recoil-deg": 0,
  "brawler-deg": [
    0,
    0,
    0,
    0,
    0,
    0,
    0,
    0,
    0
  ],
  "killed-players": [],
  "killed-gods": [
    false,
    false,
    true,
    false,
    false
  ],
  "barrows-brother": [
    [
      2030,
      0
    ],
    [
      2029,
      0
    ],
    [
      2028,
      0
    ],
    [
      2027,
      0
    ],
    [
      2026,
      0
    ],
    [
      2025,
      0
    ]
  ],
  "random-coffin": 0,
  "barrows-killcount": 0,
  "nomad": [
    true,
    true
  ],
  "recipe-for-disaster": [
    true,
    true,
    false,
    true,
    true,
    true,
    true,
    true,
    true
  ],
  "recipe-for-disaster-wave": 6,
  "dung-items-bound": [
    16136,
    15923,
    0,
    0,
    0
  ],
  "rune-ess": 0,
  "pure-ess": 0,
  "has-bank-pin": false,
  "last-pin-attempt": 0,
  "invalid-pin-attempts": 0,
  "bank-pin": [
    0,
    0,
    0,
    0
  ],
  "appearance": [
    0,
    0,
    18,
    26,
    33,
    36,
    42,
    10,
    0,
    0,
    0,
    0,
    0
  ],
  "agility-obj": [
    false,
    false,
    false,
    false,
    false,
    false,
    false
  ],
  "skills": {
    "level": [
      99,
      112,
      99,
      898,
      106,
      620,
      62,
      1,
      1,
      1,
      1,
      1,
      1,
      1,
      1,
      1,
      1,
      85,
      73,
      1,
      1,
      1,
      1,
      67,
      65
    ],
    "maxLevel": [
      99,
      99,
      99,
      990,
      99,
      890,
      62,
      1,
      1,
      1,
      1,
      1,
      1,
      1,
      1,
      1,
      1,
      85,
      73,
      1,
      1,
      1,
      1,
      67,
      65
    ],
    "experience": [
      93492962,
      15866094,
      94527149,
      683567075,
      977308781,
      5305892,
      346227,
      0,
      0,
      0,
      0,
      0,
      0,
      0,
      0,
      0,
      0,
      3306735,
      1045239,
      0,
      0,
      0,
      0,
      568960,
      473101
    ]
  },
  "inventory": [
    {
      "id": 15318,
      "amount": 1,
      "slot": 0
    },
    {
      "id": 15326,
      "amount": 1,
      "slot": 0
    },
    {
      "id": 3028,
      "amount": 1,
      "slot": 0
    },
    {
      "id": 3024,
      "amount": 1,
      "slot": 0
    },
    {
      "id": 3024,
      "amount": 1,
      "slot": 0
    },
    {
      "id": 3024,
      "amount": 1,
      "slot": 0
    },
    {
      "id": 995,
      "amount": 600000,
      "slot": 0
    },
    {
      "id": 7956,
      "amount": 1,
      "slot": 0
    },
    {
      "id": 4680,
      "amount": 1,
      "slot": 0
    },
    {
      "id": 2678,
      "amount": 1,
      "slot": 0
    },
    {
      "id": 18778,
      "amount": 1,
      "slot": 0
    },
    {
      "id": 15272,
      "amount": 1,
      "slot": 0
    },
    {
      "id": 391,
      "amount": 1,
      "slot": 0
    },
    {
      "id": 391,
      "amount": 1,
      "slot": 0
    },
    {
      "id": 391,
      "amount": 1,
      "slot": 0
    },
    {
      "id": 391,
      "amount": 1,
      "slot": 0
    },
    {
      "id": 391,
      "amount": 1,
      "slot": 0
    },
    {
      "id": 391,
      "amount": 1,
      "slot": 0
    },
    {
      "id": 391,
      "amount": 1,
      "slot": 0
    },
    {
      "id": 391,
      "amount": 1,
      "slot": 0
    },
    {
      "id": 391,
      "amount": 1,
      "slot": 0
    },
    {
      "id": 391,
      "amount": 1,
      "slot": 0
    },
    {
      "id": 391,
      "amount": 1,
      "slot": 0
    },
    {
      "id": 391,
      "amount": 1,
      "slot": 0
    },
    {
      "id": 391,
      "amount": 1,
      "slot": 0
    },
    {
      "id": 391,
      "amount": 1,
      "slot": 0
    },
    {
      "id": 391,
      "amount": 1,
      "slot": 0
    },
    {
      "id": 391,
      "amount": 1,
      "slot": 0
    }
  ],
  "equipment": [
    {
      "id": 20012,
      "amount": 1,
      "slot": 0
    },
    {
      "id": 10499,
      "amount": 1,
      "slot": 0
    },
    {
      "id": 17291,
      "amount": 1,
      "slot": 0
    },
    {
      "id": 20998,
      "amount": 1,
      "slot": 0
    },
    {
      "id": 20010,
      "amount": 1,
      "slot": 0
    },
    {
      "id": -1,
      "amount": 0,
      "slot": 0
    },
    {
      "id": -1,
      "amount": 0,
      "slot": 0
    },
    {
      "id": 20011,
      "amount": 1,
      "slot": 0
    },
    {
      "id": -1,
      "amount": 0,
      "slot": 0
    },
    {
      "id": 20020,
      "amount": 1,
      "slot": 0
    },
    {
      "id": 20019,
      "amount": 1,
      "slot": 0
    },
    {
      "id": -1,
      "amount": 0,
      "slot": 0
    },
    {
      "id": -1,
      "amount": 1,
      "slot": 0
    },
    {
      "id": 11212,
      "amount": 1108,
      "slot": 0
    }
  ],
  "bank-0": [
    {
      "id": 2440,
      "amount": 112,
      "slot": 0
    },
    {
      "id": 2436,
      "amount": 112,
      "slot": 0
    },
    {
      "id": 2442,
      "amount": 148,
      "slot": 0
    },
    {
      "id": 2444,
      "amount": 36,
      "slot": 0
    },
    {
      "id": 1153,
      "amount": 1,
      "slot": 0
    },
    {
      "id": 1115,
      "amount": 1,
      "slot": 0
    },
    {
      "id": 1067,
      "amount": 1,
      "slot": 0
    },
    {
      "id": 1191,
      "amount": 1,
      "slot": 0
    },
    {
      "id": 1323,
      "amount": 1,
      "slot": 0
    },
    {
      "id": 4391,
      "amount": 1,
      "slot": 0
    },
    {
      "id": 841,
      "amount": 1,
      "slot": 0
    },
    {
      "id": 882,
      "amount": 476,
      "slot": 0
    },
    {
      "id": 1169,
      "amount": 1,
      "slot": 0
    },
    {
      "id": 1129,
      "amount": 1,
      "slot": 0
    },
    {
      "id": 1095,
      "amount": 1,
      "slot": 0
    },
    {
      "id": 1478,
      "amount": 1,
      "slot": 0
    },
    {
      "id": 579,
      "amount": 1,
      "slot": 0
    },
    {
      "id": 577,
      "amount": 1,
      "slot": 0
    },
    {
      "id": 1011,
      "amount": 1,
      "slot": 0
    },
    {
      "id": 1381,
      "amount": 1,
      "slot": 0
    },
    {
      "id": 558,
      "amount": 995,
      "slot": 0
    },
    {
      "id": 557,
      "amount": 1500,
      "slot": 0
    },
    {
      "id": 555,
      "amount": 5086,
      "slot": 0
    },
    {
      "id": 554,
      "amount": 2687,
      "slot": 0
    },
    {
      "id": 10828,
      "amount": 2,
      "slot": 0
    },
    {
      "id": 1127,
      "amount": 2,
      "slot": 0
    },
    {
      "id": 1079,
      "amount": 2,
      "slot": 0
    },
    {
      "id": 4131,
      "amount": 4,
      "slot": 0
    },
    {
      "id": 888,
      "amount": 1200,
      "slot": 0
    },
    {
      "id": 6,
      "amount": 1,
      "slot": 0
    },
    {
      "id": 12,
      "amount": 1,
      "slot": 0
    },
    {
      "id": 10,
      "amount": 1,
      "slot": 0
    },
    {
      "id": 8,
      "amount": 1,
      "slot": 0
    },
    {
      "id": 4587,
      "amount": 2,
      "slot": 0
    },
    {
      "id": 9244,
      "amount": 803,
      "slot": 0
    },
    {
      "id": 11118,
      "amount": 1,
      "slot": 0
    },
    {
      "id": 6568,
      "amount": 2,
      "slot": 0
    },
    {
      "id": 10499,
      "amount": 0,
      "slot": 0
    },
    {
      "id": 9185,
      "amount": 1,
      "slot": 0
    },
    {
      "id": 2491,
      "amount": 1,
      "slot": 0
    },
    {
      "id": 9144,
      "amount": 2996,
      "slot": 0
    },
    {
      "id": 6328,
      "amount": 1,
      "slot": 0
    },
    {
      "id": 565,
      "amount": 2600,
      "slot": 0
    },
    {
      "id": 1969,
      "amount": 1,
      "slot": 0
    },
    {
      "id": 163,
      "amount": 11,
      "slot": 0
    },
    {
      "id": 171,
      "amount": 9,
      "slot": 0
    },
    {
      "id": 3028,
      "amount": 9,
      "slot": 0
    },
    {
      "id": 556,
      "amount": 20733,
      "slot": 0
    },
    {
      "id": 1365,
      "amount": 1,
      "slot": 0
    },
    {
      "id": 3030,
      "amount": 10,
      "slot": 0
    },
    {
      "id": 145,
      "amount": 8,
      "slot": 0
    },
    {
      "id": 157,
      "amount": 8,
      "slot": 0
    },
    {
      "id": 560,
      "amount": 1984,
      "slot": 0
    },
    {
      "id": 15272,
      "amount": 4,
      "slot": 0
    },
    {
      "id": 7946,
      "amount": 3,
      "slot": 0
    },
    {
      "id": 5667,
      "amount": 420,
      "slot": 0
    },
    {
      "id": 167,
      "amount": 5,
      "slot": 0
    },
    {
      "id": 149,
      "amount": 3,
      "slot": 0
    },
    {
      "id": 161,
      "amount": 3,
      "slot": 0
    },
    {
      "id": 532,
      "amount": 168,
      "slot": 0
    },
    {
      "id": 892,
      "amount": 1533,
      "slot": 0
    },
    {
      "id": 1215,
      "amount": 2,
      "slot": 0
    },
    {
      "id": 9341,
      "amount": 552,
      "slot": 0
    },
    {
      "id": 139,
      "amount": 7,
      "slot": 0
    },
    {
      "id": 562,
      "amount": 1254,
      "slot": 0
    },
    {
      "id": 5954,
      "amount": 130,
      "slot": 0
    },
    {
      "id": 6529,
      "amount": 2225,
      "slot": 0
    },
    {
      "id": 165,
      "amount": 10,
      "slot": 0
    },
    {
      "id": 229,
      "amount": 5,
      "slot": 0
    },
    {
      "id": 563,
      "amount": 34,
      "slot": 0
    },
    {
      "id": 385,
      "amount": 304,
      "slot": 0
    },
    {
      "id": 1580,
      "amount": 4,
      "slot": 0
    },
    {
      "id": 159,
      "amount": 1,
      "slot": 0
    },
    {
      "id": 147,
      "amount": 1,
      "slot": 0
    },
    {
      "id": 4153,
      "amount": 1,
      "slot": 0
    },
    {
      "id": 173,
      "amount": 3,
      "slot": 0
    },
    {
      "id": 561,
      "amount": 601,
      "slot": 0
    },
    {
      "id": 1077,
      "amount": 1,
      "slot": 0
    },
    {
      "id": 1623,
      "amount": 206,
      "slot": 0
    },
    {
      "id": 1704,
      "amount": 2,
      "slot": 0
    },
    {
      "id": 890,
      "amount": 2321,
      "slot": 0
    },
    {
      "id": 169,
      "amount": 2,
      "slot": 0
    },
    {
      "id": 3026,
      "amount": 3,
      "slot": 0
    },
    {
      "id": 566,
      "amount": 403,
      "slot": 0
    },
    {
      "id": 1149,
      "amount": 3,
      "slot": 0
    },
    {
      "id": 1601,
      "amount": 1,
      "slot": 0
    },
    {
      "id": 1249,
      "amount": 1,
      "slot": 0
    },
    {
      "id": 2366,
      "amount": 2,
      "slot": 0
    },
    {
      "id": 2368,
      "amount": 2,
      "slot": 0
    },
    {
      "id": 9143,
      "amount": 4276,
      "slot": 0
    },
    {
      "id": 1353,
      "amount": 1,
      "slot": 0
    },
    {
      "id": 4091,
      "amount": 1,
      "slot": 0
    },
    {
      "id": 4093,
      "amount": 1,
      "slot": 0
    },
    {
      "id": 4097,
      "amount": 1,
      "slot": 0
    },
    {
      "id": 4675,
      "amount": 1,
      "slot": 0
    },
    {
      "id": 2550,
      "amount": 2,
      "slot": 0
    },
    {
      "id": 13734,
      "amount": 1,
      "slot": 0
    },
    {
      "id": 3040,
      "amount": 15,
      "slot": 0
    },
    {
      "id": 1725,
      "amount": 1,
      "slot": 0
    },
    {
      "id": 1187,
      "amount": 1,
      "slot": 0
    },
    {
      "id": 6500,
      "amount": 1,
      "slot": 0
    },
    {
      "id": 3755,
      "amount": 1,
      "slot": 0
    },
    {
      "id": 15321,
      "amount": 1,
      "slot": 0
    },
    {
      "id": 811,
      "amount": 36,
      "slot": 0
    },
    {
      "id": 6733,
      "amount": 1,
      "slot": 0
    },
    {
      "id": 6016,
      "amount": 35,
      "slot": 0
    },
    {
      "id": 1619,
      "amount": 60,
      "slot": 0
    },
    {
      "id": 7158,
      "amount": 1,
      "slot": 0
    },
    {
      "id": 3049,
      "amount": 35,
      "slot": 0
    },
    {
      "id": 219,
      "amount": 10,
      "slot": 0
    },
    {
      "id": 1391,
      "amount": 50,
      "slot": 0
    }
  ],
  "bank-1": [
    {
      "id": 3488,
      "amount": 3,
      "slot": 0
    },
    {
      "id": 7936,
      "amount": 500,
      "slot": 0
    },
    {
      "id": 3486,
      "amount": 1,
      "slot": 0
    },
    {
      "id": 3481,
      "amount": 1,
      "slot": 0
    },
    {
      "id": 2673,
      "amount": 1,
      "slot": 0
    },
    {
      "id": 2669,
      "amount": 1,
      "slot": 0
    },
    {
      "id": 9005,
      "amount": 2,
      "slot": 0
    },
    {
      "id": 7332,
      "amount": 1,
      "slot": 0
    },
    {
      "id": 2631,
      "amount": 1,
      "slot": 0
    },
    {
      "id": 7394,
      "amount": 1,
      "slot": 0
    },
    {
      "id": 2633,
      "amount": 1,
      "slot": 0
    },
    {
      "id": 1165,
      "amount": 1,
      "slot": 0
    },
    {
      "id": 1125,
      "amount": 1,
      "slot": 0
    },
    {
      "id": 2597,
      "amount": 1,
      "slot": 0
    },
    {
      "id": 9006,
      "amount": 1,
      "slot": 0
    },
    {
      "id": 7114,
      "amount": 1,
      "slot": 0
    }
  ],
  "bank-2": [
    {
      "id": 6194,
      "amount": 3,
      "slot": 0
    },
    {
      "id": 6190,
      "amount": 2,
      "slot": 0
    },
    {
      "id": 11730,
      "amount": 3,
      "slot": 0
    },
    {
      "id": 13239,
      "amount": 1,
      "slot": 0
    },
    {
      "id": 13890,
      "amount": 1,
      "slot": 0
    },
    {
      "id": 13884,
      "amount": 1,
      "slot": 0
    },
    {
      "id": 13896,
      "amount": 1,
      "slot": 0
    },
    {
      "id": 13873,
      "amount": 1,
      "slot": 0
    },
    {
      "id": 13870,
      "amount": 1,
      "slot": 0
    },
    {
      "id": 13876,
      "amount": 1,
      "slot": 0
    },
    {
      "id": 13893,
      "amount": 1,
      "slot": 0
    },
    {
      "id": 18778,
      "amount": 8,
      "slot": 0
    },
    {
      "id": 10551,
      "amount": 4,
      "slot": 0
    },
    {
      "id": 11974,
      "amount": 1,
      "slot": 0
    },
    {
      "id": 11981,
      "amount": 1,
      "slot": 0
    },
    {
      "id": 11975,
      "amount": 1,
      "slot": 0
    },
    {
      "id": 987,
      "amount": 7,
      "slot": 0
    },
    {
      "id": 6570,
      "amount": 1,
      "slot": 0
    },
    {
      "id": 78,
      "amount": 1925,
      "slot": 0
    },
    {
      "id": 16477,
      "amount": 310,
      "slot": 0
    },
    {
      "id": 11554,
      "amount": 1,
      "slot": 0
    },
    {
      "id": 1540,
      "amount": 1,
      "slot": 0
    },
    {
      "id": 20012,
      "amount": 0,
      "slot": 0
    },
    {
      "id": 20010,
      "amount": 0,
      "slot": 0
    },
    {
      "id": 20011,
      "amount": 0,
      "slot": 0
    },
    {
      "id": 20998,
      "amount": 0,
      "slot": 0
    },
    {
      "id": 7462,
      "amount": 1,
      "slot": 0
    },
    {
      "id": 11212,
      "amount": 0,
      "slot": 0
    },
    {
      "id": 6192,
      "amount": 2,
      "slot": 0
    },
    {
      "id": 985,
      "amount": 0,
      "slot": 0
    },
    {
      "id": 989,
      "amount": 0,
      "slot": 0
    },
    {
      "id": 11732,
      "amount": 6,
      "slot": 0
    },
    {
      "id": 536,
      "amount": 293,
      "slot": 0
    },
    {
      "id": 11924,
      "amount": 2,
      "slot": 0
    },
    {
      "id": 20020,
      "amount": 0,
      "slot": 0
    },
    {
      "id": 6739,
      "amount": 1,
      "slot": 0
    },
    {
      "id": 6585,
      "amount": 1,
      "slot": 0
    },
    {
      "id": 2577,
      "amount": 1,
      "slot": 0
    },
    {
      "id": 15259,
      "amount": 1,
      "slot": 0
    },
    {
      "id": 995,
      "amount": 50581300,
      "slot": 0
    }
  ],
  "bank-3": [
    {
      "id": 2689,
      "amount": 2,
      "slot": 0
    },
    {
      "id": 2683,
      "amount": 1,
      "slot": 0
    },
    {
      "id": 2682,
      "amount": 2,
      "slot": 0
    },
    {
      "id": 2681,
      "amount": 1,
      "slot": 0
    },
    {
      "id": 2679,
      "amount": 3,
      "slot": 0
    },
    {
      "id": 2690,
      "amount": 3,
      "slot": 0
    },
    {
      "id": 2686,
      "amount": 1,
      "slot": 0
    },
    {
      "id": 2685,
      "amount": 2,
      "slot": 0
    },
    {
      "id": 2684,
      "amount": 3,
      "slot": 0
    },
    {
      "id": 2680,
      "amount": 3,
      "slot": 0
    },
    {
      "id": 2678,
      "amount": 1,
      "slot": 0
    }
  ],
  "bank-4": [
    {
      "id": 12158,
      "amount": 218,
      "slot": 0
    },
    {
      "id": 12159,
      "amount": 121,
      "slot": 0
    },
    {
      "id": 12160,
      "amount": 95,
      "slot": 0
    },
    {
      "id": 12163,
      "amount": 117,
      "slot": 0
    },
    {
      "id": 526,
      "amount": 1,
      "slot": 0
    }
  ],
  "bank-5": [
    {
      "id": 440,
      "amount": 241,
      "slot": 0
    },
    {
      "id": 1631,
      "amount": 14,
      "slot": 0
    },
    {
      "id": 2363,
      "amount": 484,
      "slot": 0
    },
    {
      "id": 2485,
      "amount": 15,
      "slot": 0
    },
    {
      "id": 217,
      "amount": 50,
      "slot": 0
    },
    {
      "id": 1515,
      "amount": 850,
      "slot": 0
    },
    {
      "id": 7956,
      "amount": 12,
      "slot": 0
    },
    {
      "id": 209,
      "amount": 95,
      "slot": 0
    },
    {
      "id": 9075,
      "amount": 1789,
      "slot": 0
    },
    {
      "id": 447,
      "amount": 206,
      "slot": 0
    },
    {
      "id": 534,
      "amount": 112,
      "slot": 0
    },
    {
      "id": 451,
      "amount": 80,
      "slot": 0
    },
    {
      "id": 449,
      "amount": 233,
      "slot": 0
    },
    {
      "id": 442,
      "amount": 400,
      "slot": 0
    },
    {
      "id": 1621,
      "amount": 146,
      "slot": 0
    },
    {
      "id": 6685,
      "amount": 15,
      "slot": 0
    },
    {
      "id": 1513,
      "amount": 64,
      "slot": 0
    },
    {
      "id": 203,
      "amount": 125,
      "slot": 0
    },
    {
      "id": 377,
      "amount": 1279,
      "slot": 0
    },
    {
      "id": 5303,
      "amount": 1,
      "slot": 0
    },
    {
      "id": 5316,
      "amount": 1,
      "slot": 0
    }
  ],
  "bank-6": [
    {
      "id": 15325,
      "amount": 328,
      "slot": 0
    },
    {
      "id": 15317,
      "amount": 310,
      "slot": 0
    },
    {
      "id": 3024,
      "amount": 231,
      "slot": 0
    },
    {
      "id": 391,
      "amount": 514,
      "slot": 0
    },
    {
      "id": 15319,
      "amount": 1,
      "slot": 0
    },
    {
      "id": 15327,
      "amount": 1,
      "slot": 0
    },
    {
      "id": 207,
      "amount": 25,
      "slot": 0
    }
  ],
  "bank-7": [],
  "bank-8": [],
  "ge-slots": [
    {
      "state": "EMPTY"
    },
    {
      "state": "EMPTY"
    },
    {
      "state": "EMPTY"
    },
    {
      "state": "EMPTY"
    },
    {
      "state": "EMPTY"
    },
    {
      "state": "EMPTY"
    }
  ],
  "charm-imp": [
    1,
    1,
    1,
    0
  ],
  "friends": [
    19225768000,
    26,
    23271021,
    23271028,
    1485
  ],
  "ignores": [],
  "loyalty-titles": [
    false,
    false,
    false,
    false,
    false,
    false,
    false,
    false,
    false,
    false,
    false,
    false
  ],
  "kills": [
    {
      "npcName": "Scorpia",
      "amount": 189,
      "boss": true
    },
    {
      "npcName": "Bandos Avatar",
      "amount": 40,
      "boss": true
    },
    {
      "npcName": "Abyssal Sire",
      "amount": 24,
      "boss": true
    },
    {
      "npcName": "Bork",
      "amount": 9,
      "boss": true
    },
    {
      "npcName": "Lizardman Shaman",
      "amount": 7,
      "boss": true
    },
    {
      "npcName": "Frost dragon",
      "amount": 6,
      "boss": true
    },
    {
      "npcName": "Glacor",
      "amount": 5,
      "boss": true
    },
    {
      "npcName": "Barrelchest",
      "amount": 4,
      "boss": true
    },
    {
      "npcName": "Giant Mole",
      "amount": 59,
      "boss": true
    },
    {
      "npcName": "Commander Zilyana",
      "amount": 3,
      "boss": true
    },
    {
      "npcName": "Slash Bash",
      "amount": 3,
      "boss": true
    },
    {
      "npcName": "Tormented Demon",
      "amount": 2,
      "boss": true
    },
    {
      "npcName": "Zulrah",
      "amount": 2,
      "boss": true
    },
    {
      "npcName": "Cerberus",
      "amount": 1,
      "boss": true
    },
    {
      "npcName": "Chaos Elemental",
      "amount": 1,
      "boss": true
    },
    {
      "npcName": "Culinaromancer",
      "amount": 1,
      "boss": true
    },
    {
      "npcName": "King Black Dragon",
      "amount": 1,
      "boss": true
    },
    {
      "npcName": "Nomad",
      "amount": 1,
      "boss": true
    },
    {
      "npcName": "Phoenix",
      "amount": 1,
      "boss": true
    },
    {
      "npcName": "Plane-freezer Lakhrahnaz",
      "amount": 1,
      "boss": true
    },
    {
      "npcName": "Skotizo",
      "amount": 1,
      "boss": true
    },
    {
      "npcName": "TzTok-Jad",
      "amount": 1,
      "boss": true
    },
    {
      "npcName": "WildyWyrm",
      "amount": 3,
      "boss": true
    },
    {
      "npcName": "Chaos druid",
      "amount": 268,
      "boss": false
    },
    {
      "npcName": "Rock Crab",
      "amount": 169,
      "boss": false
    },
    {
      "npcName": "Deadly red spider",
      "amount": 44,
      "boss": false
    },
    {
      "npcName": "Yak",
      "amount": 41,
      "boss": false
    },
    {
      "npcName": "Bloodveld",
      "amount": 34,
      "boss": false
    },
    {
      "npcName": "Ghost",
      "amount": 32,
      "boss": false
    },
    {
      "npcName": "Skeleton",
      "amount": 16,
      "boss": false
    },
    {
      "npcName": "Bandit",
      "amount": 14,
      "boss": false
    },
    {
      "npcName": "Tower Archer",
      "amount": 12,
      "boss": false
    },
    {
      "npcName": "Blue dragon",
      "amount": 11,
      "boss": false
    },
    {
      "npcName": "Spinolyp",
      "amount": 9,
      "boss": false
    },
    {
      "npcName": "Green dragon",
      "amount": 8,
      "boss": false
    },
    {
      "npcName": "Armoured Zombie",
      "amount": 4,
      "boss": false
    },
    {
      "npcName": "Dark wizard",
      "amount": 3,
      "boss": false
    },
    {
      "npcName": "Dust devil",
      "amount": 3,
      "boss": false
    },
    {
      "npcName": "Fire giant",
      "amount": 3,
      "boss": false
    },
    {
      "npcName": "Starlight",
      "amount": 3,
      "boss": false
    },
    {
      "npcName": "Wizard",
      "amount": 3,
      "boss": false
    },
    {
      "npcName": "Zombie pirate",
      "amount": 3,
      "boss": false
    },
    {
      "npcName": "Bree",
      "amount": 2,
      "boss": false
    },
    {
      "npcName": "Growler",
      "amount": 2,
      "boss": false
    },
    {
      "npcName": "Baby Blue dragon",
      "amount": 1,
      "boss": false
    },
    {
      "npcName": "Black Demon",
      "amount": 1,
      "boss": false
    }
  ],
  "drops": [
    {
      "item": 405,
      "amount": 12,
      "rareDrop": false
    },
    {
      "item": 995,
      "amount": 545205214,
      "rareDrop": false
    },
    {
      "item": 1625,
      "amount": 21,
      "rareDrop": false
    },
    {
      "item": 1462,
      "amount": 28,
      "rareDrop": false
    },
    {
      "item": 12158,
      "amount": 434,
      "rareDrop": false
    },
    {
      "item": 18778,
      "amount": 9,
      "rareDrop": false
    },
    {
      "item": 407,
      "amount": 15,
      "rareDrop": false
    },
    {
      "item": 1454,
      "amount": 9,
      "rareDrop": false
    },
    {
      "item": 12159,
      "amount": 246,
      "rareDrop": false
    },
    {
      "item": 12160,
      "amount": 165,
      "rareDrop": false
    },
    {
      "item": 15188,
      "amount": 4,
      "rareDrop": false
    },
    {
      "item": 561,
      "amount": 179,
      "rareDrop": false
    },
    {
      "item": 439,
      "amount": 25,
      "rareDrop": false
    },
    {
      "item": 5295,
      "amount": 8,
      "rareDrop": false
    },
    {
      "item": 454,
      "amount": 9,
      "rareDrop": false
    },
    {
      "item": 12163,
      "amount": 125,
      "rareDrop": false
    },
    {
      "item": 403,
      "amount": 21,
      "rareDrop": false
    },
    {
      "item": 45,
      "amount": 43,
      "rareDrop": false
    },
    {
      "item": 437,
      "amount": 23,
      "rareDrop": false
    },
    {
      "item": 313,
      "amount": 117,
      "rareDrop": false
    },
    {
      "item": 11974,
      "amount": 1,
      "rareDrop": true
    },
    {
      "item": 805,
      "amount": 7,
      "rareDrop": false
    },
    {
      "item": 441,
      "amount": 379,
      "rareDrop": false
    },
    {
      "item": 985,
      "amount": 18,
      "rareDrop": false
    },
    {
      "item": 1617,
      "amount": 7,
      "rareDrop": false
    },
    {
      "item": 1619,
      "amount": 15,
      "rareDrop": false
    },
    {
      "item": 25,
      "amount": 51,
      "rareDrop": false
    },
    {
      "item": 2485,
      "amount": 22,
      "rareDrop": false
    },
    {
      "item": 830,
      "amount": 81,
      "rareDrop": false
    },
    {
      "item": 1621,
      "amount": 10,
      "rareDrop": false
    },
    {
      "item": 1623,
      "amount": 14,
      "rareDrop": false
    },
    {
      "item": 987,
      "amount": 25,
      "rareDrop": false
    },
    {
      "item": 526,
      "amount": 357,
      "rareDrop": false
    },
    {
      "item": 1353,
      "amount": 8,
      "rareDrop": false
    },
    {
      "item": 1147,
      "amount": 2,
      "rareDrop": false
    },
    {
      "item": 444,
      "amount": 2,
      "rareDrop": false
    },
    {
      "item": 1157,
      "amount": 4,
      "rareDrop": false
    },
    {
      "item": 1181,
      "amount": 5,
      "rareDrop": false
    },
    {
      "item": 1325,
      "amount": 2,
      "rareDrop": false
    },
    {
      "item": 2293,
      "amount": 2,
      "rareDrop": false
    },
    {
      "item": 207,
      "amount": 13,
      "rareDrop": false
    },
    {
      "item": 534,
      "amount": 1,
      "rareDrop": false
    },
    {
      "item": 536,
      "amount": 20,
      "rareDrop": false
    },
    {
      "item": 1751,
      "amount": 11,
      "rareDrop": false
    },
    {
      "item": 1631,
      "amount": 13,
      "rareDrop": false
    },
    {
      "item": 219,
      "amount": 7,
      "rareDrop": false
    },
    {
      "item": 213,
      "amount": 17,
      "rareDrop": false
    },
    {
      "item": 217,
      "amount": 8,
      "rareDrop": false
    },
    {
      "item": 1452,
      "amount": 12,
      "rareDrop": false
    },
    {
      "item": 1197,
      "amount": 2,
      "rareDrop": false
    },
    {
      "item": 203,
      "amount": 20,
      "rareDrop": false
    },
    {
      "item": 365,
      "amount": 1,
      "rareDrop": false
    },
    {
      "item": 11981,
      "amount": 1,
      "rareDrop": true
    },
    {
      "item": 211,
      "amount": 15,
      "rareDrop": false
    },
    {
      "item": 205,
      "amount": 8,
      "rareDrop": false
    },
    {
      "item": 2353,
      "amount": 1,
      "rareDrop": false
    },
    {
      "item": 201,
      "amount": 29,
      "rareDrop": false
    },
    {
      "item": 1323,
      "amount": 1,
      "rareDrop": false
    },
    {
      "item": 199,
      "amount": 26,
      "rareDrop": false
    },
    {
      "item": 1349,
      "amount": 1,
      "rareDrop": false
    },
    {
      "item": 215,
      "amount": 2,
      "rareDrop": false
    },
    {
      "item": 572,
      "amount": 116,
      "rareDrop": false
    },
    {
      "item": 570,
      "amount": 64,
      "rareDrop": false
    },
    {
      "item": 576,
      "amount": 84,
      "rareDrop": false
    },
    {
      "item": 12174,
      "amount": 35,
      "rareDrop": false
    },
    {
      "item": 1247,
      "amount": 15,
      "rareDrop": false
    },
    {
      "item": 574,
      "amount": 128,
      "rareDrop": false
    },
    {
      "item": 573,
      "amount": 5,
      "rareDrop": false
    },
    {
      "item": 5300,
      "amount": 14,
      "rareDrop": false
    },
    {
      "item": 14836,
      "amount": 41,
      "rareDrop": false
    },
    {
      "item": 556,
      "amount": 27640,
      "rareDrop": false
    },
    {
      "item": 1392,
      "amount": 240,
      "rareDrop": false
    },
    {
      "item": 571,
      "amount": 7,
      "rareDrop": false
    },
    {
      "item": 1391,
      "amount": 12,
      "rareDrop": false
    },
    {
      "item": 559,
      "amount": 72,
      "rareDrop": false
    },
    {
      "item": 575,
      "amount": 6,
      "rareDrop": false
    },
    {
      "item": 569,
      "amount": 7,
      "rareDrop": false
    },
    {
      "item": 557,
      "amount": 70,
      "rareDrop": false
    },
    {
      "item": 558,
      "amount": 33,
      "rareDrop": false
    },
    {
      "item": 209,
      "amount": 3,
      "rareDrop": false
    },
    {
      "item": 231,
      "amount": 3,
      "rareDrop": false
    },
    {
      "item": 565,
      "amount": 3701,
      "rareDrop": false
    },
    {
      "item": 563,
      "amount": 382,
      "rareDrop": false
    },
    {
      "item": 9142,
      "amount": 8,
      "rareDrop": false
    },
    {
      "item": 1291,
      "amount": 1,
      "rareDrop": false
    },
    {
      "item": 2368,
      "amount": 5,
      "rareDrop": false
    },
    {
      "item": 1365,
      "amount": 2,
      "rareDrop": false
    },
    {
      "item": 1113,
      "amount": 8,
      "rareDrop": false
    },
    {
      "item": 1753,
      "amount": 8,
      "rareDrop": false
    },
    {
      "item": 449,
      "amount": 1,
      "rareDrop": false
    },
    {
      "item": 1119,
      "amount": 1,
      "rareDrop": false
    },
    {
      "item": 1149,
      "amount": 9,
      "rareDrop": false
    },
    {
      "item": 1243,
      "amount": 1,
      "rareDrop": false
    },
    {
      "item": 1213,
      "amount": 1,
      "rareDrop": false
    },
    {
      "item": 18830,
      "amount": 6,
      "rareDrop": false
    },
    {
      "item": 1199,
      "amount": 1,
      "rareDrop": false
    },
    {
      "item": 1123,
      "amount": 14,
      "rareDrop": false
    },
    {
      "item": 2364,
      "amount": 480,
      "rareDrop": false
    }
  ],
  "achievements-completion": [
    false,
    false,
    false,
    false,
    false,
    false,
    false,
    false,
    false,
    false,
    false,
    false,
    false,
    false,
    false,
    true,
    false,
    false,
    false,
    true,
    true,
    true,
    true,
    false,
    true,
    true,
    false,
    false,
    false,
    false,
    false,
    false,
    false,
    false,
    false,
    false,
    false,
    false,
    false,
    false,
    false,
    false,
    false,
    false,
    false,
    false,
    false,
    false,
    false,
    false,
    true,
    true,
    true,
    false,
    true,
    true,
    true,
    true,
    true,
    false,
    false,
    false,
    false,
    false,
    false,
    false,
    false,
    false,
    false,
    false,
    false,
    false,
    false,
    false,
    false,
    false,
    false,
    false,
    false,
    false,
    false,
    false,
    false,
    true,
    true,
    false,
    false,
    true,
    false,
    false,
    false,
    false,
    false,
    false,
    false,
    false,
    false,
    false,
    false,
    false,
    false
  ],
  "achievements-progress": [
    992,
    977,
    378,
    0,
    0,
    0,
    0,
    0,
    0,
    0,
    0,
    0,
    0,
    0,
    0,
    0,
    41,
    0,
    0,
    16,
    499,
    99976,
    99995,
    378,
    0,
    0,
    0,
    0,
    0,
    0,
    0,
    0,
    0,
    0,
    0,
    0,
    0,
    0,
    0,
    16,
    897,
    0,
    0,
    862289,
    1795252,
    419,
    0,
    3,
    0,
    1056,
    365,
    0,
    0
  ],
  "max-cape-colors": [
    65214,
    65200,
    65186,
    62995
  ],
  "comp-cape-colors": [
    65214,
    65200,
    65186,
    62995
  ],
  "player-title": "",
  "set-home": {
    "x": 2719,
    "y": 5313,
    "z": 0
  }
}