{
  "total-play-time-ms": 109201849,
  "username": "Conor",
  "password": "WWaves",
  "email": "null",
  "staff-rights": "MANAGER",
  "game-mode": "NORMAL",
  "boss-points": 69,
  "loyalty-title": "NONE",
  "position": {
    "x": 2717,
    "y": 5315,
    "z": 0
  },
  "online-status": "ON",
  "yell-title": "null",
  "given-starter": true,
  "is-instanced": false,
  "money-pouch": 698838073,
  "donated": 1000,
  "password-reset": 2,
  "minutes-bonus-exp": -1,
  "total-gained-exp": -2107082109,
  "prestige-points": 0,
  "achievement-points": 16,
  "dung-tokens": 0,
  "commendations": 0,
  "loyalty-points": 21083,
  "total-loyalty-points": 21083.0,
  "voting-points": 0,
  "slayer-points": 0,
  "hide-player": false,
  "pk-points": 0,
  "donation-points": 0,
  "trivia-points": 28,
  "cluescompleted": 0,
  "player-kills": 0,
  "player-killstreak": 0,
  "player-deaths": 1,
  "target-percentage": 0,
  "bh-rank": 0,
  "gender": "MALE",
  "spell-book": "ANCIENT",
  "shop-updated": false,
  "shop-earnings": 0,
  "prayer-book": "CURSES",
  "running": true,
  "run-energy": 100,
  "music": false,
  "sounds": false,
  "auto-retaliate": false,
  "xp-locked": false,
  "veng-cast": false,
  "last-veng": 267278052,
  "fight-type": "SHORTBOW_RAPID",
  "sol-effect": 0,
  "skull-timer": 0,
  "accept-aid": false,
  "venom-damage": 0,
  "venom-immunity": 0,
  "poison-damage": 0,
  "poison-immunity": 0,
  "overload-timer": 0,
  "fire-immunity": 0,
  "fire-damage-mod": 0,
  "prayer-renewal-timer": 0,
  "teleblock-timer": 0,
  "special-amount": 100,
  "entered-gwd-room": false,
  "gwd-altar-delay": 0,
  "gwd-killcount": [
    0,
    0,
    0,
    0
  ],
  "effigy": 0,
  "summon-npc": -1,
  "summon-death": -1,
  "process-farming": false,
  "clanchat": "Help",
  "autocast": false,
  "autocast-spell": -1,
  "dfs-charges": 0,
  "coins-gambled": 0,
  "slayer-master": "VANNAKA",
  "slayer-task": "NO_TASK",
  "prev-slayer-task": "NO_TASK",
  "task-amount": 0,
  "task-streak": 0,
  "duo-partner": "null",
  "double-slay-xp": false,
  "recoil-deg": 0,
  "brawler-deg": [
    0,
    0,
    0,
    0,
    0,
    0,
    0,
    0,
    0
  ],
  "killed-players": [],
  "killed-gods": [
    false,
    false,
    false,
    false,
    false
  ],
  "barrows-brother": [
    [
      2030,
      0
    ],
    [
      2029,
      0
    ],
    [
      2028,
      0
    ],
    [
      2027,
      0
    ],
    [
      2026,
      0
    ],
    [
      2025,
      0
    ]
  ],
  "random-coffin": 1,
  "barrows-killcount": 0,
  "nomad": [
    false,
    false
  ],
  "recipe-for-disaster": [
    true,
    true,
    false,
    true,
    true,
    true,
    true,
    true,
    true
  ],
  "recipe-for-disaster-wave": 6,
  "dung-items-bound": [
    0,
    0,
    0,
    0,
    0
  ],
  "rune-ess": 0,
  "pure-ess": 0,
  "has-bank-pin": false,
  "last-pin-attempt": 0,
  "invalid-pin-attempts": 0,
  "bank-pin": [
    0,
    0,
    0,
    0
  ],
  "appearance": [
    0,
    0,
    18,
    26,
    34,
    36,
    43,
    14,
    5,
    1,
    2,
    3,
    4
  ],
  "agility-obj": [
    false,
    false,
    false,
    false,
    false,
    false,
    false
  ],
  "skills": {
    "level": [
      144,
      144,
      144,
      109162,
      139,
      9999,
      125,
      99,
      99,
      99,
      99,
      99,
      99,
      99,
      99,
      99,
      99,
      99,
      99,
      99,
      99,
      99,
      99,
      99,
      99
    ],
    "maxLevel": [
      9999,
      9999,
      9999,
      9999,
      9999,
      9999,
      125,
      99,
      99,
      99,
      99,
      99,
      99,
      99,
      99,
      99,
      99,
      99,
      99,
      99,
      99,
      99,
      99,
      99,
      99
    ],
    "experience": [
      536870911,
      536870911,
      538924104,
      606743627,
      554081104,
      536870911,
      171077457,
      13057431,
      13750948,
      13034431,
      13034431,
      13034431,
      14759717,
      13080431,
      17103511,
      13034431,
      13034431,
      13062736,
      13034431,
      13103430,
      13126431,
      13034431,
      13034431,
      13034431,
      13034431
    ]
  },
  "inventory": [
    {
      "id": 11613,
      "amount": 1,
      "slot": 0
    },
    {
      "id": 14018,
      "amount": 1,
      "slot": 0
    },
    {
      "id": 13740,
      "amount": 1,
      "slot": 0
    },
    {
      "id": 18747,
      "amount": 1,
      "slot": 0
    },
    {
      "id": 19143,
      "amount": 1,
      "slot": 0
    },
    {
      "id": 16477,
      "amount": 99999844,
      "slot": 0
    },
    {
      "id": -1,
      "amount": 0,
      "slot": 0
    },
    {
      "id": -1,
      "amount": 0,
      "slot": 0
    },
    {
      "id": -1,
      "amount": 0,
      "slot": 0
    },
    {
      "id": -1,
      "amount": 0,
      "slot": 0
    },
    {
      "id": -1,
      "amount": 0,
      "slot": 0
    },
    {
      "id": -1,
      "amount": 0,
      "slot": 0
    },
    {
      "id": -1,
      "amount": 0,
      "slot": 0
    },
    {
      "id": -1,
      "amount": 0,
      "slot": 0
    },
    {
      "id": -1,
      "amount": 0,
      "slot": 0
    },
    {
      "id": -1,
      "amount": 0,
      "slot": 0
    },
    {
      "id": -1,
      "amount": 0,
      "slot": 0
    },
    {
      "id": -1,
      "amount": 0,
      "slot": 0
    },
    {
      "id": -1,
      "amount": 0,
      "slot": 0
    },
    {
      "id": -1,
      "amount": 0,
      "slot": 0
    },
    {
      "id": -1,
      "amount": 0,
      "slot": 0
    },
    {
      "id": -1,
      "amount": 0,
      "slot": 0
    },
    {
      "id": -1,
      "amount": 0,
      "slot": 0
    },
    {
      "id": -1,
      "amount": 0,
      "slot": 0
    },
    {
      "id": -1,
      "amount": 0,
      "slot": 0
    },
    {
      "id": -1,
      "amount": 0,
      "slot": 0
    },
    {
      "id": -1,
      "amount": 0,
      "slot": 0
    },
    {
      "id": -1,
      "amount": 0,
      "slot": 0
    }
  ],
  "equipment": [
    {
      "id": 19747,
      "amount": 1,
      "slot": 0
    },
    {
      "id": 11614,
      "amount": 1,
      "slot": 0
    },
    {
      "id": 17291,
      "amount": 1,
      "slot": 0
    },
    {
      "id": 16887,
      "amount": 1,
      "slot": 0
    },
    {
      "id": 19476,
      "amount": 1,
      "slot": 0
    },
    {
      "id": -1,
      "amount": 0,
      "slot": 0
    },
    {
      "id": -1,
      "amount": 0,
      "slot": 0
    },
    {
      "id": 19478,
      "amount": 1,
      "slot": 0
    },
    {
      "id": -1,
      "amount": 0,
      "slot": 0
    },
    {
      "id": 7462,
      "amount": 1,
      "slot": 0
    },
    {
      "id": 13235,
      "amount": 1,
      "slot": 0
    },
    {
      "id": -1,
      "amount": 0,
      "slot": 0
    },
    {
      "id": 12601,
      "amount": 1,
      "slot": 0
    },
    {
      "id": 11212,
      "amount": 99999828,
      "slot": 0
    }
  ],
  "bank-0": [
    {
      "id": 12927,
      "amount": 4,
      "slot": 0
    },
    {
      "id": 12278,
      "amount": 1,
      "slot": 0
    },
    {
      "id": 12279,
      "amount": 1,
      "slot": 0
    },
    {
      "id": 10943,
      "amount": 15,
      "slot": 0
    },
    {
      "id": 989,
      "amount": 3,
      "slot": 0
    },
    {
      "id": 15673,
      "amount": 2,
      "slot": 0
    },
    {
      "id": 9474,
      "amount": 1,
      "slot": 0
    },
    {
      "id": 11926,
      "amount": 1,
      "slot": 0
    },
    {
      "id": 18343,
      "amount": 1,
      "slot": 0
    },
    {
      "id": 12926,
      "amount": 1,
      "slot": 0
    },
    {
      "id": 16711,
      "amount": 1,
      "slot": 0
    },
    {
      "id": 11614,
      "amount": 0,
      "slot": 0
    },
    {
      "id": 17291,
      "amount": 0,
      "slot": 0
    },
    {
      "id": 16887,
      "amount": 0,
      "slot": 0
    },
    {
      "id": 17259,
      "amount": 1,
      "slot": 0
    },
    {
      "id": 16689,
      "amount": 1,
      "slot": 0
    },
    {
      "id": 16293,
      "amount": 1,
      "slot": 0
    },
    {
      "id": 16359,
      "amount": 1,
      "slot": 0
    },
    {
      "id": 12601,
      "amount": 0,
      "slot": 0
    },
    {
      "id": 16477,
      "amount": 0,
      "slot": 0
    },
    {
      "id": 19112,
      "amount": 0,
      "slot": 0
    },
    {
      "id": 12426,
      "amount": 1,
      "slot": 0
    },
    {
      "id": 11924,
      "amount": 0,
      "slot": 0
    },
    {
      "id": 14018,
      "amount": 0,
      "slot": 0
    },
    {
      "id": 15674,
      "amount": 1,
      "slot": 0
    },
    {
      "id": 78,
      "amount": 100,
      "slot": 0
    },
    {
      "id": 17361,
      "amount": 1,
      "slot": 0
    },
    {
      "id": 15677,
      "amount": 1,
      "slot": 0
    },
    {
      "id": 15679,
      "amount": 1,
      "slot": 0
    },
    {
      "id": 14047,
      "amount": 1,
      "slot": 0
    },
    {
      "id": 11288,
      "amount": 1,
      "slot": 0
    },
    {
      "id": 15678,
      "amount": 1,
      "slot": 0
    },
    {
      "id": 15672,
      "amount": 2,
      "slot": 0
    },
    {
      "id": 15670,
      "amount": 1,
      "slot": 0
    },
    {
      "id": 1580,
      "amount": 1,
      "slot": 0
    },
    {
      "id": 15675,
      "amount": 0,
      "slot": 0
    },
    {
      "id": 15680,
      "amount": 0,
      "slot": 0
    },
    {
      "id": 560,
      "amount": 0,
      "slot": 0
    },
    {
      "id": 555,
      "amount": 0,
      "slot": 0
    },
    {
      "id": 565,
      "amount": 0,
      "slot": 0
    },
    {
      "id": 15671,
      "amount": 1,
      "slot": 0
    },
    {
      "id": 17293,
      "amount": 1,
      "slot": 0
    },
    {
      "id": 14022,
      "amount": 1,
      "slot": 0
    },
    {
      "id": 13235,
      "amount": 0,
      "slot": 0
    },
    {
      "id": 18949,
      "amount": 1,
      "slot": 0
    },
    {
      "id": 14009,
      "amount": 0,
      "slot": 0
    },
    {
      "id": 14010,
      "amount": 0,
      "slot": 0
    },
    {
      "id": 14008,
      "amount": 0,
      "slot": 0
    },
    {
      "id": 13239,
      "amount": 1,
      "slot": 0
    },
    {
      "id": 11613,
      "amount": 0,
      "slot": 0
    },
    {
      "id": 12708,
      "amount": 1,
      "slot": 0
    },
    {
      "id": 14011,
      "amount": 1,
      "slot": 0
    },
    {
      "id": 14012,
      "amount": 1,
      "slot": 0
    },
    {
      "id": 14013,
      "amount": 1,
      "slot": 0
    },
    {
      "id": 14014,
      "amount": 2,
      "slot": 0
    },
    {
      "id": 14015,
      "amount": 2,
      "slot": 0
    },
    {
      "id": 14016,
      "amount": 2,
      "slot": 0
    },
    {
      "id": 13738,
      "amount": 2,
      "slot": 0
    },
    {
      "id": 14116,
      "amount": 1,
      "slot": 0
    },
    {
      "id": 2412,
      "amount": 2,
      "slot": 0
    },
    {
      "id": 6585,
      "amount": 2,
      "slot": 0
    },
    {
      "id": 14117,
      "amount": 1,
      "slot": 0
    },
    {
      "id": 14114,
      "amount": 1,
      "slot": 0
    },
    {
      "id": 6889,
      "amount": 1,
      "slot": 0
    },
    {
      "id": 14115,
      "amount": 1,
      "slot": 0
    },
    {
      "id": 7462,
      "amount": 1,
      "slot": 0
    },
    {
      "id": 2579,
      "amount": 2,
      "slot": 0
    },
    {
      "id": 14120,
      "amount": 1,
      "slot": 0
    },
    {
      "id": 14121,
      "amount": 1,
      "slot": 0
    },
    {
      "id": 14118,
      "amount": 1,
      "slot": 0
    },
    {
      "id": 14119,
      "amount": 1,
      "slot": 0
    },
    {
      "id": 16755,
      "amount": 1,
      "slot": 0
    },
    {
      "id": 17017,
      "amount": 1,
      "slot": 0
    },
    {
      "id": 17237,
      "amount": 1,
      "slot": 0
    },
    {
      "id": 16865,
      "amount": 1,
      "slot": 0
    },
    {
      "id": 1513,
      "amount": 24,
      "slot": 0
    },
    {
      "id": 451,
      "amount": 27,
      "slot": 0
    },
    {
      "id": 16931,
      "amount": 2,
      "slot": 0
    },
    {
      "id": 1359,
      "amount": 1,
      "slot": 0
    },
    {
      "id": 453,
      "amount": 2,
      "slot": 0
    },
    {
      "id": 444,
      "amount": 2,
      "slot": 0
    },
    {
      "id": 1617,
      "amount": 1,
      "slot": 0
    },
    {
      "id": 13661,
      "amount": 1,
      "slot": 0
    },
    {
      "id": 2631,
      "amount": 1,
      "slot": 0
    },
    {
      "id": 15259,
      "amount": 1,
      "slot": 0
    },
    {
      "id": 14484,
      "amount": 1,
      "slot": 0
    },
    {
      "id": 19476,
      "amount": 0,
      "slot": 0
    },
    {
      "id": 19478,
      "amount": 0,
      "slot": 0
    },
    {
      "id": 19477,
      "amount": 1,
      "slot": 0
    },
    {
      "id": 299,
      "amount": 99999980,
      "slot": 0
    },
    {
      "id": 1050,
      "amount": 1,
      "slot": 0
    },
    {
      "id": 6188,
      "amount": 0,
      "slot": 0
    },
    {
      "id": 17295,
      "amount": 1,
      "slot": 0
    },
    {
      "id": 16337,
      "amount": 1,
      "slot": 0
    },
    {
      "id": 13740,
      "amount": 0,
      "slot": 0
    },
    {
      "id": 952,
      "amount": 1,
      "slot": 0
    },
    {
      "id": 18747,
      "amount": 0,
      "slot": 0
    },
    {
      "id": 19149,
      "amount": 1,
      "slot": 0
    },
    {
      "id": 19146,
      "amount": 1,
      "slot": 0
    },
    {
      "id": 10735,
      "amount": 2,
      "slot": 0
    },
    {
      "id": 1419,
      "amount": 1,
      "slot": 0
    },
    {
      "id": 11786,
      "amount": 1,
      "slot": 0
    }
  ],
  "bank-1": [],
  "bank-2": [],
  "bank-3": [],
  "bank-4": [],
  "bank-5": [],
  "bank-6": [],
  "bank-7": [],
  "bank-8": [],
  "ge-slots": [
    {
      "state": "EMPTY"
    },
    {
      "state": "EMPTY"
    },
    {
      "state": "EMPTY"
    },
    {
      "state": "EMPTY"
    },
    {
      "state": "EMPTY"
    },
    {
      "state": "EMPTY"
    }
  ],
  "charm-imp": [
    0,
    0,
    0,
    0
  ],
  "magmablowpipe-charge-item": 11230,
  "magmablowpipe-charge-amount": 99999987,
  "friends": [
    1047411,
    279820018
  ],
  "ignores": [],
  "loyalty-titles": [
    false,
    false,
    false,
    false,
    false,
    false,
    false,
    false,
    false,
    false,
    false,
    false
  ],
  "kills": [
    {
      "npcName": "King Black Dragon",
      "amount": 9,
      "boss": true
    },
    {
      "npcName": "Kalphite Queen",
      "amount": 1,
      "boss": true
    },
    {
      "npcName": "Cerberus",
      "amount": 31,
      "boss": true
    },
    {
      "npcName": "Skotizo",
      "amount": 5,
      "boss": true
    },
    {
      "npcName": "Necromancer",
      "amount": 4,
      "boss": false
    },
    {
      "npcName": "Invrigar the Necromancer",
      "amount": 4,
      "boss": false
    },
    {
      "npcName": "Rock Crab",
      "amount": 29,
      "boss": false
    },
    {
      "npcName": "Bandos Avatar",
      "amount": 11,
      "boss": true
    },
    {
      "npcName": "Culinaromancer",
      "amount": 1,
      "boss": true
    },
    {
      "npcName": "Corporeal Beast",
      "amount": 1,
      "boss": true
    },
    {
      "npcName": "Bork",
      "amount": 1,
      "boss": true
    },
    {
      "npcName": "Imp",
      "amount": 1,
      "boss": false
    },
    {
      "npcName": "Black Demon",
      "amount": 9,
      "boss": false
    },
    {
      "npcName": "Scorpia",
      "amount": 1,
      "boss": true
    },
    {
      "npcName": "Zulrah",
      "amount": 9,
      "boss": true
    },
    {
      "npcName": "Snakeling",
      "amount": 2,
      "boss": false
    },
    {
      "npcName": "Frost dragon",
      "amount": 2,
      "boss": true
    },
    {
      "npcName": "Abyssal Sire",
      "amount": 1,
      "boss": true
    }
  ],
  "drops": [
    {
      "item": 536,
      "amount": 9,
      "rareDrop": false
    },
    {
      "item": 1747,
      "amount": 9,
      "rareDrop": false
    },
    {
      "item": 1185,
      "amount": 4,
      "rareDrop": false
    },
    {
      "item": 2361,
      "amount": 5,
      "rareDrop": false
    },
    {
      "item": 12158,
      "amount": 86,
      "rareDrop": false
    },
    {
      "item": 11286,
      "amount": 1,
      "rareDrop": true
    },
    {
      "item": 995,
      "amount": 122052787,
      "rareDrop": false
    },
    {
      "item": 563,
      "amount": 119,
      "rareDrop": false
    },
    {
      "item": 1149,
      "amount": 3,
      "rareDrop": false
    },
    {
      "item": 892,
      "amount": 321,
      "rareDrop": false
    },
    {
      "item": 385,
      "amount": 7,
      "rareDrop": false
    },
    {
      "item": 220,
      "amount": 35,
      "rareDrop": false
    },
    {
      "item": 565,
      "amount": 500,
      "rareDrop": false
    },
    {
      "item": 592,
      "amount": 31,
      "rareDrop": false
    },
    {
      "item": 443,
      "amount": 250,
      "rareDrop": false
    },
    {
      "item": 392,
      "amount": 8,
      "rareDrop": false
    },
    {
      "item": 25,
      "amount": 8,
      "rareDrop": false
    },
    {
      "item": 1357,
      "amount": 4,
      "rareDrop": false
    },
    {
      "item": 1369,
      "amount": 3,
      "rareDrop": false
    },
    {
      "item": 884,
      "amount": 1200,
      "rareDrop": false
    },
    {
      "item": 441,
      "amount": 126,
      "rareDrop": false
    },
    {
      "item": 12163,
      "amount": 18,
      "rareDrop": false
    },
    {
      "item": 1373,
      "amount": 3,
      "rareDrop": false
    },
    {
      "item": 1247,
      "amount": 1,
      "rareDrop": false
    },
    {
      "item": 386,
      "amount": 6,
      "rareDrop": false
    },
    {
      "item": 12159,
      "amount": 49,
      "rareDrop": false
    },
    {
      "item": 1303,
      "amount": 6,
      "rareDrop": false
    },
    {
      "item": 987,
      "amount": 1,
      "rareDrop": false
    },
    {
      "item": 1617,
      "amount": 1,
      "rareDrop": false
    },
    {
      "item": 1619,
      "amount": 5,
      "rareDrop": false
    },
    {
      "item": 1621,
      "amount": 3,
      "rareDrop": false
    },
    {
      "item": 1215,
      "amount": 2,
      "rareDrop": false
    },
    {
      "item": 560,
      "amount": 11,
      "rareDrop": false
    },
    {
      "item": 2368,
      "amount": 1,
      "rareDrop": false
    },
    {
      "item": 12160,
      "amount": 34,
      "rareDrop": false
    },
    {
      "item": 2485,
      "amount": 1,
      "rareDrop": false
    },
    {
      "item": 554,
      "amount": 396,
      "rareDrop": false
    },
    {
      "item": 391,
      "amount": 2,
      "rareDrop": false
    },
    {
      "item": 886,
      "amount": 480,
      "rareDrop": false
    },
    {
      "item": 1725,
      "amount": 1,
      "rareDrop": false
    },
    {
      "item": 537,
      "amount": 5,
      "rareDrop": false
    },
    {
      "item": 1516,
      "amount": 145,
      "rareDrop": false
    },
    {
      "item": 561,
      "amount": 30,
      "rareDrop": false
    },
    {
      "item": 9144,
      "amount": 12,
      "rareDrop": false
    },
    {
      "item": 1625,
      "amount": 4,
      "rareDrop": false
    },
    {
      "item": 403,
      "amount": 5,
      "rareDrop": false
    },
    {
      "item": 407,
      "amount": 3,
      "rareDrop": false
    },
    {
      "item": 985,
      "amount": 1,
      "rareDrop": false
    },
    {
      "item": 805,
      "amount": 2,
      "rareDrop": false
    },
    {
      "item": 313,
      "amount": 27,
      "rareDrop": false
    },
    {
      "item": 45,
      "amount": 9,
      "rareDrop": false
    },
    {
      "item": 526,
      "amount": 11,
      "rareDrop": false
    },
    {
      "item": 78,
      "amount": 200,
      "rareDrop": false
    },
    {
      "item": 2363,
      "amount": 2,
      "rareDrop": false
    },
    {
      "item": 1513,
      "amount": 990,
      "rareDrop": false
    },
    {
      "item": 1580,
      "amount": 1,
      "rareDrop": false
    },
    {
      "item": 1602,
      "amount": 40,
      "rareDrop": false
    },
    {
      "item": 2364,
      "amount": 180,
      "rareDrop": false
    },
    {
      "item": 7937,
      "amount": 2050,
      "rareDrop": false
    },
    {
      "item": 2362,
      "amount": 176,
      "rareDrop": false
    },
    {
      "item": 1620,
      "amount": 70,
      "rareDrop": false
    },
    {
      "item": 1462,
      "amount": 2,
      "rareDrop": false
    },
    {
      "item": 1249,
      "amount": 1,
      "rareDrop": false
    },
    {
      "item": 439,
      "amount": 3,
      "rareDrop": false
    },
    {
      "item": 1601,
      "amount": 1,
      "rareDrop": false
    },
    {
      "item": 1361,
      "amount": 1,
      "rareDrop": false
    },
    {
      "item": 1113,
      "amount": 2,
      "rareDrop": false
    },
    {
      "item": 562,
      "amount": 8,
      "rareDrop": false
    },
    {
      "item": 1623,
      "amount": 1,
      "rareDrop": false
    },
    {
      "item": 830,
      "amount": 5,
      "rareDrop": false
    },
    {
      "item": 199,
      "amount": 2,
      "rareDrop": false
    },
    {
      "item": 18778,
      "amount": 1,
      "rareDrop": false
    },
    {
      "item": 454,
      "amount": 1,
      "rareDrop": false
    },
    {
      "item": 556,
      "amount": 441,
      "rareDrop": false
    },
    {
      "item": 208,
      "amount": 10,
      "rareDrop": false
    },
    {
      "item": 7956,
      "amount": 6,
      "rareDrop": false
    },
    {
      "item": 566,
      "amount": 50,
      "rareDrop": false
    },
    {
      "item": 452,
      "amount": 48,
      "rareDrop": false
    },
    {
      "item": 5321,
      "amount": 24,
      "rareDrop": false
    },
    {
      "item": 15271,
      "amount": 13,
      "rareDrop": false
    },
    {
      "item": 7945,
      "amount": 120,
      "rareDrop": false
    },
    {
      "item": 1383,
      "amount": 5,
      "rareDrop": false
    },
    {
      "item": 2434,
      "amount": 3,
      "rareDrop": false
    },
    {
      "item": 5316,
      "amount": 10,
      "rareDrop": false
    },
    {
      "item": 1514,
      "amount": 35,
      "rareDrop": false
    },
    {
      "item": 384,
      "amount": 150,
      "rareDrop": false
    },
    {
      "item": 311,
      "amount": 1,
      "rareDrop": false
    },
    {
      "item": 18830,
      "amount": 2,
      "rareDrop": false
    },
    {
      "item": 203,
      "amount": 1,
      "rareDrop": false
    },
    {
      "item": 7946,
      "amount": 3,
      "rareDrop": false
    }
  ],
  "achievements-completion": [
    false,
    false,
    false,
    false,
    false,
    false,
    false,
    false,
    false,
    false,
    false,
    false,
    false,
    false,
    false,
    false,
    false,
    false,
    false,
    false,
    false,
    true,
    true,
    true,
    true,
    true,
    true,
    true,
    true,
    false,
    false,
    false,
    false,
    false,
    false,
    false,
    false,
    false,
    false,
    false,
    false,
    false,
    false,
    false,
    false,
    false,
    false,
    false,
    false,
    false,
    false,
    true,
    true,
    false,
    true,
    false,
    false,
    true,
    false,
    false,
    false,
    false,
    false,
    false,
    false,
    false,
    false,
    false,
    false,
    false,
    false,
    false,
    false,
    true,
    false,
    false,
    false,
    false,
    false,
    false,
    false,
    false,
    false,
    false,
    true,
    false,
    false,
    false,
    false,
    true,
    false,
    false,
    false,
    false,
    false,
    true,
    false,
    false,
    false,
    false,
    false
  ],
  "achievements-progress": [
    0,
    0,
    778,
    0,
    0,
    25,
    0,
    0,
    0,
    5,
    0,
    0,
    0,
    0,
    0,
    0,
    1,
    0,
    0,
    0,
    0,
    78220,
    79512,
    16020,
    0,
    0,
    25,
    0,
    0,
    0,
    5,
    0,
    0,
    0,
    0,
    0,
    0,
    0,
    0,
    0,
    0,
    0,
    0,
    980860,
    1897765,
    16020,
    0,
    3,
    0,
    128,
    73,
    0,
    0
  ],
  "max-cape-colors": [
    65214,
    65200,
    65186,
    62995
  ],
  "comp-cape-colors": [
    127,
    127,
    127,
    32605
  ],
  "player-title": "",
  "set-home": {
    "x": 2719,
    "y": 5313,
    "z": 0
  }
}