{
  "total-play-time-ms": 4371764,
  "username": "Brian",
  "password": "lolpol",
  "email": "null",
  "staff-rights": "PLAYER",
  "game-mode": "NORMAL",
  "boss-points": 9,
  "loyalty-title": "NONE",
  "position": {
    "x": 2715,
    "y": 5316,
    "z": 0
  },
  "online-status": "ON",
  "yell-title": "null",
  "given-starter": true,
  "is-instanced": false,
  "money-pouch": 7096,
  "donated": 0,
  "password-reset": 2,
  "minutes-bonus-exp": -1,
  "total-gained-exp": 35181350,
  "prestige-points": 0,
  "achievement-points": 2,
  "dung-tokens": 0,
  "commendations": 0,
  "loyalty-points": 672,
  "total-loyalty-points": 672.0,
  "voting-points": 0,
  "slayer-points": 0,
  "hide-player": false,
  "pk-points": 0,
  "donation-points": 0,
  "trivia-points": 4,
  "cluescompleted": 0,
  "player-kills": 0,
  "player-killstreak": 0,
  "player-deaths": 0,
  "target-percentage": 0,
  "bh-rank": -1,
  "gender": "MALE",
  "spell-book": "NORMAL",
  "shop-updated": false,
  "shop-earnings": 0,
  "prayer-book": "NORMAL",
  "running": true,
  "run-energy": 100,
  "music": false,
  "sounds": false,
  "auto-retaliate": true,
  "xp-locked": false,
  "veng-cast": false,
  "last-veng": 1520099669194,
  "fight-type": "CROSSBOW_RAPID",
  "sol-effect": 0,
  "skull-timer": 0,
  "accept-aid": false,
  "venom-damage": 0,
  "venom-immunity": 0,
  "poison-damage": 0,
  "poison-immunity": 0,
  "overload-timer": 0,
  "fire-immunity": 0,
  "fire-damage-mod": 0,
  "prayer-renewal-timer": 0,
  "teleblock-timer": 0,
  "special-amount": 100,
  "entered-gwd-room": false,
  "gwd-altar-delay": 0,
  "gwd-killcount": [
    0,
    0,
    0,
    0
  ],
  "effigy": 7,
  "summon-npc": -1,
  "summon-death": -1,
  "process-farming": false,
  "clanchat": "Help",
  "autocast": false,
  "autocast-spell": -1,
  "dfs-charges": 0,
  "coins-gambled": 0,
  "slayer-master": "VANNAKA",
  "slayer-task": "ROCK_CRAB",
  "prev-slayer-task": "NO_TASK",
  "task-amount": 32,
  "task-streak": 0,
  "duo-partner": "null",
  "double-slay-xp": false,
  "recoil-deg": 0,
  "brawler-deg": [
    0,
    0,
    0,
    0,
    0,
    0,
    0,
    0,
    0
  ],
  "killed-players": [],
  "killed-gods": [
    false,
    false,
    false,
    false,
    false
  ],
  "barrows-brother": [
    [
      2030,
      0
    ],
    [
      2029,
      0
    ],
    [
      2028,
      0
    ],
    [
      2027,
      0
    ],
    [
      2026,
      0
    ],
    [
      2025,
      0
    ]
  ],
  "random-coffin": 0,
  "barrows-killcount": 0,
  "nomad": [
    false,
    false
  ],
  "recipe-for-disaster": [
    false,
    false,
    false,
    false,
    false,
    false,
    false,
    false,
    false
  ],
  "recipe-for-disaster-wave": 0,
  "dung-items-bound": [
    0,
    0,
    0,
    0,
    0
  ],
  "rune-ess": 0,
  "pure-ess": 0,
  "has-bank-pin": false,
  "last-pin-attempt": 0,
  "invalid-pin-attempts": 0,
  "bank-pin": [
    0,
    0,
    0,
    0
  ],
  "appearance": [
    0,
    3,
    18,
    26,
    33,
    36,
    42,
    10,
    1,
    0,
    0,
    0,
    0
  ],
  "agility-obj": [
    false,
    false,
    false,
    false,
    false,
    false,
    false
  ],
  "skills": {
    "level": [
      1,
      84,
      1,
      941,
      99,
      211,
      1,
      1,
      1,
      1,
      1,
      1,
      1,
      1,
      1,
      1,
      1,
      1,
      45,
      1,
      1,
      1,
      1,
      1,
      1
    ],
    "maxLevel": [
      1,
      84,
      1,
      980,
      99,
      670,
      1,
      1,
      1,
      1,
      1,
      1,
      1,
      1,
      1,
      1,
      1,
      1,
      45,
      1,
      1,
      1,
      1,
      1,
      1
    ],
    "experience": [
      0,
      2987084,
      0,
      12627596,
      18940588,
      563472,
      0,
      0,
      0,
      0,
      0,
      0,
      0,
      0,
      0,
      0,
      0,
      0,
      63794,
      0,
      0,
      0,
      0,
      0,
      0
    ]
  },
  "inventory": [
    {
      "id": -1,
      "amount": 0,
      "slot": 0
    },
    {
      "id": 229,
      "amount": 1,
      "slot": 0
    },
    {
      "id": 3024,
      "amount": 1,
      "slot": 0
    },
    {
      "id": 3026,
      "amount": 1,
      "slot": 0
    },
    {
      "id": 995,
      "amount": 3192100,
      "slot": 0
    },
    {
      "id": -1,
      "amount": 0,
      "slot": 0
    },
    {
      "id": -1,
      "amount": 0,
      "slot": 0
    },
    {
      "id": -1,
      "amount": 0,
      "slot": 0
    },
    {
      "id": -1,
      "amount": 0,
      "slot": 0
    },
    {
      "id": 18778,
      "amount": 1,
      "slot": 0
    },
    {
      "id": -1,
      "amount": 0,
      "slot": 0
    },
    {
      "id": -1,
      "amount": 0,
      "slot": 0
    },
    {
      "id": -1,
      "amount": 0,
      "slot": 0
    },
    {
      "id": -1,
      "amount": 0,
      "slot": 0
    },
    {
      "id": -1,
      "amount": 0,
      "slot": 0
    },
    {
      "id": -1,
      "amount": 0,
      "slot": 0
    },
    {
      "id": -1,
      "amount": 0,
      "slot": 0
    },
    {
      "id": -1,
      "amount": 0,
      "slot": 0
    },
    {
      "id": -1,
      "amount": 0,
      "slot": 0
    },
    {
      "id": -1,
      "amount": 0,
      "slot": 0
    },
    {
      "id": -1,
      "amount": 0,
      "slot": 0
    },
    {
      "id": -1,
      "amount": 0,
      "slot": 0
    },
    {
      "id": -1,
      "amount": 0,
      "slot": 0
    },
    {
      "id": -1,
      "amount": 0,
      "slot": 0
    },
    {
      "id": -1,
      "amount": 0,
      "slot": 0
    },
    {
      "id": -1,
      "amount": 0,
      "slot": 0
    },
    {
      "id": -1,
      "amount": 0,
      "slot": 0
    },
    {
      "id": 391,
      "amount": 1,
      "slot": 0
    }
  ],
  "equipment": [
    {
      "id": 1169,
      "amount": 1,
      "slot": 0
    },
    {
      "id": 10499,
      "amount": 1,
      "slot": 0
    },
    {
      "id": 1478,
      "amount": 1,
      "slot": 0
    },
    {
      "id": 9185,
      "amount": 1,
      "slot": 0
    },
    {
      "id": 2503,
      "amount": 1,
      "slot": 0
    },
    {
      "id": 1191,
      "amount": 1,
      "slot": 0
    },
    {
      "id": -1,
      "amount": 0,
      "slot": 0
    },
    {
      "id": 2497,
      "amount": 1,
      "slot": 0
    },
    {
      "id": -1,
      "amount": 0,
      "slot": 0
    },
    {
      "id": 2491,
      "amount": 1,
      "slot": 0
    },
    {
      "id": -1,
      "amount": 0,
      "slot": 0
    },
    {
      "id": -1,
      "amount": 0,
      "slot": 0
    },
    {
      "id": -1,
      "amount": 0,
      "slot": 0
    },
    {
      "id": 9244,
      "amount": 417,
      "slot": 0
    }
  ],
  "bank-0": [
    {
      "id": 391,
      "amount": 146,
      "slot": 0
    },
    {
      "id": 2440,
      "amount": 10,
      "slot": 0
    },
    {
      "id": 2436,
      "amount": 10,
      "slot": 0
    },
    {
      "id": 2442,
      "amount": 10,
      "slot": 0
    },
    {
      "id": 3024,
      "amount": 6,
      "slot": 0
    },
    {
      "id": 995,
      "amount": 970367,
      "slot": 0
    },
    {
      "id": 1153,
      "amount": 1,
      "slot": 0
    },
    {
      "id": 1115,
      "amount": 1,
      "slot": 0
    },
    {
      "id": 1067,
      "amount": 1,
      "slot": 0
    },
    {
      "id": 1323,
      "amount": 1,
      "slot": 0
    },
    {
      "id": 12158,
      "amount": 8,
      "slot": 0
    },
    {
      "id": 5295,
      "amount": 1,
      "slot": 0
    },
    {
      "id": 12160,
      "amount": 1,
      "slot": 0
    },
    {
      "id": 2503,
      "amount": 1,
      "slot": 0
    },
    {
      "id": 1095,
      "amount": 1,
      "slot": 0
    },
    {
      "id": 841,
      "amount": 1,
      "slot": 0
    },
    {
      "id": 579,
      "amount": 1,
      "slot": 0
    },
    {
      "id": 577,
      "amount": 1,
      "slot": 0
    },
    {
      "id": 1011,
      "amount": 1,
      "slot": 0
    },
    {
      "id": 1381,
      "amount": 1,
      "slot": 0
    },
    {
      "id": 558,
      "amount": 1000,
      "slot": 0
    },
    {
      "id": 557,
      "amount": 1000,
      "slot": 0
    },
    {
      "id": 555,
      "amount": 1000,
      "slot": 0
    },
    {
      "id": 554,
      "amount": 1000,
      "slot": 0
    },
    {
      "id": 882,
      "amount": 442,
      "slot": 0
    },
    {
      "id": 4391,
      "amount": 1,
      "slot": 0
    },
    {
      "id": 12159,
      "amount": 4,
      "slot": 0
    },
    {
      "id": 12163,
      "amount": 1,
      "slot": 0
    },
    {
      "id": 534,
      "amount": 132,
      "slot": 0
    },
    {
      "id": 6685,
      "amount": 1,
      "slot": 0
    },
    {
      "id": 6328,
      "amount": 1,
      "slot": 0
    }
  ],
  "bank-1": [],
  "bank-2": [],
  "bank-3": [],
  "bank-4": [],
  "bank-5": [],
  "bank-6": [],
  "bank-7": [],
  "bank-8": [],
  "ge-slots": [
    {
      "state": "EMPTY"
    },
    {
      "state": "EMPTY"
    },
    {
      "state": "EMPTY"
    },
    {
      "state": "EMPTY"
    },
    {
      "state": "EMPTY"
    },
    {
      "state": "EMPTY"
    }
  ],
  "charm-imp": [
    0,
    0,
    0,
    0
  ],
  "friends": [],
  "ignores": [],
  "loyalty-titles": [
    false,
    false,
    false,
    false,
    false,
    false,
    false,
    false,
    false,
    false,
    false,
    false
  ],
  "kills": [
    {
      "npcName": "Rock Crab",
      "amount": 18,
      "boss": false
    },
    {
      "npcName": "Snakeling",
      "amount": 13,
      "boss": false
    },
    {
      "npcName": "Zulrah",
      "amount": 9,
      "boss": true
    }
  ],
  "drops": [
    {
      "item": 12158,
      "amount": 10,
      "rareDrop": false
    },
    {
      "item": 5295,
      "amount": 1,
      "rareDrop": false
    },
    {
      "item": 12160,
      "amount": 1,
      "rareDrop": false
    },
    {
      "item": 995,
      "amount": 1061872,
      "rareDrop": false
    },
    {
      "item": 12159,
      "amount": 4,
      "rareDrop": false
    },
    {
      "item": 1625,
      "amount": 2,
      "rareDrop": false
    },
    {
      "item": 454,
      "amount": 1,
      "rareDrop": false
    },
    {
      "item": 12163,
      "amount": 1,
      "rareDrop": false
    },
    {
      "item": 407,
      "amount": 2,
      "rareDrop": false
    },
    {
      "item": 25,
      "amount": 1,
      "rareDrop": false
    },
    {
      "item": 6686,
      "amount": 3,
      "rareDrop": false
    },
    {
      "item": 1514,
      "amount": 70,
      "rareDrop": false
    },
    {
      "item": 7956,
      "amount": 2,
      "rareDrop": false
    },
    {
      "item": 452,
      "amount": 24,
      "rareDrop": false
    },
    {
      "item": 1778,
      "amount": 256,
      "rareDrop": false
    },
    {
      "item": 402,
      "amount": 14,
      "rareDrop": false
    },
    {
      "item": 1516,
      "amount": 135,
      "rareDrop": false
    },
    {
      "item": 560,
      "amount": 150,
      "rareDrop": false
    },
    {
      "item": 311,
      "amount": 1,
      "rareDrop": false
    },
    {
      "item": 18778,
      "amount": 1,
      "rareDrop": false
    }
  ],
  "achievements-completion": [
    false,
    false,
    false,
    false,
    false,
    false,
    false,
    false,
    false,
    false,
    false,
    false,
    false,
    false,
    false,
    false,
    false,
    false,
    false,
    false,
    false,
    false,
    true,
    false,
    false,
    true,
    false,
    false,
    false,
    false,
    false,
    false,
    false,
    false,
    false,
    false,
    false,
    false,
    false,
    false,
    false,
    false,
    false,
    false,
    false,
    false,
    false,
    false,
    false,
    false,
    false,
    false,
    false,
    false,
    false,
    false,
    false,
    false,
    false,
    false,
    false,
    false,
    false,
    false,
    false,
    false,
    false,
    false,
    false,
    false,
    false,
    false,
    false,
    false,
    false,
    false,
    false,
    false,
    false,
    false,
    false,
    false,
    false,
    false,
    false,
    false,
    false,
    false,
    false,
    false,
    false,
    false,
    false,
    false,
    false,
    false,
    false,
    false,
    false,
    false,
    false
  ],
  "achievements-progress": [
    0,
    972,
    0,
    0,
    0,
    0,
    0,
    0,
    0,
    0,
    0,
    0,
    0,
    0,
    0,
    0,
    0,
    0,
    0,
    0,
    0,
    0,
    62201,
    0,
    0,
    0,
    0,
    0,
    0,
    0,
    0,
    0,
    0,
    0,
    0,
    0,
    0,
    0,
    0,
    0,
    0,
    0,
    0,
    0,
    62201,
    0,
    0,
    0,
    0,
    40,
    9,
    0,
    0
  ],
  "max-cape-colors": [
    65214,
    65200,
    65186,
    62995
  ],
  "comp-cape-colors": [
    65214,
    65200,
    65186,
    62995
  ],
  "player-title": "",
  "set-home": {
    "x": 2719,
    "y": 5313,
    "z": 0
  }
}