{
  "total-play-time-ms": 101793970,
  "username": "Sam",
  "password": "Jonbr12039928343",
  "email": "null",
  "staff-rights": "DIAMOND_MEMBER",
  "game-mode": "NORMAL",
  "boss-points": 572,
  "loyalty-title": "NONE",
  "position": {
    "x": 2719,
    "y": 5315,
    "z": 0
  },
  "online-status": "ON",
  "yell-title": "null",
  "given-starter": true,
  "is-instanced": false,
  "money-pouch": 1024452097,
  "donated": 355,
  "password-reset": 2,
  "minutes-bonus-exp": -1,
  "total-gained-exp": -2056034307,
  "prestige-points": 0,
  "achievement-points": 23,
  "dung-tokens": 28142,
  "commendations": 0,
  "loyalty-points": 63033,
  "total-loyalty-points": 63051.0,
  "voting-points": 0,
  "slayer-points": 11,
  "hide-player": false,
  "pk-points": 0,
  "donation-points": 65,
  "trivia-points": 130,
  "cluescompleted": 0,
  "player-kills": 0,
  "player-killstreak": 0,
  "player-deaths": 0,
  "target-percentage": 100,
  "bh-rank": 0,
  "gender": "MALE",
  "spell-book": "NORMAL",
  "shop-updated": false,
  "shop-earnings": 0,
  "prayer-book": "CURSES",
  "running": true,
  "run-energy": 100,
  "music": false,
  "sounds": false,
  "auto-retaliate": true,
  "xp-locked": false,
  "veng-cast": false,
  "last-veng": 275480883,
  "fight-type": "DART_RAPID",
  "sol-effect": 0,
  "skull-timer": 0,
  "accept-aid": false,
  "venom-damage": 0,
  "venom-immunity": 0,
  "poison-damage": 0,
  "poison-immunity": 0,
  "overload-timer": 0,
  "fire-immunity": 0,
  "fire-damage-mod": 0,
  "prayer-renewal-timer": 0,
  "teleblock-timer": 0,
  "special-amount": 100,
  "entered-gwd-room": false,
  "gwd-altar-delay": 0,
  "gwd-killcount": [
    0,
    0,
    0,
    0
  ],
  "effigy": 0,
  "summon-npc": -1,
  "summon-death": -1,
  "process-farming": false,
  "clanchat": "Help",
  "autocast": false,
  "autocast-spell": -1,
  "dfs-charges": 0,
  "coins-gambled": 0,
  "slayer-master": "DURADEL",
  "slayer-task": "BLOODVELD",
  "prev-slayer-task": "YAK",
  "task-amount": 6,
  "task-streak": 2,
  "duo-partner": "null",
  "double-slay-xp": false,
  "recoil-deg": 0,
  "brawler-deg": [
    0,
    0,
    0,
    0,
    0,
    0,
    0,
    0,
    0
  ],
  "killed-players": [],
  "killed-gods": [
    false,
    false,
    true,
    false,
    false
  ],
  "barrows-brother": [
    [
      2030,
      0
    ],
    [
      2029,
      0
    ],
    [
      2028,
      0
    ],
    [
      2027,
      0
    ],
    [
      2026,
      0
    ],
    [
      2025,
      0
    ]
  ],
  "random-coffin": 0,
  "barrows-killcount": 0,
  "nomad": [
    true,
    true
  ],
  "recipe-for-disaster": [
    true,
    true,
    false,
    true,
    true,
    true,
    true,
    true,
    true
  ],
  "recipe-for-disaster-wave": 6,
  "dung-items-bound": [
    16136,
    15923,
    0,
    0,
    0
  ],
  "rune-ess": 0,
  "pure-ess": 0,
  "has-bank-pin": false,
  "last-pin-attempt": 0,
  "invalid-pin-attempts": 0,
  "bank-pin": [
    0,
    0,
    0,
    0
  ],
  "appearance": [
    0,
    0,
    18,
    26,
    33,
    36,
    42,
    10,
    0,
    0,
    0,
    0,
    0
  ],
  "agility-obj": [
    false,
    false,
    false,
    false,
    false,
    false,
    false
  ],
  "skills": {
    "level": [
      99,
      99,
      99,
      1173,
      99,
      0,
      62,
      1,
      1,
      1,
      1,
      1,
      1,
      1,
      1,
      1,
      78,
      99,
      73,
      1,
      1,
      1,
      1,
      94,
      65
    ],
    "maxLevel": [
      99,
      99,
      99,
      990,
      99,
      950,
      62,
      1,
      1,
      1,
      1,
      1,
      1,
      1,
      1,
      1,
      78,
      99,
      73,
      1,
      1,
      1,
      1,
      94,
      65
    ],
    "experience": [
      93492962,
      15866094,
      94527149,
      1000000000,
      1000000000,
      8841560,
      346227,
      0,
      0,
      0,
      0,
      0,
      0,
      0,
      0,
      0,
      1780181,
      13771455,
      1045239,
      0,
      0,
      0,
      0,
      8427657,
      473101
    ]
  },
  "inventory": [
    {
      "id": 15317,
      "amount": 1,
      "slot": 0
    },
    {
      "id": 15325,
      "amount": 1,
      "slot": 0
    },
    {
      "id": 3024,
      "amount": 1,
      "slot": 0
    },
    {
      "id": 3024,
      "amount": 1,
      "slot": 0
    },
    {
      "id": 3024,
      "amount": 1,
      "slot": 0
    },
    {
      "id": 3024,
      "amount": 1,
      "slot": 0
    },
    {
      "id": -1,
      "amount": 0,
      "slot": 0
    },
    {
      "id": 15272,
      "amount": 1,
      "slot": 0
    },
    {
      "id": 15272,
      "amount": 1,
      "slot": 0
    },
    {
      "id": 15272,
      "amount": 1,
      "slot": 0
    },
    {
      "id": 15272,
      "amount": 1,
      "slot": 0
    },
    {
      "id": 15272,
      "amount": 1,
      "slot": 0
    },
    {
      "id": 15272,
      "amount": 1,
      "slot": 0
    },
    {
      "id": 15272,
      "amount": 1,
      "slot": 0
    },
    {
      "id": 15272,
      "amount": 1,
      "slot": 0
    },
    {
      "id": 15272,
      "amount": 1,
      "slot": 0
    },
    {
      "id": 15272,
      "amount": 1,
      "slot": 0
    },
    {
      "id": 15272,
      "amount": 1,
      "slot": 0
    },
    {
      "id": 15272,
      "amount": 1,
      "slot": 0
    },
    {
      "id": 15272,
      "amount": 1,
      "slot": 0
    },
    {
      "id": 15272,
      "amount": 1,
      "slot": 0
    },
    {
      "id": 15272,
      "amount": 1,
      "slot": 0
    },
    {
      "id": 15272,
      "amount": 1,
      "slot": 0
    },
    {
      "id": 15272,
      "amount": 1,
      "slot": 0
    },
    {
      "id": 15272,
      "amount": 1,
      "slot": 0
    },
    {
      "id": 15272,
      "amount": 1,
      "slot": 0
    },
    {
      "id": 15272,
      "amount": 1,
      "slot": 0
    },
    {
      "id": 15272,
      "amount": 1,
      "slot": 0
    }
  ],
  "equipment": [
    {
      "id": 20012,
      "amount": 1,
      "slot": 0
    },
    {
      "id": 10499,
      "amount": 1,
      "slot": 0
    },
    {
      "id": 17291,
      "amount": 1,
      "slot": 0
    },
    {
      "id": 12927,
      "amount": 1,
      "slot": 0
    },
    {
      "id": 20010,
      "amount": 1,
      "slot": 0
    },
    {
      "id": -1,
      "amount": 0,
      "slot": 0
    },
    {
      "id": -1,
      "amount": 0,
      "slot": 0
    },
    {
      "id": 20011,
      "amount": 1,
      "slot": 0
    },
    {
      "id": -1,
      "amount": 0,
      "slot": 0
    },
    {
      "id": 20020,
      "amount": 1,
      "slot": 0
    },
    {
      "id": 20019,
      "amount": 1,
      "slot": 0
    },
    {
      "id": -1,
      "amount": 0,
      "slot": 0
    },
    {
      "id": 2572,
      "amount": 1,
      "slot": 0
    },
    {
      "id": 11212,
      "amount": 3406,
      "slot": 0
    }
  ],
  "bank-0": [
    {
      "id": 2440,
      "amount": 112,
      "slot": 0
    },
    {
      "id": 2436,
      "amount": 112,
      "slot": 0
    },
    {
      "id": 2442,
      "amount": 148,
      "slot": 0
    },
    {
      "id": 2444,
      "amount": 36,
      "slot": 0
    },
    {
      "id": 1153,
      "amount": 1,
      "slot": 0
    },
    {
      "id": 1115,
      "amount": 1,
      "slot": 0
    },
    {
      "id": 1067,
      "amount": 1,
      "slot": 0
    },
    {
      "id": 1191,
      "amount": 1,
      "slot": 0
    },
    {
      "id": 1323,
      "amount": 1,
      "slot": 0
    },
    {
      "id": 4391,
      "amount": 1,
      "slot": 0
    },
    {
      "id": 841,
      "amount": 1,
      "slot": 0
    },
    {
      "id": 882,
      "amount": 476,
      "slot": 0
    },
    {
      "id": 1169,
      "amount": 1,
      "slot": 0
    },
    {
      "id": 1129,
      "amount": 2,
      "slot": 0
    },
    {
      "id": 1095,
      "amount": 1,
      "slot": 0
    },
    {
      "id": 1478,
      "amount": 1,
      "slot": 0
    },
    {
      "id": 579,
      "amount": 1,
      "slot": 0
    },
    {
      "id": 577,
      "amount": 1,
      "slot": 0
    },
    {
      "id": 1011,
      "amount": 1,
      "slot": 0
    },
    {
      "id": 1381,
      "amount": 1,
      "slot": 0
    },
    {
      "id": 558,
      "amount": 6360,
      "slot": 0
    },
    {
      "id": 557,
      "amount": 6531,
      "slot": 0
    },
    {
      "id": 555,
      "amount": 7433,
      "slot": 0
    },
    {
      "id": 554,
      "amount": 9797,
      "slot": 0
    },
    {
      "id": 10828,
      "amount": 2,
      "slot": 0
    },
    {
      "id": 1127,
      "amount": 2,
      "slot": 0
    },
    {
      "id": 1079,
      "amount": 4,
      "slot": 0
    },
    {
      "id": 4131,
      "amount": 6,
      "slot": 0
    },
    {
      "id": 888,
      "amount": 0,
      "slot": 0
    },
    {
      "id": 6,
      "amount": 1,
      "slot": 0
    },
    {
      "id": 12,
      "amount": 1,
      "slot": 0
    },
    {
      "id": 10,
      "amount": 1,
      "slot": 0
    },
    {
      "id": 8,
      "amount": 1,
      "slot": 0
    },
    {
      "id": 4587,
      "amount": 2,
      "slot": 0
    },
    {
      "id": 9244,
      "amount": 1086,
      "slot": 0
    },
    {
      "id": 11118,
      "amount": 1,
      "slot": 0
    },
    {
      "id": 6568,
      "amount": 2,
      "slot": 0
    },
    {
      "id": 10499,
      "amount": 0,
      "slot": 0
    },
    {
      "id": 9185,
      "amount": 1,
      "slot": 0
    },
    {
      "id": 2491,
      "amount": 1,
      "slot": 0
    },
    {
      "id": 9144,
      "amount": 0,
      "slot": 0
    },
    {
      "id": 6328,
      "amount": 1,
      "slot": 0
    },
    {
      "id": 565,
      "amount": 5111,
      "slot": 0
    },
    {
      "id": 1969,
      "amount": 1,
      "slot": 0
    },
    {
      "id": 163,
      "amount": 11,
      "slot": 0
    },
    {
      "id": 171,
      "amount": 9,
      "slot": 0
    },
    {
      "id": 3028,
      "amount": 11,
      "slot": 0
    },
    {
      "id": 556,
      "amount": 28856,
      "slot": 0
    },
    {
      "id": 1365,
      "amount": 1,
      "slot": 0
    },
    {
      "id": 3030,
      "amount": 15,
      "slot": 0
    },
    {
      "id": 145,
      "amount": 8,
      "slot": 0
    },
    {
      "id": 157,
      "amount": 8,
      "slot": 0
    },
    {
      "id": 560,
      "amount": 4343,
      "slot": 0
    },
    {
      "id": 7946,
      "amount": 3,
      "slot": 0
    },
    {
      "id": 5667,
      "amount": 420,
      "slot": 0
    },
    {
      "id": 167,
      "amount": 5,
      "slot": 0
    },
    {
      "id": 149,
      "amount": 3,
      "slot": 0
    },
    {
      "id": 161,
      "amount": 3,
      "slot": 0
    },
    {
      "id": 532,
      "amount": 647,
      "slot": 0
    },
    {
      "id": 892,
      "amount": 0,
      "slot": 0
    },
    {
      "id": 1215,
      "amount": 2,
      "slot": 0
    },
    {
      "id": 9341,
      "amount": 946,
      "slot": 0
    },
    {
      "id": 139,
      "amount": 7,
      "slot": 0
    },
    {
      "id": 562,
      "amount": 5349,
      "slot": 0
    },
    {
      "id": 5954,
      "amount": 260,
      "slot": 0
    },
    {
      "id": 6529,
      "amount": 2225,
      "slot": 0
    },
    {
      "id": 165,
      "amount": 10,
      "slot": 0
    },
    {
      "id": 229,
      "amount": 11,
      "slot": 0
    },
    {
      "id": 563,
      "amount": 1864,
      "slot": 0
    },
    {
      "id": 385,
      "amount": 310,
      "slot": 0
    },
    {
      "id": 1580,
      "amount": 4,
      "slot": 0
    },
    {
      "id": 159,
      "amount": 1,
      "slot": 0
    },
    {
      "id": 147,
      "amount": 1,
      "slot": 0
    },
    {
      "id": 4153,
      "amount": 2,
      "slot": 0
    },
    {
      "id": 173,
      "amount": 3,
      "slot": 0
    },
    {
      "id": 561,
      "amount": 2454,
      "slot": 0
    },
    {
      "id": 1077,
      "amount": 1,
      "slot": 0
    },
    {
      "id": 1704,
      "amount": 6,
      "slot": 0
    },
    {
      "id": 890,
      "amount": 3165,
      "slot": 0
    },
    {
      "id": 169,
      "amount": 2,
      "slot": 0
    },
    {
      "id": 3026,
      "amount": 6,
      "slot": 0
    },
    {
      "id": 566,
      "amount": 2295,
      "slot": 0
    },
    {
      "id": 1149,
      "amount": 3,
      "slot": 0
    },
    {
      "id": 1249,
      "amount": 1,
      "slot": 0
    },
    {
      "id": 2366,
      "amount": 2,
      "slot": 0
    },
    {
      "id": 2368,
      "amount": 2,
      "slot": 0
    },
    {
      "id": 9143,
      "amount": 0,
      "slot": 0
    },
    {
      "id": 1353,
      "amount": 1,
      "slot": 0
    },
    {
      "id": 4091,
      "amount": 1,
      "slot": 0
    },
    {
      "id": 4093,
      "amount": 2,
      "slot": 0
    },
    {
      "id": 4097,
      "amount": 1,
      "slot": 0
    },
    {
      "id": 4675,
      "amount": 1,
      "slot": 0
    },
    {
      "id": 2550,
      "amount": 2,
      "slot": 0
    },
    {
      "id": 13734,
      "amount": 1,
      "slot": 0
    },
    {
      "id": 3040,
      "amount": 15,
      "slot": 0
    },
    {
      "id": 1725,
      "amount": 1,
      "slot": 0
    },
    {
      "id": 1187,
      "amount": 1,
      "slot": 0
    },
    {
      "id": 3755,
      "amount": 1,
      "slot": 0
    },
    {
      "id": 15321,
      "amount": 1,
      "slot": 0
    },
    {
      "id": 811,
      "amount": 36,
      "slot": 0
    },
    {
      "id": 6016,
      "amount": 70,
      "slot": 0
    },
    {
      "id": 1391,
      "amount": 0,
      "slot": 0
    },
    {
      "id": 15318,
      "amount": 5,
      "slot": 0
    },
    {
      "id": 15326,
      "amount": 12,
      "slot": 0
    },
    {
      "id": 309,
      "amount": 14,
      "slot": 0
    },
    {
      "id": 526,
      "amount": 1,
      "slot": 0
    },
    {
      "id": 2293,
      "amount": 1,
      "slot": 0
    },
    {
      "id": 2,
      "amount": 1673,
      "slot": 0
    },
    {
      "id": 10564,
      "amount": 4,
      "slot": 0
    },
    {
      "id": 1217,
      "amount": 2,
      "slot": 0
    },
    {
      "id": 1133,
      "amount": 1,
      "slot": 0
    },
    {
      "id": 1313,
      "amount": 3,
      "slot": 0
    },
    {
      "id": 2714,
      "amount": 0,
      "slot": 0
    },
    {
      "id": 952,
      "amount": 1,
      "slot": 0
    },
    {
      "id": 373,
      "amount": 0,
      "slot": 0
    },
    {
      "id": 1283,
      "amount": 2,
      "slot": 0
    },
    {
      "id": 1361,
      "amount": 2,
      "slot": 0
    },
    {
      "id": 1089,
      "amount": 3,
      "slot": 0
    },
    {
      "id": 379,
      "amount": 129,
      "slot": 0
    },
    {
      "id": 1985,
      "amount": 1,
      "slot": 0
    },
    {
      "id": 6809,
      "amount": 1,
      "slot": 0
    },
    {
      "id": 4679,
      "amount": 1,
      "slot": 0
    },
    {
      "id": 867,
      "amount": 0,
      "slot": 0
    },
    {
      "id": 564,
      "amount": 4904,
      "slot": 0
    },
    {
      "id": 559,
      "amount": 6538,
      "slot": 0
    },
    {
      "id": 10589,
      "amount": 2,
      "slot": 0
    },
    {
      "id": 143,
      "amount": 1,
      "slot": 0
    },
    {
      "id": 1615,
      "amount": 1,
      "slot": 0
    },
    {
      "id": 1195,
      "amount": 4,
      "slot": 0
    }
  ],
  "bank-1": [
    {
      "id": 3486,
      "amount": 2,
      "slot": 0
    },
    {
      "id": 2595,
      "amount": 1,
      "slot": 0
    },
    {
      "id": 2587,
      "amount": 1,
      "slot": 0
    },
    {
      "id": 2673,
      "amount": 1,
      "slot": 0
    },
    {
      "id": 7396,
      "amount": 1,
      "slot": 0
    },
    {
      "id": 7394,
      "amount": 2,
      "slot": 0
    },
    {
      "id": 2635,
      "amount": 1,
      "slot": 0
    },
    {
      "id": 2631,
      "amount": 2,
      "slot": 0
    },
    {
      "id": 9005,
      "amount": 2,
      "slot": 0
    },
    {
      "id": 2633,
      "amount": 1,
      "slot": 0
    },
    {
      "id": 3481,
      "amount": 3,
      "slot": 0
    },
    {
      "id": 1125,
      "amount": 1,
      "slot": 0
    },
    {
      "id": 7003,
      "amount": 2,
      "slot": 0
    },
    {
      "id": 2669,
      "amount": 1,
      "slot": 0
    },
    {
      "id": 10438,
      "amount": 1,
      "slot": 0
    },
    {
      "id": 7390,
      "amount": 1,
      "slot": 0
    },
    {
      "id": 7364,
      "amount": 1,
      "slot": 0
    },
    {
      "id": 1131,
      "amount": 1,
      "slot": 0
    },
    {
      "id": 1165,
      "amount": 2,
      "slot": 0
    },
    {
      "id": 7332,
      "amount": 2,
      "slot": 0
    },
    {
      "id": 3485,
      "amount": 1,
      "slot": 0
    },
    {
      "id": 2593,
      "amount": 1,
      "slot": 0
    },
    {
      "id": 2585,
      "amount": 3,
      "slot": 0
    },
    {
      "id": 7366,
      "amount": 1,
      "slot": 0
    },
    {
      "id": 7388,
      "amount": 1,
      "slot": 0
    },
    {
      "id": 7386,
      "amount": 1,
      "slot": 0
    },
    {
      "id": 7368,
      "amount": 1,
      "slot": 0
    },
    {
      "id": 7338,
      "amount": 3,
      "slot": 0
    },
    {
      "id": 7321,
      "amount": 1,
      "slot": 0
    },
    {
      "id": 2645,
      "amount": 1,
      "slot": 0
    },
    {
      "id": 3488,
      "amount": 5,
      "slot": 0
    },
    {
      "id": 2597,
      "amount": 1,
      "slot": 0
    },
    {
      "id": 2589,
      "amount": 3,
      "slot": 0
    },
    {
      "id": 10354,
      "amount": 1,
      "slot": 0
    },
    {
      "id": 2579,
      "amount": 2,
      "slot": 0
    },
    {
      "id": 7114,
      "amount": 1,
      "slot": 0
    },
    {
      "id": 9006,
      "amount": 2,
      "slot": 0
    },
    {
      "id": 7350,
      "amount": 1,
      "slot": 0
    },
    {
      "id": 1327,
      "amount": 1,
      "slot": 0
    },
    {
      "id": 10452,
      "amount": 1,
      "slot": 0
    },
    {
      "id": 7668,
      "amount": 1,
      "slot": 0
    },
    {
      "id": 2637,
      "amount": 2,
      "slot": 0
    }
  ],
  "bank-2": [
    {
      "id": 6194,
      "amount": 3,
      "slot": 0
    },
    {
      "id": 6190,
      "amount": 2,
      "slot": 0
    },
    {
      "id": 11730,
      "amount": 3,
      "slot": 0
    },
    {
      "id": 13239,
      "amount": 1,
      "slot": 0
    },
    {
      "id": 14010,
      "amount": 1,
      "slot": 0
    },
    {
      "id": 14009,
      "amount": 1,
      "slot": 0
    },
    {
      "id": 14008,
      "amount": 1,
      "slot": 0
    },
    {
      "id": 13873,
      "amount": 1,
      "slot": 0
    },
    {
      "id": 13870,
      "amount": 1,
      "slot": 0
    },
    {
      "id": 13876,
      "amount": 1,
      "slot": 0
    },
    {
      "id": 13893,
      "amount": 1,
      "slot": 0
    },
    {
      "id": 18778,
      "amount": 38,
      "slot": 0
    },
    {
      "id": 10551,
      "amount": 5,
      "slot": 0
    },
    {
      "id": 11974,
      "amount": 1,
      "slot": 0
    },
    {
      "id": 11981,
      "amount": 1,
      "slot": 0
    },
    {
      "id": 11975,
      "amount": 1,
      "slot": 0
    },
    {
      "id": 987,
      "amount": 6,
      "slot": 0
    },
    {
      "id": 6570,
      "amount": 1,
      "slot": 0
    },
    {
      "id": 78,
      "amount": 3450,
      "slot": 0
    },
    {
      "id": 16477,
      "amount": 410,
      "slot": 0
    },
    {
      "id": 11554,
      "amount": 1,
      "slot": 0
    },
    {
      "id": 1540,
      "amount": 1,
      "slot": 0
    },
    {
      "id": 20012,
      "amount": 0,
      "slot": 0
    },
    {
      "id": 20010,
      "amount": 0,
      "slot": 0
    },
    {
      "id": 20011,
      "amount": 0,
      "slot": 0
    },
    {
      "id": 20998,
      "amount": 0,
      "slot": 0
    },
    {
      "id": 7462,
      "amount": 1,
      "slot": 0
    },
    {
      "id": 6192,
      "amount": 2,
      "slot": 0
    },
    {
      "id": 985,
      "amount": 0,
      "slot": 0
    },
    {
      "id": 989,
      "amount": 0,
      "slot": 0
    },
    {
      "id": 11732,
      "amount": 9,
      "slot": 0
    },
    {
      "id": 536,
      "amount": 628,
      "slot": 0
    },
    {
      "id": 11924,
      "amount": 2,
      "slot": 0
    },
    {
      "id": 20020,
      "amount": 0,
      "slot": 0
    },
    {
      "id": 6739,
      "amount": 1,
      "slot": 0
    },
    {
      "id": 6585,
      "amount": 1,
      "slot": 0
    },
    {
      "id": 2577,
      "amount": 9,
      "slot": 0
    },
    {
      "id": 15259,
      "amount": 1,
      "slot": 0
    },
    {
      "id": 995,
      "amount": 37959547,
      "slot": 0
    },
    {
      "id": 13896,
      "amount": 1,
      "slot": 0
    },
    {
      "id": 13884,
      "amount": 1,
      "slot": 0
    },
    {
      "id": 13890,
      "amount": 1,
      "slot": 0
    },
    {
      "id": 6733,
      "amount": 1,
      "slot": 0
    },
    {
      "id": 6571,
      "amount": 14,
      "slot": 0
    },
    {
      "id": 18830,
      "amount": 0,
      "slot": 0
    },
    {
      "id": 20019,
      "amount": 0,
      "slot": 0
    },
    {
      "id": 17291,
      "amount": 0,
      "slot": 0
    },
    {
      "id": 6500,
      "amount": 1,
      "slot": 0
    },
    {
      "id": 7158,
      "amount": 4,
      "slot": 0
    },
    {
      "id": 11212,
      "amount": 0,
      "slot": 0
    },
    {
      "id": 2572,
      "amount": 0,
      "slot": 0
    },
    {
      "id": 6914,
      "amount": 9,
      "slot": 0
    },
    {
      "id": 12926,
      "amount": 0,
      "slot": 0
    },
    {
      "id": 620,
      "amount": 40,
      "slot": 0
    },
    {
      "id": 2581,
      "amount": 10,
      "slot": 0
    },
    {
      "id": 6889,
      "amount": 3,
      "slot": 0
    },
    {
      "id": 12282,
      "amount": 0,
      "slot": 0
    },
    {
      "id": 12927,
      "amount": 0,
      "slot": 0
    }
  ],
  "bank-3": [
    {
      "id": 2689,
      "amount": 2,
      "slot": 0
    },
    {
      "id": 2683,
      "amount": 1,
      "slot": 0
    },
    {
      "id": 2682,
      "amount": 1,
      "slot": 0
    },
    {
      "id": 2681,
      "amount": 1,
      "slot": 0
    },
    {
      "id": 2679,
      "amount": 1,
      "slot": 0
    },
    {
      "id": 2690,
      "amount": 1,
      "slot": 0
    },
    {
      "id": 2686,
      "amount": 1,
      "slot": 0
    },
    {
      "id": 2685,
      "amount": 1,
      "slot": 0
    },
    {
      "id": 2684,
      "amount": 1,
      "slot": 0
    },
    {
      "id": 2680,
      "amount": 1,
      "slot": 0
    },
    {
      "id": 2678,
      "amount": 1,
      "slot": 0
    }
  ],
  "bank-4": [
    {
      "id": 12158,
      "amount": 233,
      "slot": 0
    },
    {
      "id": 12159,
      "amount": 26,
      "slot": 0
    },
    {
      "id": 12160,
      "amount": 35,
      "slot": 0
    },
    {
      "id": 12163,
      "amount": 92,
      "slot": 0
    },
    {
      "id": 12031,
      "amount": 10,
      "slot": 0
    },
    {
      "id": 12820,
      "amount": 22,
      "slot": 0
    },
    {
      "id": 12029,
      "amount": 22,
      "slot": 0
    },
    {
      "id": 12025,
      "amount": 22,
      "slot": 0
    },
    {
      "id": 12017,
      "amount": 44,
      "slot": 0
    },
    {
      "id": 12776,
      "amount": 22,
      "slot": 0
    },
    {
      "id": 12083,
      "amount": 22,
      "slot": 0
    },
    {
      "id": 12039,
      "amount": 76,
      "slot": 0
    },
    {
      "id": 12786,
      "amount": 45,
      "slot": 0
    },
    {
      "id": 12089,
      "amount": 11,
      "slot": 0
    },
    {
      "id": 12155,
      "amount": 160,
      "slot": 0
    },
    {
      "id": 18016,
      "amount": 264989,
      "slot": 0
    },
    {
      "id": 2859,
      "amount": 11,
      "slot": 0
    },
    {
      "id": 14623,
      "amount": 22,
      "slot": 0
    },
    {
      "id": 12081,
      "amount": 22,
      "slot": 0
    }
  ],
  "bank-5": [
    {
      "id": 440,
      "amount": 391,
      "slot": 0
    },
    {
      "id": 1631,
      "amount": 71,
      "slot": 0
    },
    {
      "id": 2363,
      "amount": 522,
      "slot": 0
    },
    {
      "id": 2485,
      "amount": 133,
      "slot": 0
    },
    {
      "id": 217,
      "amount": 218,
      "slot": 0
    },
    {
      "id": 1515,
      "amount": 1875,
      "slot": 0
    },
    {
      "id": 7956,
      "amount": 142,
      "slot": 0
    },
    {
      "id": 209,
      "amount": 799,
      "slot": 0
    },
    {
      "id": 9075,
      "amount": 2264,
      "slot": 0
    },
    {
      "id": 447,
      "amount": 400,
      "slot": 0
    },
    {
      "id": 534,
      "amount": 435,
      "slot": 0
    },
    {
      "id": 451,
      "amount": 400,
      "slot": 0
    },
    {
      "id": 449,
      "amount": 498,
      "slot": 0
    },
    {
      "id": 442,
      "amount": 400,
      "slot": 0
    },
    {
      "id": 1621,
      "amount": 532,
      "slot": 0
    },
    {
      "id": 1513,
      "amount": 1957,
      "slot": 0
    },
    {
      "id": 203,
      "amount": 574,
      "slot": 0
    },
    {
      "id": 377,
      "amount": 3665,
      "slot": 0
    },
    {
      "id": 5303,
      "amount": 1,
      "slot": 0
    },
    {
      "id": 5316,
      "amount": 1,
      "slot": 0
    },
    {
      "id": 2996,
      "amount": 30,
      "slot": 0
    },
    {
      "id": 207,
      "amount": 135,
      "slot": 0
    },
    {
      "id": 11256,
      "amount": 0,
      "slot": 0
    },
    {
      "id": 213,
      "amount": 349,
      "slot": 0
    },
    {
      "id": 11260,
      "amount": 16,
      "slot": 0
    },
    {
      "id": 314,
      "amount": 120,
      "slot": 0
    },
    {
      "id": 52,
      "amount": 1500,
      "slot": 0
    },
    {
      "id": 2359,
      "amount": 21,
      "slot": 0
    },
    {
      "id": 25,
      "amount": 98,
      "slot": 0
    },
    {
      "id": 1747,
      "amount": 96,
      "slot": 0
    },
    {
      "id": 453,
      "amount": 1400,
      "slot": 0
    },
    {
      "id": 1619,
      "amount": 324,
      "slot": 0
    },
    {
      "id": 219,
      "amount": 92,
      "slot": 0
    },
    {
      "id": 3049,
      "amount": 35,
      "slot": 0
    },
    {
      "id": 223,
      "amount": 70,
      "slot": 0
    },
    {
      "id": 15270,
      "amount": 455,
      "slot": 0
    },
    {
      "id": 15517,
      "amount": 0,
      "slot": 0
    },
    {
      "id": 1617,
      "amount": 119,
      "slot": 0
    },
    {
      "id": 7218,
      "amount": 6,
      "slot": 0
    },
    {
      "id": 389,
      "amount": 201,
      "slot": 0
    },
    {
      "id": 201,
      "amount": 1342,
      "slot": 0
    },
    {
      "id": 3051,
      "amount": 81,
      "slot": 0
    },
    {
      "id": 7944,
      "amount": 240,
      "slot": 0
    },
    {
      "id": 211,
      "amount": 390,
      "slot": 0
    },
    {
      "id": 868,
      "amount": 556,
      "slot": 0
    },
    {
      "id": 205,
      "amount": 402,
      "slot": 0
    },
    {
      "id": 383,
      "amount": 582,
      "slot": 0
    },
    {
      "id": 5304,
      "amount": 50,
      "slot": 0
    },
    {
      "id": 2361,
      "amount": 58,
      "slot": 0
    },
    {
      "id": 1777,
      "amount": 1536,
      "slot": 0
    },
    {
      "id": 7936,
      "amount": 2800,
      "slot": 0
    },
    {
      "id": 15335,
      "amount": 22,
      "slot": 0
    },
    {
      "id": 1359,
      "amount": 16,
      "slot": 0
    },
    {
      "id": 1275,
      "amount": 10,
      "slot": 0
    },
    {
      "id": 2347,
      "amount": 1,
      "slot": 0
    },
    {
      "id": 1683,
      "amount": 1,
      "slot": 0
    },
    {
      "id": 1623,
      "amount": 550,
      "slot": 0
    },
    {
      "id": 1603,
      "amount": 1,
      "slot": 0
    },
    {
      "id": 1601,
      "amount": 2,
      "slot": 0
    },
    {
      "id": 199,
      "amount": 299,
      "slot": 0
    },
    {
      "id": 866,
      "amount": 0,
      "slot": 0
    },
    {
      "id": 371,
      "amount": 2431,
      "slot": 0
    },
    {
      "id": 215,
      "amount": 203,
      "slot": 0
    },
    {
      "id": 13883,
      "amount": 1,
      "slot": 0
    },
    {
      "id": 1987,
      "amount": 500,
      "slot": 0
    }
  ],
  "bank-6": [
    {
      "id": 15325,
      "amount": 308,
      "slot": 0
    },
    {
      "id": 15317,
      "amount": 302,
      "slot": 0
    },
    {
      "id": 3024,
      "amount": 197,
      "slot": 0
    },
    {
      "id": 391,
      "amount": 478,
      "slot": 0
    },
    {
      "id": 15319,
      "amount": 2,
      "slot": 0
    },
    {
      "id": 15327,
      "amount": 6,
      "slot": 0
    },
    {
      "id": 365,
      "amount": 1,
      "slot": 0
    },
    {
      "id": 15272,
      "amount": 2385,
      "slot": 0
    },
    {
      "id": 6685,
      "amount": 15,
      "slot": 0
    }
  ],
  "bank-7": [],
  "bank-8": [],
  "ge-slots": [
    {
      "state": "EMPTY"
    },
    {
      "state": "EMPTY"
    },
    {
      "state": "EMPTY"
    },
    {
      "state": "EMPTY"
    },
    {
      "state": "EMPTY"
    },
    {
      "state": "EMPTY"
    }
  ],
  "charm-imp": [
    1,
    1,
    1,
    0
  ],
  "magmablowpipe-charge-item": 11230,
  "magmablowpipe-charge-amount": 2599,
  "friends": [
    19225768000,
    26,
    23271021,
    23271028,
    1485,
    1832575858410,
    4,
    279820018
  ],
  "ignores": [],
  "loyalty-titles": [
    false,
    false,
    false,
    false,
    false,
    false,
    false,
    false,
    false,
    false,
    false,
    false
  ],
  "kills": [
    {
      "npcName": "Zulrah",
      "amount": 552,
      "boss": true
    },
    {
      "npcName": "Scorpia",
      "amount": 223,
      "boss": true
    },
    {
      "npcName": "Giant Mole",
      "amount": 59,
      "boss": true
    },
    {
      "npcName": "Bandos Avatar",
      "amount": 74,
      "boss": true
    },
    {
      "npcName": "Abyssal Sire",
      "amount": 38,
      "boss": true
    },
    {
      "npcName": "Bork",
      "amount": 10,
      "boss": true
    },
    {
      "npcName": "Lizardman Shaman",
      "amount": 7,
      "boss": true
    },
    {
      "npcName": "Frost dragon",
      "amount": 6,
      "boss": true
    },
    {
      "npcName": "Glacor",
      "amount": 5,
      "boss": true
    },
    {
      "npcName": "Barrelchest",
      "amount": 4,
      "boss": true
    },
    {
      "npcName": "Commander Zilyana",
      "amount": 3,
      "boss": true
    },
    {
      "npcName": "Revenant Impling",
      "amount": 3,
      "boss": true
    },
    {
      "npcName": "Slash Bash",
      "amount": 3,
      "boss": true
    },
    {
      "npcName": "WildyWyrm",
      "amount": 3,
      "boss": true
    },
    {
      "npcName": "Tormented Demon",
      "amount": 2,
      "boss": true
    },
    {
      "npcName": "Cerberus",
      "amount": 1,
      "boss": true
    },
    {
      "npcName": "Chaos Elemental",
      "amount": 2,
      "boss": true
    },
    {
      "npcName": "Culinaromancer",
      "amount": 1,
      "boss": true
    },
    {
      "npcName": "King Black Dragon",
      "amount": 1,
      "boss": true
    },
    {
      "npcName": "Nomad",
      "amount": 1,
      "boss": true
    },
    {
      "npcName": "Phoenix",
      "amount": 1,
      "boss": true
    },
    {
      "npcName": "Plane-freezer Lakhrahnaz",
      "amount": 1,
      "boss": true
    },
    {
      "npcName": "Revenant Dark Beast",
      "amount": 1,
      "boss": true
    },
    {
      "npcName": "Skotizo",
      "amount": 1,
      "boss": true
    },
    {
      "npcName": "TzTok-Jad",
      "amount": 1,
      "boss": true
    },
    {
      "npcName": "Chaos druid",
      "amount": 268,
      "boss": false
    },
    {
      "npcName": "Rock Crab",
      "amount": 169,
      "boss": false
    },
    {
      "npcName": "Deadly red spider",
      "amount": 44,
      "boss": false
    },
    {
      "npcName": "Yak",
      "amount": 41,
      "boss": false
    },
    {
      "npcName": "Bloodveld",
      "amount": 34,
      "boss": false
    },
    {
      "npcName": "Ghost",
      "amount": 32,
      "boss": false
    },
    {
      "npcName": "Skeleton",
      "amount": 16,
      "boss": false
    },
    {
      "npcName": "Bandit",
      "amount": 14,
      "boss": false
    },
    {
      "npcName": "Tower Archer",
      "amount": 12,
      "boss": false
    },
    {
      "npcName": "Blue dragon",
      "amount": 11,
      "boss": false
    },
    {
      "npcName": "Green dragon",
      "amount": 10,
      "boss": false
    },
    {
      "npcName": "Spinolyp",
      "amount": 9,
      "boss": false
    },
    {
      "npcName": "Armoured Zombie",
      "amount": 4,
      "boss": false
    },
    {
      "npcName": "Snakeling",
      "amount": 4,
      "boss": false
    },
    {
      "npcName": "Dark wizard",
      "amount": 3,
      "boss": false
    },
    {
      "npcName": "Dust devil",
      "amount": 3,
      "boss": false
    },
    {
      "npcName": "Fire giant",
      "amount": 3,
      "boss": false
    },
    {
      "npcName": "Starlight",
      "amount": 3,
      "boss": false
    },
    {
      "npcName": "Wizard",
      "amount": 3,
      "boss": false
    },
    {
      "npcName": "Zombie pirate",
      "amount": 3,
      "boss": false
    },
    {
      "npcName": "Bree",
      "amount": 2,
      "boss": false
    },
    {
      "npcName": "Growler",
      "amount": 2,
      "boss": false
    },
    {
      "npcName": "Baby Blue dragon",
      "amount": 1,
      "boss": false
    },
    {
      "npcName": "Black Demon",
      "amount": 1,
      "boss": false
    }
  ],
  "drops": [
    {
      "item": 405,
      "amount": 12,
      "rareDrop": false
    },
    {
      "item": 995,
      "amount": 554525022,
      "rareDrop": false
    },
    {
      "item": 1625,
      "amount": 21,
      "rareDrop": false
    },
    {
      "item": 1462,
      "amount": 28,
      "rareDrop": false
    },
    {
      "item": 12158,
      "amount": 484,
      "rareDrop": false
    },
    {
      "item": 18778,
      "amount": 38,
      "rareDrop": false
    },
    {
      "item": 407,
      "amount": 15,
      "rareDrop": false
    },
    {
      "item": 1454,
      "amount": 9,
      "rareDrop": false
    },
    {
      "item": 12159,
      "amount": 269,
      "rareDrop": false
    },
    {
      "item": 12160,
      "amount": 186,
      "rareDrop": false
    },
    {
      "item": 15188,
      "amount": 4,
      "rareDrop": false
    },
    {
      "item": 561,
      "amount": 179,
      "rareDrop": false
    },
    {
      "item": 439,
      "amount": 25,
      "rareDrop": false
    },
    {
      "item": 5295,
      "amount": 8,
      "rareDrop": false
    },
    {
      "item": 454,
      "amount": 309,
      "rareDrop": false
    },
    {
      "item": 12163,
      "amount": 143,
      "rareDrop": false
    },
    {
      "item": 403,
      "amount": 21,
      "rareDrop": false
    },
    {
      "item": 45,
      "amount": 43,
      "rareDrop": false
    },
    {
      "item": 437,
      "amount": 23,
      "rareDrop": false
    },
    {
      "item": 313,
      "amount": 117,
      "rareDrop": false
    },
    {
      "item": 11974,
      "amount": 1,
      "rareDrop": true
    },
    {
      "item": 805,
      "amount": 7,
      "rareDrop": false
    },
    {
      "item": 441,
      "amount": 439,
      "rareDrop": false
    },
    {
      "item": 985,
      "amount": 21,
      "rareDrop": false
    },
    {
      "item": 1617,
      "amount": 8,
      "rareDrop": false
    },
    {
      "item": 1619,
      "amount": 16,
      "rareDrop": false
    },
    {
      "item": 25,
      "amount": 148,
      "rareDrop": false
    },
    {
      "item": 2485,
      "amount": 22,
      "rareDrop": false
    },
    {
      "item": 830,
      "amount": 81,
      "rareDrop": false
    },
    {
      "item": 1621,
      "amount": 10,
      "rareDrop": false
    },
    {
      "item": 1623,
      "amount": 15,
      "rareDrop": false
    },
    {
      "item": 987,
      "amount": 27,
      "rareDrop": false
    },
    {
      "item": 526,
      "amount": 392,
      "rareDrop": false
    },
    {
      "item": 1353,
      "amount": 8,
      "rareDrop": false
    },
    {
      "item": 1147,
      "amount": 2,
      "rareDrop": false
    },
    {
      "item": 444,
      "amount": 2,
      "rareDrop": false
    },
    {
      "item": 1157,
      "amount": 4,
      "rareDrop": false
    },
    {
      "item": 1181,
      "amount": 5,
      "rareDrop": false
    },
    {
      "item": 1325,
      "amount": 2,
      "rareDrop": false
    },
    {
      "item": 2293,
      "amount": 2,
      "rareDrop": false
    },
    {
      "item": 207,
      "amount": 13,
      "rareDrop": false
    },
    {
      "item": 534,
      "amount": 1,
      "rareDrop": false
    },
    {
      "item": 536,
      "amount": 22,
      "rareDrop": false
    },
    {
      "item": 1751,
      "amount": 11,
      "rareDrop": false
    },
    {
      "item": 1631,
      "amount": 23,
      "rareDrop": false
    },
    {
      "item": 219,
      "amount": 7,
      "rareDrop": false
    },
    {
      "item": 213,
      "amount": 17,
      "rareDrop": false
    },
    {
      "item": 217,
      "amount": 8,
      "rareDrop": false
    },
    {
      "item": 1452,
      "amount": 12,
      "rareDrop": false
    },
    {
      "item": 1197,
      "amount": 2,
      "rareDrop": false
    },
    {
      "item": 203,
      "amount": 20,
      "rareDrop": false
    },
    {
      "item": 365,
      "amount": 1,
      "rareDrop": false
    },
    {
      "item": 11981,
      "amount": 1,
      "rareDrop": true
    },
    {
      "item": 211,
      "amount": 15,
      "rareDrop": false
    },
    {
      "item": 205,
      "amount": 8,
      "rareDrop": false
    },
    {
      "item": 2353,
      "amount": 1,
      "rareDrop": false
    },
    {
      "item": 201,
      "amount": 29,
      "rareDrop": false
    },
    {
      "item": 1323,
      "amount": 1,
      "rareDrop": false
    },
    {
      "item": 199,
      "amount": 27,
      "rareDrop": false
    },
    {
      "item": 1349,
      "amount": 1,
      "rareDrop": false
    },
    {
      "item": 215,
      "amount": 2,
      "rareDrop": false
    },
    {
      "item": 572,
      "amount": 116,
      "rareDrop": false
    },
    {
      "item": 570,
      "amount": 64,
      "rareDrop": false
    },
    {
      "item": 576,
      "amount": 84,
      "rareDrop": false
    },
    {
      "item": 12174,
      "amount": 35,
      "rareDrop": false
    },
    {
      "item": 1247,
      "amount": 17,
      "rareDrop": false
    },
    {
      "item": 574,
      "amount": 128,
      "rareDrop": false
    },
    {
      "item": 573,
      "amount": 5,
      "rareDrop": false
    },
    {
      "item": 5300,
      "amount": 14,
      "rareDrop": false
    },
    {
      "item": 14836,
      "amount": 41,
      "rareDrop": false
    },
    {
      "item": 556,
      "amount": 30683,
      "rareDrop": false
    },
    {
      "item": 1392,
      "amount": 800,
      "rareDrop": false
    },
    {
      "item": 571,
      "amount": 7,
      "rareDrop": false
    },
    {
      "item": 1391,
      "amount": 12,
      "rareDrop": false
    },
    {
      "item": 559,
      "amount": 72,
      "rareDrop": false
    },
    {
      "item": 575,
      "amount": 6,
      "rareDrop": false
    },
    {
      "item": 569,
      "amount": 7,
      "rareDrop": false
    },
    {
      "item": 557,
      "amount": 70,
      "rareDrop": false
    },
    {
      "item": 558,
      "amount": 33,
      "rareDrop": false
    },
    {
      "item": 209,
      "amount": 3,
      "rareDrop": false
    },
    {
      "item": 231,
      "amount": 3,
      "rareDrop": false
    },
    {
      "item": 565,
      "amount": 8585,
      "rareDrop": false
    },
    {
      "item": 563,
      "amount": 433,
      "rareDrop": false
    },
    {
      "item": 9142,
      "amount": 8,
      "rareDrop": false
    },
    {
      "item": 1291,
      "amount": 1,
      "rareDrop": false
    },
    {
      "item": 2368,
      "amount": 5,
      "rareDrop": false
    },
    {
      "item": 1365,
      "amount": 2,
      "rareDrop": false
    },
    {
      "item": 1113,
      "amount": 9,
      "rareDrop": false
    },
    {
      "item": 1753,
      "amount": 10,
      "rareDrop": false
    },
    {
      "item": 449,
      "amount": 1,
      "rareDrop": false
    },
    {
      "item": 1119,
      "amount": 1,
      "rareDrop": false
    },
    {
      "item": 1149,
      "amount": 10,
      "rareDrop": false
    },
    {
      "item": 1243,
      "amount": 1,
      "rareDrop": false
    },
    {
      "item": 1213,
      "amount": 1,
      "rareDrop": false
    },
    {
      "item": 18830,
      "amount": 6,
      "rareDrop": false
    },
    {
      "item": 1199,
      "amount": 1,
      "rareDrop": false
    },
    {
      "item": 1123,
      "amount": 14,
      "rareDrop": false
    },
    {
      "item": 2364,
      "amount": 1266,
      "rareDrop": false
    }
  ],
  "achievements-completion": [
    false,
    false,
    false,
    false,
    false,
    false,
    false,
    false,
    false,
    false,
    false,
    false,
    false,
    true,
    false,
    true,
    false,
    false,
    false,
    true,
    true,
    true,
    true,
    false,
    true,
    true,
    false,
    true,
    false,
    false,
    false,
    false,
    false,
    false,
    false,
    false,
    false,
    false,
    false,
    false,
    false,
    false,
    false,
    false,
    false,
    false,
    false,
    false,
    false,
    true,
    true,
    true,
    true,
    false,
    true,
    true,
    true,
    true,
    true,
    false,
    false,
    false,
    false,
    false,
    false,
    false,
    false,
    false,
    false,
    false,
    false,
    false,
    false,
    false,
    false,
    false,
    false,
    false,
    false,
    false,
    false,
    false,
    false,
    true,
    true,
    false,
    false,
    true,
    false,
    false,
    false,
    false,
    false,
    false,
    false,
    true,
    false,
    false,
    true,
    false,
    false
  ],
  "achievements-progress": [
    992,
    977,
    378,
    0,
    0,
    0,
    0,
    0,
    0,
    0,
    0,
    0,
    0,
    0,
    0,
    0,
    41,
    29,
    0,
    24,
    499,
    99976,
    99995,
    378,
    0,
    0,
    0,
    0,
    0,
    0,
    0,
    0,
    0,
    0,
    0,
    0,
    0,
    0,
    0,
    27,
    897,
    0,
    0,
    862289,
    5483512,
    419,
    0,
    3,
    0,
    1700,
    499,
    0,
    0
  ],
  "max-cape-colors": [
    65214,
    65200,
    65186,
    62995
  ],
  "comp-cape-colors": [
    65214,
    65200,
    65186,
    62995
  ],
  "player-title": "",
  "set-home": {
    "x": 2719,
    "y": 5313,
    "z": 0
  }
}