{
  "total-play-time-ms": 101178334,
  "username": "Skillful",
  "password": "cpw12345",
  "email": "null",
  "staff-rights": "RUBY_MEMBER",
  "game-mode": "NORMAL",
  "boss-points": 987,
  "loyalty-title": "NONE",
  "position": {
    "x": 2717,
    "y": 5316,
    "z": 0
  },
  "online-status": "ON",
  "yell-title": "ApeX",
  "given-starter": true,
  "is-instanced": false,
  "money-pouch": 10247034,
  "donated": 1000,
  "password-reset": 2,
  "minutes-bonus-exp": -1,
  "total-gained-exp": -1977247381,
  "prestige-points": 6,
  "achievement-points": 19,
  "dung-tokens": 0,
  "commendations": 48,
  "loyalty-points": 95732,
  "total-loyalty-points": 95743.5,
  "voting-points": 0,
  "slayer-points": 28,
  "hide-player": false,
  "pk-points": 1,
  "donation-points": 0,
  "trivia-points": 350,
  "cluescompleted": 0,
  "player-kills": 5,
  "player-killstreak": 0,
  "player-deaths": 1,
  "target-percentage": 14,
  "bh-rank": 0,
  "gender": "MALE",
  "spell-book": "ANCIENT",
  "shop-updated": false,
  "shop-earnings": 0,
  "prayer-book": "NORMAL",
  "running": true,
  "run-energy": 100,
  "music": false,
  "sounds": false,
  "auto-retaliate": true,
  "xp-locked": false,
  "veng-cast": false,
  "last-veng": 1519478125428,
  "fight-type": "PICKAXE_IMPALE",
  "sol-effect": 0,
  "skull-timer": 0,
  "accept-aid": false,
  "venom-damage": 0,
  "venom-immunity": 0,
  "poison-damage": 0,
  "poison-immunity": 0,
  "overload-timer": 0,
  "fire-immunity": 0,
  "fire-damage-mod": 0,
  "prayer-renewal-timer": 0,
  "teleblock-timer": 0,
  "special-amount": 100,
  "entered-gwd-room": false,
  "gwd-altar-delay": 0,
  "gwd-killcount": [
    0,
    0,
    0,
    0
  ],
  "effigy": 0,
  "summon-npc": -1,
  "summon-death": -1,
  "process-farming": false,
  "clanchat": "Help",
  "autocast": false,
  "autocast-spell": -1,
  "dfs-charges": 0,
  "coins-gambled": 0,
  "slayer-master": "VANNAKA",
  "slayer-task": "DEADLY_RED_SPIDER",
  "prev-slayer-task": "BANSHEE",
  "task-amount": 49,
  "task-streak": 6,
  "duo-partner": "null",
  "double-slay-xp": false,
  "recoil-deg": 0,
  "brawler-deg": [
    0,
    0,
    0,
    0,
    0,
    0,
    0,
    0,
    0
  ],
  "killed-players": [
    "D"
  ],
  "killed-gods": [
    false,
    false,
    false,
    false,
    false
  ],
  "barrows-brother": [
    [
      2030,
      0
    ],
    [
      2029,
      0
    ],
    [
      2028,
      0
    ],
    [
      2027,
      0
    ],
    [
      2026,
      0
    ],
    [
      2025,
      0
    ]
  ],
  "random-coffin": 0,
  "barrows-killcount": 0,
  "nomad": [
    false,
    false
  ],
  "recipe-for-disaster": [
    true,
    true,
    false,
    true,
    true,
    true,
    true,
    true,
    true
  ],
  "recipe-for-disaster-wave": 6,
  "dung-items-bound": [
    0,
    0,
    0,
    0,
    0
  ],
  "rune-ess": 0,
  "pure-ess": 0,
  "has-bank-pin": false,
  "last-pin-attempt": 0,
  "invalid-pin-attempts": 0,
  "bank-pin": [
    0,
    0,
    0,
    0
  ],
  "appearance": [
    0,
    1,
    18,
    27,
    33,
    36,
    42,
    11,
    1,
    1,
    2,
    0,
    0
  ],
  "agility-obj": [
    false,
    false,
    false,
    false,
    false,
    false,
    false
  ],
  "skills": {
    "level": [
      99,
      99,
      99,
      990,
      99,
      990,
      99,
      99,
      99,
      99,
      99,
      99,
      99,
      99,
      99,
      99,
      99,
      99,
      99,
      99,
      99,
      99,
      99,
      99,
      99
    ],
    "maxLevel": [
      99,
      99,
      99,
      990,
      99,
      990,
      99,
      99,
      99,
      99,
      99,
      99,
      99,
      99,
      99,
      99,
      99,
      99,
      99,
      99,
      99,
      99,
      99,
      99,
      99
    ],
    "experience": [
      32361917,
      63475402,
      49987898,
      711788547,
      1000000000,
      21775855,
      14526893,
      43694525,
      26027158,
      16490551,
      16415803,
      14647500,
      27212033,
      15654247,
      23081739,
      13153320,
      13299251,
      14416990,
      13299562,
      14559065,
      13668677,
      15331827,
      16862697,
      15789058,
      15331827
    ]
  },
  "inventory": [
    {
      "id": 13727,
      "amount": 83,
      "slot": 0
    },
    {
      "id": -1,
      "amount": 0,
      "slot": 0
    },
    {
      "id": -1,
      "amount": 0,
      "slot": 0
    },
    {
      "id": -1,
      "amount": 0,
      "slot": 0
    },
    {
      "id": -1,
      "amount": 0,
      "slot": 0
    },
    {
      "id": -1,
      "amount": 0,
      "slot": 0
    },
    {
      "id": -1,
      "amount": 0,
      "slot": 0
    },
    {
      "id": -1,
      "amount": 0,
      "slot": 0
    },
    {
      "id": -1,
      "amount": 0,
      "slot": 0
    },
    {
      "id": -1,
      "amount": 0,
      "slot": 0
    },
    {
      "id": -1,
      "amount": 0,
      "slot": 0
    },
    {
      "id": -1,
      "amount": 0,
      "slot": 0
    },
    {
      "id": -1,
      "amount": 0,
      "slot": 0
    },
    {
      "id": -1,
      "amount": 0,
      "slot": 0
    },
    {
      "id": -1,
      "amount": 0,
      "slot": 0
    },
    {
      "id": -1,
      "amount": 0,
      "slot": 0
    },
    {
      "id": -1,
      "amount": 0,
      "slot": 0
    },
    {
      "id": -1,
      "amount": 0,
      "slot": 0
    },
    {
      "id": -1,
      "amount": 0,
      "slot": 0
    },
    {
      "id": -1,
      "amount": 0,
      "slot": 0
    },
    {
      "id": -1,
      "amount": 0,
      "slot": 0
    },
    {
      "id": -1,
      "amount": 0,
      "slot": 0
    },
    {
      "id": -1,
      "amount": 0,
      "slot": 0
    },
    {
      "id": -1,
      "amount": 0,
      "slot": 0
    },
    {
      "id": -1,
      "amount": 0,
      "slot": 0
    },
    {
      "id": -1,
      "amount": 0,
      "slot": 0
    },
    {
      "id": -1,
      "amount": 0,
      "slot": 0
    },
    {
      "id": -1,
      "amount": 0,
      "slot": 0
    }
  ],
  "equipment": [
    {
      "id": 11664,
      "amount": 1,
      "slot": 0
    },
    {
      "id": 14019,
      "amount": 1,
      "slot": 0
    },
    {
      "id": 15126,
      "amount": 1,
      "slot": 0
    },
    {
      "id": 1275,
      "amount": 1,
      "slot": 0
    },
    {
      "id": 19785,
      "amount": 1,
      "slot": 0
    },
    {
      "id": -1,
      "amount": 0,
      "slot": 0
    },
    {
      "id": -1,
      "amount": 0,
      "slot": 0
    },
    {
      "id": 19786,
      "amount": 1,
      "slot": 0
    },
    {
      "id": -1,
      "amount": 0,
      "slot": 0
    },
    {
      "id": 8842,
      "amount": 1,
      "slot": 0
    },
    {
      "id": 2577,
      "amount": 1,
      "slot": 0
    },
    {
      "id": -1,
      "amount": 0,
      "slot": 0
    },
    {
      "id": 2572,
      "amount": 1,
      "slot": 0
    },
    {
      "id": -1,
      "amount": 0,
      "slot": 0
    }
  ],
  "bank-0": [
    {
      "id": 995,
      "amount": 168936416,
      "slot": 0
    },
    {
      "id": 12632,
      "amount": 20,
      "slot": 0
    },
    {
      "id": 5023,
      "amount": 1,
      "slot": 0
    },
    {
      "id": 952,
      "amount": 1,
      "slot": 0
    },
    {
      "id": 6192,
      "amount": 4,
      "slot": 0
    },
    {
      "id": 6194,
      "amount": 3,
      "slot": 0
    },
    {
      "id": 6190,
      "amount": 3,
      "slot": 0
    },
    {
      "id": 989,
      "amount": 0,
      "slot": 0
    },
    {
      "id": 18782,
      "amount": 0,
      "slot": 0
    },
    {
      "id": 985,
      "amount": 1,
      "slot": 0
    },
    {
      "id": 2690,
      "amount": 1,
      "slot": 0
    }
  ],
  "bank-1": [
    {
      "id": 4587,
      "amount": 1,
      "slot": 0
    },
    {
      "id": 5680,
      "amount": 1,
      "slot": 0
    },
    {
      "id": 4153,
      "amount": 2,
      "slot": 0
    },
    {
      "id": 14484,
      "amount": 1,
      "slot": 0
    },
    {
      "id": 1215,
      "amount": 1,
      "slot": 0
    },
    {
      "id": 1249,
      "amount": 3,
      "slot": 0
    },
    {
      "id": 4151,
      "amount": 2,
      "slot": 0
    },
    {
      "id": 1373,
      "amount": 1,
      "slot": 0
    },
    {
      "id": 13899,
      "amount": 2,
      "slot": 0
    }
  ],
  "bank-2": [
    {
      "id": 10828,
      "amount": 1,
      "slot": 0
    },
    {
      "id": 1127,
      "amount": 1,
      "slot": 0
    },
    {
      "id": 1079,
      "amount": 1,
      "slot": 0
    },
    {
      "id": 1201,
      "amount": 1,
      "slot": 0
    },
    {
      "id": 1704,
      "amount": 3,
      "slot": 0
    },
    {
      "id": 1725,
      "amount": 1,
      "slot": 0
    },
    {
      "id": 11732,
      "amount": 2,
      "slot": 0
    },
    {
      "id": 6524,
      "amount": 1,
      "slot": 0
    },
    {
      "id": 7462,
      "amount": 1,
      "slot": 0
    },
    {
      "id": 4391,
      "amount": 1,
      "slot": 0
    },
    {
      "id": 1185,
      "amount": 1,
      "slot": 0
    },
    {
      "id": 10551,
      "amount": 6,
      "slot": 0
    },
    {
      "id": 3105,
      "amount": 1,
      "slot": 0
    },
    {
      "id": 6568,
      "amount": 1,
      "slot": 0
    },
    {
      "id": 11924,
      "amount": 1,
      "slot": 0
    },
    {
      "id": 11926,
      "amount": 1,
      "slot": 0
    },
    {
      "id": 2572,
      "amount": 0,
      "slot": 0
    },
    {
      "id": 3751,
      "amount": 1,
      "slot": 0
    },
    {
      "id": 11665,
      "amount": 1,
      "slot": 0
    },
    {
      "id": 11664,
      "amount": 0,
      "slot": 0
    },
    {
      "id": 19785,
      "amount": 0,
      "slot": 0
    },
    {
      "id": 19786,
      "amount": 0,
      "slot": 0
    },
    {
      "id": 8842,
      "amount": 0,
      "slot": 0
    },
    {
      "id": 11848,
      "amount": 0,
      "slot": 0
    },
    {
      "id": 4716,
      "amount": 10,
      "slot": 0
    },
    {
      "id": 4720,
      "amount": 10,
      "slot": 0
    },
    {
      "id": 4722,
      "amount": 10,
      "slot": 0
    },
    {
      "id": 4718,
      "amount": 10,
      "slot": 0
    }
  ],
  "bank-3": [
    {
      "id": 892,
      "amount": 7182,
      "slot": 0
    },
    {
      "id": 11212,
      "amount": 2026,
      "slot": 0
    },
    {
      "id": 9144,
      "amount": 1666,
      "slot": 0
    },
    {
      "id": 9244,
      "amount": 1296,
      "slot": 0
    },
    {
      "id": 9341,
      "amount": 710,
      "slot": 0
    },
    {
      "id": 868,
      "amount": 2543,
      "slot": 0
    },
    {
      "id": 2581,
      "amount": 6,
      "slot": 0
    },
    {
      "id": 2577,
      "amount": 5,
      "slot": 0
    },
    {
      "id": 10499,
      "amount": 1,
      "slot": 0
    },
    {
      "id": 2491,
      "amount": 1,
      "slot": 0
    },
    {
      "id": 4706,
      "amount": 1,
      "slot": 0
    },
    {
      "id": 1478,
      "amount": 1,
      "slot": 0
    },
    {
      "id": 9185,
      "amount": 1,
      "slot": 0
    },
    {
      "id": 2,
      "amount": 3718,
      "slot": 0
    },
    {
      "id": 19712,
      "amount": 1,
      "slot": 0
    },
    {
      "id": 8,
      "amount": 1,
      "slot": 0
    },
    {
      "id": 10,
      "amount": 1,
      "slot": 0
    },
    {
      "id": 6,
      "amount": 1,
      "slot": 0
    },
    {
      "id": 12,
      "amount": 1,
      "slot": 0
    },
    {
      "id": 11852,
      "amount": 0,
      "slot": 0
    },
    {
      "id": 4732,
      "amount": 10,
      "slot": 0
    },
    {
      "id": 4736,
      "amount": 10,
      "slot": 0
    },
    {
      "id": 4738,
      "amount": 10,
      "slot": 0
    },
    {
      "id": 4734,
      "amount": 10,
      "slot": 0
    },
    {
      "id": 15241,
      "amount": 1,
      "slot": 0
    },
    {
      "id": 16477,
      "amount": 2,
      "slot": 0
    }
  ],
  "bank-4": [
    {
      "id": 565,
      "amount": 8939,
      "slot": 0
    },
    {
      "id": 560,
      "amount": 9157,
      "slot": 0
    },
    {
      "id": 558,
      "amount": 7107,
      "slot": 0
    },
    {
      "id": 557,
      "amount": 4445,
      "slot": 0
    },
    {
      "id": 555,
      "amount": 11085,
      "slot": 0
    },
    {
      "id": 554,
      "amount": 14384,
      "slot": 0
    },
    {
      "id": 566,
      "amount": 5580,
      "slot": 0
    },
    {
      "id": 563,
      "amount": 1220,
      "slot": 0
    },
    {
      "id": 562,
      "amount": 9281,
      "slot": 0
    },
    {
      "id": 561,
      "amount": 1824,
      "slot": 0
    },
    {
      "id": 556,
      "amount": 4649,
      "slot": 0
    },
    {
      "id": 564,
      "amount": 4588,
      "slot": 0
    },
    {
      "id": 559,
      "amount": 6617,
      "slot": 0
    },
    {
      "id": 9075,
      "amount": 543,
      "slot": 0
    },
    {
      "id": 640,
      "amount": 1,
      "slot": 0
    },
    {
      "id": 650,
      "amount": 1,
      "slot": 0
    },
    {
      "id": 1383,
      "amount": 11,
      "slot": 0
    },
    {
      "id": 579,
      "amount": 0,
      "slot": 0
    },
    {
      "id": 577,
      "amount": 1,
      "slot": 0
    },
    {
      "id": 1011,
      "amount": 1,
      "slot": 0
    },
    {
      "id": 1381,
      "amount": 1,
      "slot": 0
    },
    {
      "id": 1391,
      "amount": 140,
      "slot": 0
    },
    {
      "id": 4105,
      "amount": 2,
      "slot": 0
    },
    {
      "id": 4091,
      "amount": 10,
      "slot": 0
    },
    {
      "id": 4093,
      "amount": 5,
      "slot": 0
    },
    {
      "id": 6889,
      "amount": 8,
      "slot": 0
    },
    {
      "id": 6914,
      "amount": 2,
      "slot": 0
    },
    {
      "id": 11846,
      "amount": 0,
      "slot": 0
    },
    {
      "id": 4708,
      "amount": 8,
      "slot": 0
    },
    {
      "id": 4712,
      "amount": 8,
      "slot": 0
    },
    {
      "id": 4714,
      "amount": 8,
      "slot": 0
    },
    {
      "id": 4710,
      "amount": 8,
      "slot": 0
    }
  ],
  "bank-5": [
    {
      "id": 379,
      "amount": 91,
      "slot": 0
    },
    {
      "id": 385,
      "amount": 337,
      "slot": 0
    },
    {
      "id": 15272,
      "amount": 491,
      "slot": 0
    },
    {
      "id": 373,
      "amount": 464,
      "slot": 0
    },
    {
      "id": 7944,
      "amount": 4137,
      "slot": 0
    },
    {
      "id": 391,
      "amount": 52,
      "slot": 0
    },
    {
      "id": 3028,
      "amount": 1,
      "slot": 0
    },
    {
      "id": 6685,
      "amount": 1021,
      "slot": 0
    },
    {
      "id": 2442,
      "amount": 10,
      "slot": 0
    },
    {
      "id": 2440,
      "amount": 10,
      "slot": 0
    },
    {
      "id": 2436,
      "amount": 10,
      "slot": 0
    },
    {
      "id": 3024,
      "amount": 6,
      "slot": 0
    },
    {
      "id": 141,
      "amount": 1,
      "slot": 0
    },
    {
      "id": 2434,
      "amount": 5,
      "slot": 0
    },
    {
      "id": 15332,
      "amount": 1,
      "slot": 0
    },
    {
      "id": 2454,
      "amount": 1,
      "slot": 0
    }
  ],
  "bank-6": [
    {
      "id": 11975,
      "amount": 3,
      "slot": 0
    },
    {
      "id": 11974,
      "amount": 1,
      "slot": 0
    }
  ],
  "bank-7": [
    {
      "id": 6188,
      "amount": 1,
      "slot": 0
    },
    {
      "id": 7332,
      "amount": 3,
      "slot": 0
    },
    {
      "id": 7338,
      "amount": 3,
      "slot": 0
    },
    {
      "id": 7350,
      "amount": 1,
      "slot": 0
    },
    {
      "id": 7356,
      "amount": 2,
      "slot": 0
    },
    {
      "id": 7334,
      "amount": 1,
      "slot": 0
    },
    {
      "id": 7368,
      "amount": 2,
      "slot": 0
    },
    {
      "id": 7003,
      "amount": 1,
      "slot": 0
    },
    {
      "id": 14595,
      "amount": 1,
      "slot": 0
    },
    {
      "id": 19325,
      "amount": 1,
      "slot": 0
    },
    {
      "id": 2637,
      "amount": 1,
      "slot": 0
    },
    {
      "id": 2633,
      "amount": 1,
      "slot": 0
    },
    {
      "id": 7394,
      "amount": 1,
      "slot": 0
    },
    {
      "id": 7390,
      "amount": 1,
      "slot": 0
    },
    {
      "id": 7396,
      "amount": 1,
      "slot": 0
    },
    {
      "id": 7392,
      "amount": 1,
      "slot": 0
    },
    {
      "id": 7388,
      "amount": 1,
      "slot": 0
    },
    {
      "id": 2579,
      "amount": 1,
      "slot": 0
    },
    {
      "id": 2669,
      "amount": 1,
      "slot": 0
    },
    {
      "id": 2653,
      "amount": 1,
      "slot": 0
    },
    {
      "id": 2655,
      "amount": 2,
      "slot": 0
    },
    {
      "id": 2659,
      "amount": 2,
      "slot": 0
    },
    {
      "id": 2665,
      "amount": 2,
      "slot": 0
    },
    {
      "id": 2661,
      "amount": 1,
      "slot": 0
    },
    {
      "id": 2663,
      "amount": 2,
      "slot": 0
    },
    {
      "id": 13101,
      "amount": 2,
      "slot": 0
    },
    {
      "id": 2595,
      "amount": 1,
      "slot": 0
    },
    {
      "id": 2591,
      "amount": 1,
      "slot": 0
    },
    {
      "id": 2587,
      "amount": 2,
      "slot": 0
    },
    {
      "id": 2589,
      "amount": 1,
      "slot": 0
    },
    {
      "id": 2585,
      "amount": 1,
      "slot": 0
    },
    {
      "id": 2605,
      "amount": 1,
      "slot": 0
    },
    {
      "id": 7364,
      "amount": 1,
      "slot": 0
    },
    {
      "id": 7362,
      "amount": 1,
      "slot": 0
    },
    {
      "id": 2631,
      "amount": 1,
      "slot": 0
    },
    {
      "id": 7409,
      "amount": 1,
      "slot": 0
    }
  ],
  "bank-8": [
    {
      "id": 1359,
      "amount": 1,
      "slot": 0
    },
    {
      "id": 18778,
      "amount": 0,
      "slot": 0
    },
    {
      "id": 6571,
      "amount": 9,
      "slot": 0
    },
    {
      "id": 18830,
      "amount": 50,
      "slot": 0
    },
    {
      "id": 2366,
      "amount": 2,
      "slot": 0
    },
    {
      "id": 534,
      "amount": 627,
      "slot": 0
    },
    {
      "id": 1275,
      "amount": 0,
      "slot": 0
    },
    {
      "id": 536,
      "amount": 554,
      "slot": 0
    },
    {
      "id": 7936,
      "amount": 5330,
      "slot": 0
    },
    {
      "id": 532,
      "amount": 280,
      "slot": 0
    },
    {
      "id": 11710,
      "amount": 1,
      "slot": 0
    },
    {
      "id": 25,
      "amount": 0,
      "slot": 0
    },
    {
      "id": 18779,
      "amount": 0,
      "slot": 0
    },
    {
      "id": 18780,
      "amount": 9,
      "slot": 0
    },
    {
      "id": 3051,
      "amount": 0,
      "slot": 0
    },
    {
      "id": 451,
      "amount": 0,
      "slot": 0
    },
    {
      "id": 2361,
      "amount": 0,
      "slot": 0
    },
    {
      "id": 1515,
      "amount": 0,
      "slot": 0
    },
    {
      "id": 5321,
      "amount": 0,
      "slot": 0
    },
    {
      "id": 401,
      "amount": 0,
      "slot": 0
    },
    {
      "id": 207,
      "amount": 0,
      "slot": 0
    },
    {
      "id": 1513,
      "amount": 0,
      "slot": 0
    },
    {
      "id": 1777,
      "amount": 0,
      "slot": 0
    },
    {
      "id": 5304,
      "amount": 0,
      "slot": 0
    },
    {
      "id": 1619,
      "amount": 0,
      "slot": 0
    },
    {
      "id": 217,
      "amount": 0,
      "slot": 0
    },
    {
      "id": 453,
      "amount": 0,
      "slot": 0
    },
    {
      "id": 211,
      "amount": 0,
      "slot": 0
    },
    {
      "id": 449,
      "amount": 0,
      "slot": 0
    },
    {
      "id": 1631,
      "amount": 0,
      "slot": 0
    },
    {
      "id": 215,
      "amount": 0,
      "slot": 0
    },
    {
      "id": 1623,
      "amount": 0,
      "slot": 0
    },
    {
      "id": 5316,
      "amount": 0,
      "slot": 0
    },
    {
      "id": 199,
      "amount": 0,
      "slot": 0
    },
    {
      "id": 205,
      "amount": 0,
      "slot": 0
    },
    {
      "id": 209,
      "amount": 0,
      "slot": 0
    },
    {
      "id": 213,
      "amount": 0,
      "slot": 0
    },
    {
      "id": 219,
      "amount": 0,
      "slot": 0
    },
    {
      "id": 1617,
      "amount": 0,
      "slot": 0
    },
    {
      "id": 2363,
      "amount": 0,
      "slot": 0
    },
    {
      "id": 201,
      "amount": 0,
      "slot": 0
    },
    {
      "id": 447,
      "amount": 0,
      "slot": 0
    },
    {
      "id": 18781,
      "amount": 0,
      "slot": 0
    }
  ],
  "ge-slots": [
    {
      "state": "EMPTY"
    },
    {
      "state": "EMPTY"
    },
    {
      "state": "EMPTY"
    },
    {
      "state": "EMPTY"
    },
    {
      "state": "EMPTY"
    },
    {
      "state": "EMPTY"
    }
  ],
  "charm-imp": [
    0,
    0,
    0,
    0
  ],
  "friends": [
    3459744434449378770,
    26,
    279820018,
    1485,
    362245614849301016,
    69992,
    19225768000,
    4,
    1449273728074949807,
    26061,
    161432599,
    108610086505,
    50235930529,
    6402017,
    860870466,
    21261
  ],
  "ignores": [],
  "loyalty-titles": [
    false,
    true,
    false,
    false,
    false,
    true,
    true,
    true,
    false,
    false,
    false,
    false
  ],
  "kills": [
    {
      "npcName": "Scorpia",
      "amount": 238,
      "boss": true
    },
    {
      "npcName": "Zulrah",
      "amount": 392,
      "boss": true
    },
    {
      "npcName": "Portal",
      "amount": 25,
      "boss": true
    },
    {
      "npcName": "Culinaromancer",
      "amount": 1,
      "boss": true
    },
    {
      "npcName": "Rock Crab",
      "amount": 118,
      "boss": false
    },
    {
      "npcName": "Banshee",
      "amount": 116,
      "boss": false
    },
    {
      "npcName": "Experiment",
      "amount": 55,
      "boss": false
    },
    {
      "npcName": "Ghoul",
      "amount": 53,
      "boss": false
    },
    {
      "npcName": "Snakeling",
      "amount": 91,
      "boss": false
    },
    {
      "npcName": "Hobgoblin",
      "amount": 42,
      "boss": false
    },
    {
      "npcName": "Giant spider",
      "amount": 1,
      "boss": false
    },
    {
      "npcName": "Zombie",
      "amount": 1,
      "boss": false
    },
    {
      "npcName": "Chicken",
      "amount": 1,
      "boss": false
    },
    {
      "npcName": "Phoenix",
      "amount": 8,
      "boss": true
    }
  ],
  "drops": [
    {
      "item": 995,
      "amount": 645260650,
      "rareDrop": false
    },
    {
      "item": 6571,
      "amount": 6,
      "rareDrop": true
    },
    {
      "item": 2362,
      "amount": 928,
      "rareDrop": false
    },
    {
      "item": 452,
      "amount": 1176,
      "rareDrop": false
    },
    {
      "item": 1778,
      "amount": 6272,
      "rareDrop": false
    },
    {
      "item": 1514,
      "amount": 2100,
      "rareDrop": false
    },
    {
      "item": 1516,
      "amount": 2730,
      "rareDrop": false
    },
    {
      "item": 2364,
      "amount": 132,
      "rareDrop": false
    },
    {
      "item": 11732,
      "amount": 1,
      "rareDrop": true
    },
    {
      "item": 384,
      "amount": 1950,
      "rareDrop": false
    },
    {
      "item": 3052,
      "amount": 120,
      "rareDrop": false
    },
    {
      "item": 443,
      "amount": 1350,
      "rareDrop": false
    },
    {
      "item": 7956,
      "amount": 257,
      "rareDrop": false
    },
    {
      "item": 208,
      "amount": 150,
      "rareDrop": false
    },
    {
      "item": 565,
      "amount": 5028,
      "rareDrop": false
    },
    {
      "item": 5316,
      "amount": 90,
      "rareDrop": false
    },
    {
      "item": 556,
      "amount": 19764,
      "rareDrop": false
    },
    {
      "item": 1392,
      "amount": 400,
      "rareDrop": false
    },
    {
      "item": 441,
      "amount": 494,
      "rareDrop": false
    },
    {
      "item": 7937,
      "amount": 5702,
      "rareDrop": false
    },
    {
      "item": 562,
      "amount": 4006,
      "rareDrop": false
    },
    {
      "item": 2581,
      "amount": 6,
      "rareDrop": true
    },
    {
      "item": 2361,
      "amount": 10,
      "rareDrop": false
    },
    {
      "item": 386,
      "amount": 332,
      "rareDrop": false
    },
    {
      "item": 25,
      "amount": 87,
      "rareDrop": false
    },
    {
      "item": 892,
      "amount": 551,
      "rareDrop": false
    },
    {
      "item": 5321,
      "amount": 576,
      "rareDrop": false
    },
    {
      "item": 985,
      "amount": 20,
      "rareDrop": false
    },
    {
      "item": 1303,
      "amount": 33,
      "rareDrop": false
    },
    {
      "item": 560,
      "amount": 5177,
      "rareDrop": false
    },
    {
      "item": 554,
      "amount": 7707,
      "rareDrop": false
    },
    {
      "item": 989,
      "amount": 28,
      "rareDrop": false
    },
    {
      "item": 2485,
      "amount": 11,
      "rareDrop": false
    },
    {
      "item": 207,
      "amount": 6,
      "rareDrop": false
    },
    {
      "item": 1373,
      "amount": 18,
      "rareDrop": false
    },
    {
      "item": 3138,
      "amount": 10,
      "rareDrop": false
    },
    {
      "item": 1201,
      "amount": 4,
      "rareDrop": false
    },
    {
      "item": 2366,
      "amount": 6,
      "rareDrop": false
    },
    {
      "item": 1185,
      "amount": 15,
      "rareDrop": false
    },
    {
      "item": 213,
      "amount": 6,
      "rareDrop": false
    },
    {
      "item": 1631,
      "amount": 14,
      "rareDrop": false
    },
    {
      "item": 884,
      "amount": 8400,
      "rareDrop": false
    },
    {
      "item": 987,
      "amount": 12,
      "rareDrop": false
    },
    {
      "item": 15272,
      "amount": 10,
      "rareDrop": false
    },
    {
      "item": 566,
      "amount": 800,
      "rareDrop": false
    },
    {
      "item": 526,
      "amount": 110,
      "rareDrop": false
    },
    {
      "item": 211,
      "amount": 4,
      "rareDrop": false
    },
    {
      "item": 1462,
      "amount": 9,
      "rareDrop": false
    },
    {
      "item": 563,
      "amount": 476,
      "rareDrop": false
    },
    {
      "item": 1617,
      "amount": 11,
      "rareDrop": false
    },
    {
      "item": 561,
      "amount": 188,
      "rareDrop": false
    },
    {
      "item": 209,
      "amount": 4,
      "rareDrop": false
    },
    {
      "item": 886,
      "amount": 1560,
      "rareDrop": false
    },
    {
      "item": 4105,
      "amount": 6,
      "rareDrop": false
    },
    {
      "item": 2434,
      "amount": 15,
      "rareDrop": false
    },
    {
      "item": 215,
      "amount": 4,
      "rareDrop": false
    },
    {
      "item": 205,
      "amount": 4,
      "rareDrop": false
    },
    {
      "item": 4091,
      "amount": 13,
      "rareDrop": false
    },
    {
      "item": 1618,
      "amount": 15,
      "rareDrop": false
    },
    {
      "item": 402,
      "amount": 252,
      "rareDrop": false
    },
    {
      "item": 5295,
      "amount": 5,
      "rareDrop": false
    },
    {
      "item": 1383,
      "amount": 70,
      "rareDrop": false
    },
    {
      "item": 392,
      "amount": 32,
      "rareDrop": false
    },
    {
      "item": 203,
      "amount": 5,
      "rareDrop": false
    },
    {
      "item": 201,
      "amount": 6,
      "rareDrop": false
    },
    {
      "item": 454,
      "amount": 79,
      "rareDrop": false
    },
    {
      "item": 1369,
      "amount": 20,
      "rareDrop": false
    },
    {
      "item": 437,
      "amount": 23,
      "rareDrop": false
    },
    {
      "item": 1454,
      "amount": 4,
      "rareDrop": false
    },
    {
      "item": 1619,
      "amount": 12,
      "rareDrop": false
    },
    {
      "item": 199,
      "amount": 4,
      "rareDrop": false
    },
    {
      "item": 1621,
      "amount": 13,
      "rareDrop": false
    },
    {
      "item": 1357,
      "amount": 11,
      "rareDrop": false
    },
    {
      "item": 391,
      "amount": 8,
      "rareDrop": false
    },
    {
      "item": 311,
      "amount": 45,
      "rareDrop": false
    },
    {
      "item": 564,
      "amount": 8,
      "rareDrop": false
    },
    {
      "item": 439,
      "amount": 9,
      "rareDrop": false
    },
    {
      "item": 403,
      "amount": 16,
      "rareDrop": false
    },
    {
      "item": 405,
      "amount": 4,
      "rareDrop": false
    },
    {
      "item": 15188,
      "amount": 5,
      "rareDrop": false
    },
    {
      "item": 1623,
      "amount": 10,
      "rareDrop": false
    },
    {
      "item": 830,
      "amount": 9,
      "rareDrop": false
    },
    {
      "item": 805,
      "amount": 4,
      "rareDrop": false
    },
    {
      "item": 1191,
      "amount": 10,
      "rareDrop": false
    },
    {
      "item": 313,
      "amount": 87,
      "rareDrop": false
    },
    {
      "item": 45,
      "amount": 25,
      "rareDrop": false
    },
    {
      "item": 1203,
      "amount": 12,
      "rareDrop": false
    },
    {
      "item": 1625,
      "amount": 13,
      "rareDrop": false
    },
    {
      "item": 407,
      "amount": 3,
      "rareDrop": false
    },
    {
      "item": 1349,
      "amount": 1,
      "rareDrop": false
    },
    {
      "item": 1420,
      "amount": 11,
      "rareDrop": false
    },
    {
      "item": 12158,
      "amount": 152,
      "rareDrop": false
    },
    {
      "item": 12163,
      "amount": 65,
      "rareDrop": false
    },
    {
      "item": 12159,
      "amount": 103,
      "rareDrop": false
    },
    {
      "item": 12160,
      "amount": 60,
      "rareDrop": false
    },
    {
      "item": 11974,
      "amount": 1,
      "rareDrop": true
    },
    {
      "item": 18778,
      "amount": 30,
      "rareDrop": false
    },
    {
      "item": 6889,
      "amount": 7,
      "rareDrop": true
    }
  ],
  "achievements-completion": [
    false,
    false,
    false,
    false,
    false,
    false,
    false,
    true,
    false,
    false,
    false,
    false,
    false,
    false,
    false,
    true,
    false,
    false,
    false,
    true,
    false,
    true,
    true,
    true,
    true,
    true,
    true,
    true,
    true,
    false,
    false,
    false,
    false,
    false,
    false,
    true,
    false,
    false,
    false,
    false,
    false,
    false,
    false,
    false,
    true,
    false,
    false,
    false,
    false,
    false,
    false,
    true,
    true,
    false,
    false,
    false,
    false,
    true,
    false,
    false,
    false,
    false,
    false,
    false,
    false,
    false,
    false,
    false,
    false,
    false,
    false,
    false,
    false,
    false,
    false,
    false,
    false,
    false,
    false,
    false,
    false,
    false,
    false,
    false,
    false,
    false,
    false,
    false,
    false,
    false,
    false,
    false,
    false,
    false,
    false,
    true,
    true,
    false,
    true,
    false,
    false
  ],
  "achievements-progress": [
    980,
    953,
    993,
    0,
    0,
    1,
    0,
    0,
    24,
    0,
    0,
    0,
    0,
    0,
    0,
    0,
    139,
    0,
    0,
    0,
    0,
    99961,
    99875,
    4388,
    1,
    0,
    1,
    0,
    0,
    488,
    0,
    0,
    0,
    0,
    0,
    0,
    0,
    0,
    0,
    0,
    0,
    0,
    0,
    308542,
    3111545,
    4617,
    1,
    0,
    0,
    1147,
    499,
    0,
    4
  ],
  "max-cape-colors": [
    43932,
    40703,
    43790,
    44927
  ],
  "comp-cape-colors": [
    65214,
    65200,
    65186,
    62995
  ],
  "player-title": "@or2@ApeX",
  "set-home": {
    "x": 2719,
    "y": 5313,
    "z": 0
  }
}