{
  "total-play-time-ms": 525674183,
  "username": "Conor",
  "password": "CjG1997",
  "email": "null",
  "staff-rights": "MANAGER",
  "game-mode": "NORMAL",
  "boss-points": 163,
  "loyalty-title": "NONE",
  "position": {
    "x": 2717,
    "y": 5316,
    "z": 0
  },
  "online-status": "ON",
  "yell-title": "MANAGER",
  "given-starter": true,
  "is-instanced": false,
  "money-pouch": 27228845313,
  "donated": 2260,
  "password-reset": 2,
  "minutes-bonus-exp": -1,
  "total-gained-exp": -1169999103,
  "prestige-points": 0,
  "achievement-points": 23,
  "dung-tokens": 0,
  "commendations": 0,
  "loyalty-points": 82276,
  "total-loyalty-points": 82278.0,
  "voting-points": 3,
  "slayer-points": 0,
  "hide-player": false,
  "pk-points": 1,
  "donation-points": 48850,
  "trivia-points": 76,
  "cluescompleted": 45,
  "player-kills": 1,
  "player-killstreak": 0,
  "player-deaths": 3,
  "target-percentage": 0,
  "bh-rank": 0,
  "gender": "MALE",
  "spell-book": "ANCIENT",
  "shop-updated": false,
  "shop-earnings": 0,
  "prayer-book": "CURSES",
  "running": true,
  "run-energy": 100,
  "music": false,
  "sounds": false,
  "auto-retaliate": false,
  "xp-locked": false,
  "veng-cast": false,
  "last-veng": 1519873501137,
  "fight-type": "UNARMED_KICK",
  "sol-effect": 0,
  "skull-timer": 50,
  "accept-aid": false,
  "venom-damage": 0,
  "venom-immunity": 0,
  "poison-damage": 0,
  "poison-immunity": 0,
  "overload-timer": 0,
  "fire-immunity": 0,
  "fire-damage-mod": 0,
  "prayer-renewal-timer": 0,
  "teleblock-timer": 0,
  "special-amount": 100,
  "entered-gwd-room": false,
  "gwd-altar-delay": 0,
  "gwd-killcount": [
    0,
    0,
    0,
    0
  ],
  "effigy": 0,
  "summon-npc": -1,
  "summon-death": -1,
  "process-farming": false,
  "clanchat": "Help",
  "autocast": false,
  "autocast-spell": -1,
  "dfs-charges": 0,
  "coins-gambled": 0,
  "slayer-master": "DURADEL",
  "slayer-task": "NO_TASK",
  "prev-slayer-task": "NO_TASK",
  "task-amount": 0,
  "task-streak": 0,
  "duo-partner": "null",
  "double-slay-xp": false,
  "recoil-deg": 0,
  "brawler-deg": [
    0,
    0,
    0,
    0,
    0,
    0,
    0,
    0,
    0
  ],
  "killed-players": [
    "Ace"
  ],
  "killed-gods": [
    false,
    false,
    false,
    true,
    false
  ],
  "barrows-brother": [
    [
      2030,
      0
    ],
    [
      2029,
      0
    ],
    [
      2028,
      0
    ],
    [
      2027,
      0
    ],
    [
      2026,
      0
    ],
    [
      2025,
      0
    ]
  ],
  "random-coffin": 1,
  "barrows-killcount": 0,
  "nomad": [
    true,
    true
  ],
  "recipe-for-disaster": [
    true,
    true,
    false,
    true,
    true,
    true,
    true,
    true,
    true
  ],
  "recipe-for-disaster-wave": 6,
  "dung-items-bound": [
    0,
    0,
    0,
    0,
    0
  ],
  "rune-ess": 0,
  "pure-ess": 0,
  "has-bank-pin": false,
  "last-pin-attempt": 0,
  "invalid-pin-attempts": 0,
  "bank-pin": [
    0,
    0,
    0,
    0
  ],
  "appearance": [
    0,
    0,
    18,
    26,
    33,
    36,
    42,
    10,
    0,
    12,
    0,
    0,
    7
  ],
  "agility-obj": [
    false,
    false,
    false,
    false,
    false,
    false,
    false
  ],
  "skills": {
    "level": [
      99,
      99,
      9999,
      143671,
      99,
      9999,
      9999,
      99,
      99,
      99,
      99,
      99,
      99,
      99,
      99,
      99,
      99,
      99,
      99,
      99,
      99,
      99,
      99,
      99,
      99
    ],
    "maxLevel": [
      99,
      99,
      9999,
      990,
      99,
      9999,
      9999,
      99,
      99,
      99,
      99,
      99,
      99,
      99,
      99,
      99,
      99,
      99,
      99,
      99,
      99,
      99,
      99,
      99,
      99
    ],
    "experience": [
      15264195,
      15264195,
      550351203,
      29182585,
      13083945,
      536870911,
      542562433,
      13034431,
      13034431,
      13034431,
      13034431,
      13034431,
      13034431,
      13034431,
      13034431,
      13034431,
      13034431,
      13034431,
      13034431,
      13034431,
      13034431,
      13034431,
      13034431,
      13034431,
      13034431
    ]
  },
  "inventory": [
    {
      "id": 13263,
      "amount": 1,
      "slot": 0
    },
    {
      "id": 565,
      "amount": 10,
      "slot": 0
    },
    {
      "id": 6585,
      "amount": 1,
      "slot": 0
    },
    {
      "id": 13890,
      "amount": 1,
      "slot": 0
    },
    {
      "id": 2914,
      "amount": 1,
      "slot": 0
    },
    {
      "id": 2922,
      "amount": 1,
      "slot": 0
    },
    {
      "id": 4587,
      "amount": 1,
      "slot": 0
    },
    {
      "id": 20000,
      "amount": 1,
      "slot": 0
    },
    {
      "id": 10551,
      "amount": 1,
      "slot": 0
    },
    {
      "id": 19112,
      "amount": 1,
      "slot": 0
    },
    {
      "id": -1,
      "amount": 0,
      "slot": 0
    },
    {
      "id": 7462,
      "amount": 1,
      "slot": 0
    },
    {
      "id": 2572,
      "amount": 1,
      "slot": 0
    },
    {
      "id": 11354,
      "amount": 1,
      "slot": 0
    },
    {
      "id": 4151,
      "amount": 1,
      "slot": 0
    },
    {
      "id": 18747,
      "amount": 1,
      "slot": 0
    },
    {
      "id": 6585,
      "amount": 1,
      "slot": 0
    },
    {
      "id": 560,
      "amount": 10,
      "slot": 0
    },
    {
      "id": 9075,
      "amount": 10,
      "slot": 0
    },
    {
      "id": 554,
      "amount": 10,
      "slot": 0
    },
    {
      "id": 555,
      "amount": 10,
      "slot": 0
    },
    {
      "id": 566,
      "amount": 10,
      "slot": 0
    },
    {
      "id": 563,
      "amount": 10,
      "slot": 0
    },
    {
      "id": 562,
      "amount": 10,
      "slot": 0
    },
    {
      "id": -1,
      "amount": 0,
      "slot": 0
    },
    {
      "id": -1,
      "amount": 0,
      "slot": 0
    },
    {
      "id": -1,
      "amount": 0,
      "slot": 0
    },
    {
      "id": -1,
      "amount": 0,
      "slot": 0
    }
  ],
  "equipment": [
    {
      "id": 14049,
      "amount": 1,
      "slot": 0
    },
    {
      "id": 14022,
      "amount": 1,
      "slot": 0
    },
    {
      "id": 19888,
      "amount": 1,
      "slot": 0
    },
    {
      "id": 4084,
      "amount": 1,
      "slot": 0
    },
    {
      "id": 9924,
      "amount": 1,
      "slot": 0
    },
    {
      "id": -1,
      "amount": 0,
      "slot": 0
    },
    {
      "id": -1,
      "amount": 0,
      "slot": 0
    },
    {
      "id": 9923,
      "amount": 1,
      "slot": 0
    },
    {
      "id": -1,
      "amount": 0,
      "slot": 0
    },
    {
      "id": 9922,
      "amount": 1,
      "slot": 0
    },
    {
      "id": 9921,
      "amount": 1,
      "slot": 0
    },
    {
      "id": -1,
      "amount": 0,
      "slot": 0
    },
    {
      "id": 2568,
      "amount": 1,
      "slot": 0
    },
    {
      "id": -1,
      "amount": 0,
      "slot": 0
    }
  ],
  "bank-0": [],
  "bank-1": [],
  "bank-2": [],
  "bank-3": [],
  "bank-4": [],
  "bank-5": [],
  "bank-6": [],
  "bank-7": [],
  "bank-8": [],
  "ge-slots": [
    {
      "state": "EMPTY"
    },
    {
      "state": "EMPTY"
    },
    {
      "state": "EMPTY"
    },
    {
      "state": "EMPTY"
    },
    {
      "state": "EMPTY"
    },
    {
      "state": "EMPTY"
    }
  ],
  "charm-imp": [
    0,
    0,
    0,
    0
  ],
  "friends": [
    1047411,
    279820018,
    1832575858410,
    4,
    1485,
    860870466,
    108610086505,
    49203392,
    4672448,
    1813042564,
    23271028,
    2523313565405800
  ],
  "ignores": [],
  "loyalty-titles": [
    false,
    true,
    false,
    false,
    false,
    false,
    false,
    false,
    false,
    false,
    false,
    false
  ],
  "kills": [
    {
      "npcName": "Cerberus",
      "amount": 31,
      "boss": true
    },
    {
      "npcName": "Bandos Avatar",
      "amount": 21,
      "boss": true
    },
    {
      "npcName": "King Black Dragon",
      "amount": 15,
      "boss": true
    },
    {
      "npcName": "Zulrah",
      "amount": 38,
      "boss": true
    },
    {
      "npcName": "Glacor",
      "amount": 8,
      "boss": true
    },
    {
      "npcName": "Bork",
      "amount": 8,
      "boss": true
    },
    {
      "npcName": "Skotizo",
      "amount": 8,
      "boss": true
    },
    {
      "npcName": "Blitz",
      "amount": 3,
      "boss": true
    },
    {
      "npcName": "Corporeal Beast",
      "amount": 5,
      "boss": true
    },
    {
      "npcName": "Death",
      "amount": 8,
      "boss": true
    },
    {
      "npcName": "Frost dragon",
      "amount": 3,
      "boss": true
    },
    {
      "npcName": "Slash Bash",
      "amount": 6,
      "boss": true
    },
    {
      "npcName": "Abyssal Sire",
      "amount": 1,
      "boss": true
    },
    {
      "npcName": "Barrelchest",
      "amount": 3,
      "boss": true
    },
    {
      "npcName": "Cobra",
      "amount": 1,
      "boss": true
    },
    {
      "npcName": "Culinaromancer",
      "amount": 1,
      "boss": true
    },
    {
      "npcName": "Fear",
      "amount": 1,
      "boss": true
    },
    {
      "npcName": "Kalphite Queen",
      "amount": 1,
      "boss": true
    },
    {
      "npcName": "Phoenix",
      "amount": 1,
      "boss": true
    },
    {
      "npcName": "Scorpia",
      "amount": 1,
      "boss": true
    },
    {
      "npcName": "Venenatis",
      "amount": 1,
      "boss": true
    },
    {
      "npcName": "WildyWyrm",
      "amount": 2,
      "boss": true
    },
    {
      "npcName": "Rock Crab",
      "amount": 188,
      "boss": false
    },
    {
      "npcName": "Zombie",
      "amount": 16,
      "boss": false
    },
    {
      "npcName": "Skeleton",
      "amount": 15,
      "boss": false
    },
    {
      "npcName": "Black Demon",
      "amount": 9,
      "boss": false
    },
    {
      "npcName": "Invrigar the Necromancer",
      "amount": 4,
      "boss": false
    },
    {
      "npcName": "Necromancer",
      "amount": 4,
      "boss": false
    },
    {
      "npcName": "Green dragon",
      "amount": 3,
      "boss": false
    },
    {
      "npcName": "Snakeling",
      "amount": 2,
      "boss": false
    },
    {
      "npcName": "Vampire",
      "amount": 2,
      "boss": false
    },
    {
      "npcName": "Chaos druid",
      "amount": 1,
      "boss": false
    },
    {
      "npcName": "Imp",
      "amount": 4,
      "boss": false
    },
    {
      "npcName": "Lizardman Shaman",
      "amount": 3,
      "boss": true
    },
    {
      "npcName": "Tormented Demon",
      "amount": 3,
      "boss": true
    },
    {
      "npcName": "Dagannoth Prime",
      "amount": 1,
      "boss": true
    },
    {
      "npcName": "Dagannoth Supreme",
      "amount": 1,
      "boss": true
    },
    {
      "npcName": "Dagannoth Rex",
      "amount": 1,
      "boss": true
    },
    {
      "npcName": "Spinolyp",
      "amount": 1,
      "boss": false
    },
    {
      "npcName": "Unholy Cursebearer",
      "amount": 12,
      "boss": true
    },
    {
      "npcName": "Yrsa",
      "amount": 1,
      "boss": false
    },
    {
      "npcName": "Woman",
      "amount": 1,
      "boss": false
    },
    {
      "npcName": "Angry juvinate",
      "amount": 3,
      "boss": false
    },
    {
      "npcName": "Giant Mole",
      "amount": 8,
      "boss": true
    },
    {
      "npcName": "TzHaar-Ket",
      "amount": 5,
      "boss": false
    },
    {
      "npcName": "Ice giant",
      "amount": 2,
      "boss": false
    },
    {
      "npcName": "Nomad",
      "amount": 1,
      "boss": true
    },
    {
      "npcName": "Revenant Dark Beast",
      "amount": 2,
      "boss": true
    },
    {
      "npcName": "Revenant Goblin",
      "amount": 4,
      "boss": true
    },
    {
      "npcName": "Revenant Impling",
      "amount": 5,
      "boss": true
    },
    {
      "npcName": "Revenant Ork",
      "amount": 2,
      "boss": true
    },
    {
      "npcName": "K\u0027ril Tsutsuroth",
      "amount": 2,
      "boss": true
    },
    {
      "npcName": "Spiritual Mage",
      "amount": 10,
      "boss": false
    },
    {
      "npcName": "Gorak",
      "amount": 3,
      "boss": false
    },
    {
      "npcName": "Werewolf",
      "amount": 2,
      "boss": false
    },
    {
      "npcName": "Nezikchened",
      "amount": 22,
      "boss": false
    },
    {
      "npcName": "Battle mage",
      "amount": 1,
      "boss": false
    },
    {
      "npcName": "Plane-freezer Lakhrahnaz",
      "amount": 1,
      "boss": true
    },
    {
      "npcName": "Chaos Elemental",
      "amount": 1,
      "boss": true
    }
  ],
  "drops": [
    {
      "item": 536,
      "amount": 28,
      "rareDrop": false
    },
    {
      "item": 1747,
      "amount": 15,
      "rareDrop": false
    },
    {
      "item": 1185,
      "amount": 5,
      "rareDrop": false
    },
    {
      "item": 2361,
      "amount": 6,
      "rareDrop": false
    },
    {
      "item": 12158,
      "amount": 221,
      "rareDrop": false
    },
    {
      "item": 11286,
      "amount": 2,
      "rareDrop": true
    },
    {
      "item": 995,
      "amount": 196970750,
      "rareDrop": false
    },
    {
      "item": 563,
      "amount": 724,
      "rareDrop": false
    },
    {
      "item": 1149,
      "amount": 4,
      "rareDrop": false
    },
    {
      "item": 892,
      "amount": 387,
      "rareDrop": false
    },
    {
      "item": 385,
      "amount": 9,
      "rareDrop": false
    },
    {
      "item": 220,
      "amount": 35,
      "rareDrop": false
    },
    {
      "item": 565,
      "amount": 616,
      "rareDrop": false
    },
    {
      "item": 592,
      "amount": 52,
      "rareDrop": false
    },
    {
      "item": 443,
      "amount": 350,
      "rareDrop": false
    },
    {
      "item": 392,
      "amount": 12,
      "rareDrop": false
    },
    {
      "item": 25,
      "amount": 23,
      "rareDrop": false
    },
    {
      "item": 1357,
      "amount": 5,
      "rareDrop": false
    },
    {
      "item": 1369,
      "amount": 4,
      "rareDrop": false
    },
    {
      "item": 884,
      "amount": 1200,
      "rareDrop": false
    },
    {
      "item": 441,
      "amount": 150,
      "rareDrop": false
    },
    {
      "item": 12163,
      "amount": 56,
      "rareDrop": false
    },
    {
      "item": 1373,
      "amount": 3,
      "rareDrop": false
    },
    {
      "item": 1247,
      "amount": 1,
      "rareDrop": false
    },
    {
      "item": 386,
      "amount": 12,
      "rareDrop": false
    },
    {
      "item": 12159,
      "amount": 130,
      "rareDrop": false
    },
    {
      "item": 1303,
      "amount": 12,
      "rareDrop": false
    },
    {
      "item": 987,
      "amount": 3,
      "rareDrop": false
    },
    {
      "item": 1617,
      "amount": 2,
      "rareDrop": false
    },
    {
      "item": 1619,
      "amount": 9,
      "rareDrop": false
    },
    {
      "item": 1621,
      "amount": 10,
      "rareDrop": false
    },
    {
      "item": 1215,
      "amount": 2,
      "rareDrop": false
    },
    {
      "item": 560,
      "amount": 643,
      "rareDrop": false
    },
    {
      "item": 2368,
      "amount": 5,
      "rareDrop": false
    },
    {
      "item": 12160,
      "amount": 90,
      "rareDrop": false
    },
    {
      "item": 2485,
      "amount": 3,
      "rareDrop": false
    },
    {
      "item": 554,
      "amount": 838,
      "rareDrop": false
    },
    {
      "item": 391,
      "amount": 2,
      "rareDrop": false
    },
    {
      "item": 886,
      "amount": 750,
      "rareDrop": false
    },
    {
      "item": 1725,
      "amount": 2,
      "rareDrop": false
    },
    {
      "item": 537,
      "amount": 55,
      "rareDrop": false
    },
    {
      "item": 1516,
      "amount": 330,
      "rareDrop": false
    },
    {
      "item": 561,
      "amount": 90,
      "rareDrop": false
    },
    {
      "item": 9144,
      "amount": 582,
      "rareDrop": false
    },
    {
      "item": 1625,
      "amount": 19,
      "rareDrop": false
    },
    {
      "item": 403,
      "amount": 28,
      "rareDrop": false
    },
    {
      "item": 407,
      "amount": 11,
      "rareDrop": false
    },
    {
      "item": 985,
      "amount": 5,
      "rareDrop": false
    },
    {
      "item": 805,
      "amount": 11,
      "rareDrop": false
    },
    {
      "item": 313,
      "amount": 144,
      "rareDrop": false
    },
    {
      "item": 45,
      "amount": 27,
      "rareDrop": false
    },
    {
      "item": 526,
      "amount": 67,
      "rareDrop": false
    },
    {
      "item": 78,
      "amount": 250,
      "rareDrop": false
    },
    {
      "item": 2363,
      "amount": 3,
      "rareDrop": false
    },
    {
      "item": 1513,
      "amount": 1500,
      "rareDrop": false
    },
    {
      "item": 1580,
      "amount": 2,
      "rareDrop": false
    },
    {
      "item": 1602,
      "amount": 40,
      "rareDrop": false
    },
    {
      "item": 2364,
      "amount": 340,
      "rareDrop": false
    },
    {
      "item": 7937,
      "amount": 2050,
      "rareDrop": false
    },
    {
      "item": 2362,
      "amount": 256,
      "rareDrop": false
    },
    {
      "item": 1620,
      "amount": 70,
      "rareDrop": false
    },
    {
      "item": 1462,
      "amount": 5,
      "rareDrop": false
    },
    {
      "item": 1249,
      "amount": 2,
      "rareDrop": false
    },
    {
      "item": 439,
      "amount": 14,
      "rareDrop": false
    },
    {
      "item": 1601,
      "amount": 1,
      "rareDrop": false
    },
    {
      "item": 1361,
      "amount": 2,
      "rareDrop": false
    },
    {
      "item": 1113,
      "amount": 2,
      "rareDrop": false
    },
    {
      "item": 562,
      "amount": 514,
      "rareDrop": false
    },
    {
      "item": 1623,
      "amount": 9,
      "rareDrop": false
    },
    {
      "item": 830,
      "amount": 24,
      "rareDrop": false
    },
    {
      "item": 199,
      "amount": 4,
      "rareDrop": false
    },
    {
      "item": 18778,
      "amount": 4,
      "rareDrop": false
    },
    {
      "item": 454,
      "amount": 8,
      "rareDrop": false
    },
    {
      "item": 556,
      "amount": 467,
      "rareDrop": false
    },
    {
      "item": 208,
      "amount": 33,
      "rareDrop": false
    },
    {
      "item": 7956,
      "amount": 20,
      "rareDrop": false
    },
    {
      "item": 566,
      "amount": 100,
      "rareDrop": false
    },
    {
      "item": 452,
      "amount": 196,
      "rareDrop": false
    },
    {
      "item": 5321,
      "amount": 124,
      "rareDrop": false
    },
    {
      "item": 15271,
      "amount": 26,
      "rareDrop": false
    },
    {
      "item": 7945,
      "amount": 240,
      "rareDrop": false
    },
    {
      "item": 1383,
      "amount": 10,
      "rareDrop": false
    },
    {
      "item": 2434,
      "amount": 4,
      "rareDrop": false
    },
    {
      "item": 5316,
      "amount": 10,
      "rareDrop": false
    },
    {
      "item": 1514,
      "amount": 140,
      "rareDrop": false
    },
    {
      "item": 384,
      "amount": 150,
      "rareDrop": false
    },
    {
      "item": 311,
      "amount": 3,
      "rareDrop": false
    },
    {
      "item": 18830,
      "amount": 3,
      "rareDrop": false
    },
    {
      "item": 203,
      "amount": 1,
      "rareDrop": false
    },
    {
      "item": 7946,
      "amount": 3,
      "rareDrop": false
    },
    {
      "item": 890,
      "amount": 250,
      "rareDrop": false
    },
    {
      "item": 450,
      "amount": 830,
      "rareDrop": false
    },
    {
      "item": 5955,
      "amount": 200,
      "rareDrop": false
    },
    {
      "item": 1283,
      "amount": 1,
      "rareDrop": false
    },
    {
      "item": 209,
      "amount": 4,
      "rareDrop": false
    },
    {
      "item": 1197,
      "amount": 1,
      "rareDrop": false
    },
    {
      "item": 1147,
      "amount": 2,
      "rareDrop": false
    },
    {
      "item": 15486,
      "amount": 1,
      "rareDrop": true
    }
  ],
  "achievements-completion": [
    false,
    true,
    false,
    false,
    false,
    false,
    false,
    false,
    false,
    false,
    false,
    false,
    false,
    false,
    false,
    false,
    false,
    false,
    false,
    false,
    false,
    true,
    true,
    true,
    true,
    true,
    true,
    true,
    true,
    false,
    false,
    true,
    false,
    false,
    false,
    false,
    false,
    false,
    false,
    false,
    false,
    false,
    false,
    false,
    false,
    false,
    false,
    false,
    false,
    false,
    false,
    true,
    true,
    false,
    true,
    true,
    true,
    true,
    true,
    false,
    false,
    true,
    false,
    false,
    false,
    false,
    false,
    false,
    false,
    false,
    false,
    false,
    false,
    true,
    false,
    false,
    false,
    false,
    false,
    false,
    false,
    false,
    false,
    false,
    true,
    false,
    false,
    false,
    true,
    true,
    false,
    false,
    false,
    false,
    false,
    true,
    false,
    false,
    false,
    false,
    false
  ],
  "achievements-progress": [
    0,
    0,
    778,
    0,
    0,
    25,
    0,
    0,
    0,
    5,
    0,
    0,
    0,
    0,
    0,
    0,
    1,
    0,
    0,
    0,
    0,
    78220,
    79512,
    35294,
    1,
    200000000,
    25,
    0,
    0,
    0,
    5,
    0,
    0,
    0,
    0,
    0,
    0,
    0,
    0,
    0,
    0,
    0,
    0,
    2935000,
    7405430,
    35294,
    1,
    5,
    0,
    519,
    228,
    0,
    1
  ],
  "max-cape-colors": [
    20264,
    0,
    0,
    24364
  ],
  "comp-cape-colors": [
    54012,
    0,
    0,
    58106
  ],
  "player-title": "@or2@MANAGER",
  "set-home": {
    "x": 2719,
    "y": 5313,
    "z": 0
  }
}