{
  "total-play-time-ms": 28083127,
  "username": "Sniper1875",
  "password": "lol123",
  "email": "null",
  "staff-rights": "PLAYER",
  "game-mode": "NORMAL",
  "boss-points": 87,
  "loyalty-title": "NONE",
  "position": {
    "x": 2719,
    "y": 5313,
    "z": 0
  },
  "online-status": "ON",
  "yell-title": "null",
  "given-starter": true,
  "is-instanced": false,
  "money-pouch": 4986540,
  "donated": 0,
  "password-reset": 2,
  "minutes-bonus-exp": -1,
  "total-gained-exp": 30229670,
  "prestige-points": 0,
  "achievement-points": 16,
  "dung-tokens": 0,
  "commendations": 0,
  "loyalty-points": 7347,
  "total-loyalty-points": 7347.0,
  "voting-points": 6,
  "slayer-points": 8,
  "hide-player": false,
  "pk-points": 0,
  "donation-points": 0,
  "trivia-points": 6,
  "cluescompleted": 27,
  "player-kills": 0,
  "player-killstreak": 0,
  "player-deaths": 0,
  "target-percentage": 52,
  "bh-rank": 0,
  "gender": "MALE",
  "spell-book": "NORMAL",
  "shop-updated": false,
  "shop-earnings": 0,
  "prayer-book": "NORMAL",
  "running": true,
  "run-energy": 100,
  "music": false,
  "sounds": false,
  "auto-retaliate": true,
  "xp-locked": false,
  "veng-cast": false,
  "last-veng": 59761194,
  "fight-type": "CROSSBOW_RAPID",
  "sol-effect": -1,
  "skull-timer": 0,
  "accept-aid": false,
  "venom-damage": 0,
  "venom-immunity": 0,
  "poison-damage": 0,
  "poison-immunity": 0,
  "overload-timer": 0,
  "fire-immunity": 0,
  "fire-damage-mod": 0,
  "prayer-renewal-timer": 0,
  "teleblock-timer": 0,
  "special-amount": 100,
  "entered-gwd-room": false,
  "gwd-altar-delay": 0,
  "gwd-killcount": [
    0,
    0,
    0,
    0
  ],
  "effigy": 7,
  "summon-npc": 3030,
  "summon-death": -1,
  "process-farming": true,
  "clanchat": "Help",
  "autocast": false,
  "autocast-spell": -1,
  "dfs-charges": 0,
  "coins-gambled": 0,
  "slayer-master": "VANNAKA",
  "slayer-task": "BABY_BLUE_DRAGON",
  "prev-slayer-task": "CHAOS_DRUID",
  "task-amount": 25,
  "task-streak": 2,
  "duo-partner": "null",
  "double-slay-xp": false,
  "recoil-deg": 0,
  "brawler-deg": [
    0,
    0,
    0,
    0,
    0,
    0,
    0,
    0,
    0
  ],
  "killed-players": [],
  "killed-gods": [
    false,
    false,
    false,
    false,
    false
  ],
  "barrows-brother": [
    [
      2030,
      0
    ],
    [
      2029,
      0
    ],
    [
      2028,
      0
    ],
    [
      2027,
      0
    ],
    [
      2026,
      0
    ],
    [
      2025,
      0
    ]
  ],
  "random-coffin": 0,
  "barrows-killcount": 0,
  "nomad": [
    false,
    false
  ],
  "recipe-for-disaster": [
    false,
    false,
    false,
    false,
    false,
    false,
    false,
    false,
    false
  ],
  "recipe-for-disaster-wave": 0,
  "dung-items-bound": [
    0,
    0,
    0,
    0,
    0
  ],
  "rune-ess": 0,
  "pure-ess": 0,
  "has-bank-pin": false,
  "last-pin-attempt": 0,
  "invalid-pin-attempts": 0,
  "bank-pin": [
    0,
    0,
    0,
    0
  ],
  "appearance": [
    0,
    3,
    18,
    26,
    33,
    36,
    42,
    13,
    2,
    1,
    2,
    4,
    0
  ],
  "agility-obj": [
    true,
    true,
    true,
    true,
    true,
    false,
    false
  ],
  "skills": {
    "level": [
      80,
      99,
      98,
      990,
      99,
      382,
      99,
      31,
      51,
      4,
      21,
      1,
      30,
      1,
      36,
      29,
      45,
      68,
      60,
      2,
      1,
      1,
      1,
      1,
      1
    ],
    "maxLevel": [
      80,
      99,
      98,
      990,
      99,
      720,
      99,
      31,
      51,
      4,
      21,
      1,
      30,
      1,
      36,
      29,
      45,
      68,
      60,
      2,
      1,
      1,
      1,
      1,
      1
    ],
    "experience": [
      2000467,
      13099585,
      12634167,
      47606657,
      52688849,
      986244,
      13222224,
      14977,
      112146,
      366,
      5521,
      0,
      13888,
      38,
      25055,
      12884,
      62001,
      620260,
      283556,
      139,
      0,
      0,
      0,
      0,
      0
    ]
  },
  "inventory": [
    {
      "id": 3024,
      "amount": 1,
      "slot": 0
    },
    {
      "id": 3024,
      "amount": 1,
      "slot": 0
    },
    {
      "id": 3024,
      "amount": 1,
      "slot": 0
    },
    {
      "id": 3024,
      "amount": 1,
      "slot": 0
    },
    {
      "id": 3024,
      "amount": 1,
      "slot": 0
    },
    {
      "id": 3024,
      "amount": 1,
      "slot": 0
    },
    {
      "id": 989,
      "amount": 1,
      "slot": 0
    },
    {
      "id": 995,
      "amount": 3000000,
      "slot": 0
    },
    {
      "id": 537,
      "amount": 300,
      "slot": 0
    },
    {
      "id": 9144,
      "amount": 1481,
      "slot": 0
    },
    {
      "id": 3749,
      "amount": 1,
      "slot": 0
    },
    {
      "id": 6328,
      "amount": 1,
      "slot": 0
    },
    {
      "id": 1478,
      "amount": 1,
      "slot": 0
    },
    {
      "id": -1,
      "amount": 0,
      "slot": 0
    },
    {
      "id": -1,
      "amount": 0,
      "slot": 0
    },
    {
      "id": -1,
      "amount": 0,
      "slot": 0
    },
    {
      "id": 391,
      "amount": 1,
      "slot": 0
    },
    {
      "id": 391,
      "amount": 1,
      "slot": 0
    },
    {
      "id": -1,
      "amount": 0,
      "slot": 0
    },
    {
      "id": 391,
      "amount": 1,
      "slot": 0
    },
    {
      "id": 391,
      "amount": 1,
      "slot": 0
    },
    {
      "id": 391,
      "amount": 1,
      "slot": 0
    },
    {
      "id": 391,
      "amount": 1,
      "slot": 0
    },
    {
      "id": 391,
      "amount": 1,
      "slot": 0
    },
    {
      "id": 391,
      "amount": 1,
      "slot": 0
    },
    {
      "id": 391,
      "amount": 1,
      "slot": 0
    },
    {
      "id": 391,
      "amount": 1,
      "slot": 0
    },
    {
      "id": 391,
      "amount": 1,
      "slot": 0
    }
  ],
  "equipment": [
    {
      "id": 2581,
      "amount": 1,
      "slot": 0
    },
    {
      "id": -1,
      "amount": 0,
      "slot": 0
    },
    {
      "id": 15126,
      "amount": 1,
      "slot": 0
    },
    {
      "id": 9185,
      "amount": 1,
      "slot": 0
    },
    {
      "id": 2503,
      "amount": 1,
      "slot": 0
    },
    {
      "id": 11283,
      "amount": 1,
      "slot": 0
    },
    {
      "id": -1,
      "amount": 0,
      "slot": 0
    },
    {
      "id": 2497,
      "amount": 1,
      "slot": 0
    },
    {
      "id": -1,
      "amount": 0,
      "slot": 0
    },
    {
      "id": 2491,
      "amount": 1,
      "slot": 0
    },
    {
      "id": 2577,
      "amount": 1,
      "slot": 0
    },
    {
      "id": -1,
      "amount": 0,
      "slot": 0
    },
    {
      "id": -1,
      "amount": 0,
      "slot": 0
    },
    {
      "id": 9244,
      "amount": 800,
      "slot": 0
    }
  ],
  "bank-0": [
    {
      "id": 2440,
      "amount": 9,
      "slot": 0
    },
    {
      "id": 2436,
      "amount": 9,
      "slot": 0
    },
    {
      "id": 2442,
      "amount": 10,
      "slot": 0
    },
    {
      "id": 3024,
      "amount": 35,
      "slot": 0
    },
    {
      "id": 391,
      "amount": 10,
      "slot": 0
    },
    {
      "id": 995,
      "amount": 0,
      "slot": 0
    },
    {
      "id": 1191,
      "amount": 1,
      "slot": 0
    },
    {
      "id": 1323,
      "amount": 1,
      "slot": 0
    },
    {
      "id": 892,
      "amount": 0,
      "slot": 0
    },
    {
      "id": 11212,
      "amount": 0,
      "slot": 0
    },
    {
      "id": 841,
      "amount": 1,
      "slot": 0
    },
    {
      "id": 985,
      "amount": 1,
      "slot": 0
    },
    {
      "id": 1153,
      "amount": 1,
      "slot": 0
    },
    {
      "id": 1115,
      "amount": 1,
      "slot": 0
    },
    {
      "id": 1067,
      "amount": 1,
      "slot": 0
    },
    {
      "id": 579,
      "amount": 1,
      "slot": 0
    },
    {
      "id": 577,
      "amount": 1,
      "slot": 0
    },
    {
      "id": 1011,
      "amount": 1,
      "slot": 0
    },
    {
      "id": 1381,
      "amount": 2,
      "slot": 0
    },
    {
      "id": 558,
      "amount": 0,
      "slot": 0
    },
    {
      "id": 557,
      "amount": 0,
      "slot": 0
    },
    {
      "id": 555,
      "amount": 0,
      "slot": 0
    },
    {
      "id": 554,
      "amount": 0,
      "slot": 0
    },
    {
      "id": 526,
      "amount": 1,
      "slot": 0
    },
    {
      "id": 1129,
      "amount": 1,
      "slot": 0
    },
    {
      "id": 9185,
      "amount": 0,
      "slot": 0
    },
    {
      "id": 1169,
      "amount": 1,
      "slot": 0
    },
    {
      "id": 1095,
      "amount": 1,
      "slot": 0
    },
    {
      "id": 4391,
      "amount": 1,
      "slot": 0
    },
    {
      "id": 882,
      "amount": 479,
      "slot": 0
    },
    {
      "id": 561,
      "amount": 0,
      "slot": 0
    },
    {
      "id": 1201,
      "amount": 0,
      "slot": 0
    },
    {
      "id": 2579,
      "amount": 1,
      "slot": 0
    },
    {
      "id": 9341,
      "amount": 60,
      "slot": 0
    },
    {
      "id": 6328,
      "amount": 0,
      "slot": 0
    },
    {
      "id": 3749,
      "amount": 0,
      "slot": 0
    },
    {
      "id": 2503,
      "amount": 0,
      "slot": 0
    },
    {
      "id": 2497,
      "amount": 0,
      "slot": 0
    },
    {
      "id": 1478,
      "amount": 0,
      "slot": 0
    },
    {
      "id": 5680,
      "amount": 2,
      "slot": 0
    },
    {
      "id": 556,
      "amount": 0,
      "slot": 0
    },
    {
      "id": 868,
      "amount": 0,
      "slot": 0
    },
    {
      "id": 1333,
      "amount": 0,
      "slot": 0
    },
    {
      "id": 2597,
      "amount": 0,
      "slot": 0
    },
    {
      "id": 1133,
      "amount": 1,
      "slot": 0
    },
    {
      "id": 1297,
      "amount": 1,
      "slot": 0
    },
    {
      "id": 379,
      "amount": 63,
      "slot": 0
    },
    {
      "id": 1107,
      "amount": 1,
      "slot": 0
    },
    {
      "id": 1187,
      "amount": 0,
      "slot": 0
    },
    {
      "id": 952,
      "amount": 1,
      "slot": 0
    },
    {
      "id": 4587,
      "amount": 2,
      "slot": 0
    },
    {
      "id": 1275,
      "amount": 1,
      "slot": 0
    },
    {
      "id": 7954,
      "amount": 6,
      "slot": 0
    },
    {
      "id": 315,
      "amount": 17,
      "slot": 0
    },
    {
      "id": 317,
      "amount": 17,
      "slot": 0
    },
    {
      "id": 1777,
      "amount": 56,
      "slot": 0
    },
    {
      "id": 249,
      "amount": 0,
      "slot": 0
    },
    {
      "id": 227,
      "amount": 300,
      "slot": 0
    },
    {
      "id": 221,
      "amount": 9,
      "slot": 0
    },
    {
      "id": 121,
      "amount": 8,
      "slot": 0
    },
    {
      "id": 91,
      "amount": 2,
      "slot": 0
    },
    {
      "id": 1359,
      "amount": 1,
      "slot": 0
    },
    {
      "id": 1271,
      "amount": 1,
      "slot": 0
    },
    {
      "id": 1353,
      "amount": 1,
      "slot": 0
    },
    {
      "id": 1357,
      "amount": 1,
      "slot": 0
    },
    {
      "id": 946,
      "amount": 1,
      "slot": 0
    },
    {
      "id": 52,
      "amount": 90,
      "slot": 0
    },
    {
      "id": 1521,
      "amount": 13,
      "slot": 0
    },
    {
      "id": 989,
      "amount": 0,
      "slot": 0
    },
    {
      "id": 1517,
      "amount": 8,
      "slot": 0
    },
    {
      "id": 327,
      "amount": 4,
      "slot": 0
    },
    {
      "id": 321,
      "amount": 1,
      "slot": 0
    },
    {
      "id": 303,
      "amount": 1,
      "slot": 0
    },
    {
      "id": 305,
      "amount": 1,
      "slot": 0
    },
    {
      "id": 307,
      "amount": 1,
      "slot": 0
    },
    {
      "id": 309,
      "amount": 1,
      "slot": 0
    },
    {
      "id": 301,
      "amount": 1,
      "slot": 0
    },
    {
      "id": 311,
      "amount": 1,
      "slot": 0
    },
    {
      "id": 313,
      "amount": 26,
      "slot": 0
    },
    {
      "id": 25,
      "amount": 40,
      "slot": 0
    },
    {
      "id": 314,
      "amount": 55,
      "slot": 0
    },
    {
      "id": 5341,
      "amount": 1,
      "slot": 0
    },
    {
      "id": 5343,
      "amount": 1,
      "slot": 0
    },
    {
      "id": 5329,
      "amount": 1,
      "slot": 0
    },
    {
      "id": 5339,
      "amount": 1,
      "slot": 0
    },
    {
      "id": 5340,
      "amount": 1,
      "slot": 0
    },
    {
      "id": 5291,
      "amount": 1,
      "slot": 0
    },
    {
      "id": 5096,
      "amount": 1,
      "slot": 0
    },
    {
      "id": 562,
      "amount": 0,
      "slot": 0
    },
    {
      "id": 563,
      "amount": 0,
      "slot": 0
    },
    {
      "id": 1383,
      "amount": 1,
      "slot": 0
    },
    {
      "id": 1351,
      "amount": 1,
      "slot": 0
    },
    {
      "id": 565,
      "amount": 0,
      "slot": 0
    },
    {
      "id": 560,
      "amount": 0,
      "slot": 0
    },
    {
      "id": 9075,
      "amount": 0,
      "slot": 0
    },
    {
      "id": 1725,
      "amount": 3,
      "slot": 0
    },
    {
      "id": 229,
      "amount": 9,
      "slot": 0
    },
    {
      "id": 1387,
      "amount": 1,
      "slot": 0
    },
    {
      "id": 536,
      "amount": 0,
      "slot": 0
    },
    {
      "id": 3026,
      "amount": 2,
      "slot": 0
    },
    {
      "id": 3028,
      "amount": 3,
      "slot": 0
    },
    {
      "id": 1515,
      "amount": 150,
      "slot": 0
    },
    {
      "id": 1303,
      "amount": 1,
      "slot": 0
    },
    {
      "id": 987,
      "amount": 2,
      "slot": 0
    },
    {
      "id": 1185,
      "amount": 1,
      "slot": 0
    },
    {
      "id": 18830,
      "amount": 0,
      "slot": 0
    },
    {
      "id": 1511,
      "amount": 1,
      "slot": 0
    },
    {
      "id": 1373,
      "amount": 1,
      "slot": 0
    },
    {
      "id": 3030,
      "amount": 0,
      "slot": 0
    },
    {
      "id": 1319,
      "amount": 0,
      "slot": 0
    },
    {
      "id": 9144,
      "amount": 0,
      "slot": 0
    },
    {
      "id": 11996,
      "amount": 0,
      "slot": 0
    },
    {
      "id": 451,
      "amount": 0,
      "slot": 0
    },
    {
      "id": 1215,
      "amount": 0,
      "slot": 0
    },
    {
      "id": 7114,
      "amount": 0,
      "slot": 0
    },
    {
      "id": 383,
      "amount": 224,
      "slot": 0
    },
    {
      "id": 2366,
      "amount": 0,
      "slot": 0
    },
    {
      "id": 1631,
      "amount": 0,
      "slot": 0
    },
    {
      "id": 211,
      "amount": 0,
      "slot": 0
    },
    {
      "id": 10499,
      "amount": 1,
      "slot": 0
    },
    {
      "id": 11283,
      "amount": 0,
      "slot": 0
    },
    {
      "id": 2491,
      "amount": 0,
      "slot": 0
    },
    {
      "id": 4131,
      "amount": 0,
      "slot": 0
    },
    {
      "id": 1391,
      "amount": 0,
      "slot": 0
    },
    {
      "id": 1247,
      "amount": 0,
      "slot": 0
    },
    {
      "id": 2679,
      "amount": 0,
      "slot": 0
    },
    {
      "id": 213,
      "amount": 0,
      "slot": 0
    },
    {
      "id": 2688,
      "amount": 0,
      "slot": 0
    },
    {
      "id": 10828,
      "amount": 1,
      "slot": 0
    },
    {
      "id": 1127,
      "amount": 1,
      "slot": 0
    },
    {
      "id": 1079,
      "amount": 1,
      "slot": 0
    },
    {
      "id": 11126,
      "amount": 1,
      "slot": 0
    },
    {
      "id": 18778,
      "amount": 1,
      "slot": 0
    }
  ],
  "bank-1": [],
  "bank-2": [],
  "bank-3": [],
  "bank-4": [],
  "bank-5": [],
  "bank-6": [],
  "bank-7": [],
  "bank-8": [],
  "ge-slots": [
    {
      "state": "EMPTY"
    },
    {
      "state": "EMPTY"
    },
    {
      "state": "EMPTY"
    },
    {
      "state": "EMPTY"
    },
    {
      "state": "EMPTY"
    },
    {
      "state": "EMPTY"
    }
  ],
  "charm-imp": [
    0,
    0,
    0,
    0
  ],
  "friends": [
    26,
    1047411
  ],
  "ignores": [],
  "loyalty-titles": [
    false,
    false,
    false,
    false,
    false,
    false,
    false,
    false,
    false,
    false,
    false,
    false
  ],
  "kills": [
    {
      "npcName": "Rock Crab",
      "amount": 9,
      "boss": false
    },
    {
      "npcName": "Zombie",
      "amount": 46,
      "boss": false
    },
    {
      "npcName": "Giant spider",
      "amount": 1,
      "boss": false
    },
    {
      "npcName": "Chaos druid",
      "amount": 49,
      "boss": false
    },
    {
      "npcName": "Baby Blue dragon",
      "amount": 28,
      "boss": false
    },
    {
      "npcName": "Chaos dwarf",
      "amount": 2,
      "boss": false
    },
    {
      "npcName": "King Black Dragon",
      "amount": 54,
      "boss": true
    },
    {
      "npcName": "Giant Mole",
      "amount": 32,
      "boss": true
    },
    {
      "npcName": "Tormented Demon",
      "amount": 1,
      "boss": true
    }
  ],
  "drops": [
    {
      "item": 11286,
      "amount": 1,
      "rareDrop": true
    },
    {
      "item": 6585,
      "amount": 1,
      "rareDrop": true
    },
    {
      "item": 11732,
      "amount": 1,
      "rareDrop": true
    },
    {
      "item": 995,
      "amount": 11927705,
      "rareDrop": false
    },
    {
      "item": 536,
      "amount": 54,
      "rareDrop": false
    },
    {
      "item": 1516,
      "amount": 400,
      "rareDrop": false
    },
    {
      "item": 443,
      "amount": 250,
      "rareDrop": false
    },
    {
      "item": 534,
      "amount": 28,
      "rareDrop": false
    },
    {
      "item": 565,
      "amount": 400,
      "rareDrop": false
    },
    {
      "item": 11996,
      "amount": 1,
      "rareDrop": true
    },
    {
      "item": 556,
      "amount": 3308,
      "rareDrop": false
    },
    {
      "item": 7418,
      "amount": 32,
      "rareDrop": false
    },
    {
      "item": 25,
      "amount": 19,
      "rareDrop": false
    },
    {
      "item": 2361,
      "amount": 4,
      "rareDrop": false
    },
    {
      "item": 554,
      "amount": 1200,
      "rareDrop": false
    },
    {
      "item": 1201,
      "amount": 4,
      "rareDrop": false
    },
    {
      "item": 386,
      "amount": 36,
      "rareDrop": false
    },
    {
      "item": 1392,
      "amount": 20,
      "rareDrop": false
    },
    {
      "item": 213,
      "amount": 5,
      "rareDrop": false
    },
    {
      "item": 1303,
      "amount": 7,
      "rareDrop": false
    },
    {
      "item": 1373,
      "amount": 8,
      "rareDrop": false
    },
    {
      "item": 526,
      "amount": 97,
      "rareDrop": false
    },
    {
      "item": 985,
      "amount": 5,
      "rareDrop": false
    },
    {
      "item": 1747,
      "amount": 54,
      "rareDrop": false
    },
    {
      "item": 2485,
      "amount": 3,
      "rareDrop": false
    },
    {
      "item": 207,
      "amount": 2,
      "rareDrop": false
    },
    {
      "item": 14836,
      "amount": 4,
      "rareDrop": false
    },
    {
      "item": 2366,
      "amount": 2,
      "rareDrop": false
    },
    {
      "item": 1149,
      "amount": 2,
      "rareDrop": false
    },
    {
      "item": 1631,
      "amount": 3,
      "rareDrop": false
    },
    {
      "item": 987,
      "amount": 4,
      "rareDrop": false
    },
    {
      "item": 12174,
      "amount": 2,
      "rareDrop": false
    },
    {
      "item": 217,
      "amount": 1,
      "rareDrop": false
    },
    {
      "item": 886,
      "amount": 1200,
      "rareDrop": false
    },
    {
      "item": 1391,
      "amount": 5,
      "rareDrop": false
    },
    {
      "item": 215,
      "amount": 3,
      "rareDrop": false
    },
    {
      "item": 6686,
      "amount": 2,
      "rareDrop": false
    },
    {
      "item": 209,
      "amount": 2,
      "rareDrop": false
    },
    {
      "item": 205,
      "amount": 3,
      "rareDrop": false
    },
    {
      "item": 203,
      "amount": 6,
      "rareDrop": false
    },
    {
      "item": 201,
      "amount": 9,
      "rareDrop": false
    },
    {
      "item": 199,
      "amount": 11,
      "rareDrop": false
    },
    {
      "item": 15272,
      "amount": 2,
      "rareDrop": false
    },
    {
      "item": 1452,
      "amount": 3,
      "rareDrop": false
    },
    {
      "item": 211,
      "amount": 1,
      "rareDrop": false
    },
    {
      "item": 1185,
      "amount": 2,
      "rareDrop": false
    },
    {
      "item": 1319,
      "amount": 1,
      "rareDrop": false
    },
    {
      "item": 561,
      "amount": 49,
      "rareDrop": false
    },
    {
      "item": 1215,
      "amount": 1,
      "rareDrop": false
    },
    {
      "item": 574,
      "amount": 12,
      "rareDrop": false
    },
    {
      "item": 9144,
      "amount": 60,
      "rareDrop": false
    },
    {
      "item": 570,
      "amount": 8,
      "rareDrop": false
    },
    {
      "item": 1617,
      "amount": 2,
      "rareDrop": false
    },
    {
      "item": 576,
      "amount": 8,
      "rareDrop": false
    },
    {
      "item": 1247,
      "amount": 2,
      "rareDrop": false
    },
    {
      "item": 884,
      "amount": 1200,
      "rareDrop": false
    },
    {
      "item": 1462,
      "amount": 1,
      "rareDrop": false
    },
    {
      "item": 392,
      "amount": 12,
      "rareDrop": false
    },
    {
      "item": 563,
      "amount": 53,
      "rareDrop": false
    },
    {
      "item": 1123,
      "amount": 1,
      "rareDrop": false
    },
    {
      "item": 1369,
      "amount": 7,
      "rareDrop": false
    },
    {
      "item": 573,
      "amount": 4,
      "rareDrop": false
    },
    {
      "item": 560,
      "amount": 22,
      "rareDrop": false
    },
    {
      "item": 385,
      "amount": 1,
      "rareDrop": false
    },
    {
      "item": 1357,
      "amount": 6,
      "rareDrop": false
    },
    {
      "item": 1454,
      "amount": 1,
      "rareDrop": false
    },
    {
      "item": 436,
      "amount": 5,
      "rareDrop": false
    },
    {
      "item": 437,
      "amount": 4,
      "rareDrop": false
    },
    {
      "item": 1619,
      "amount": 3,
      "rareDrop": false
    },
    {
      "item": 402,
      "amount": 7,
      "rareDrop": false
    },
    {
      "item": 571,
      "amount": 2,
      "rareDrop": false
    },
    {
      "item": 557,
      "amount": 21,
      "rareDrop": false
    },
    {
      "item": 231,
      "amount": 1,
      "rareDrop": false
    },
    {
      "item": 7114,
      "amount": 2,
      "rareDrop": false
    },
    {
      "item": 391,
      "amount": 2,
      "rareDrop": false
    },
    {
      "item": 575,
      "amount": 1,
      "rareDrop": false
    },
    {
      "item": 559,
      "amount": 18,
      "rareDrop": false
    },
    {
      "item": 1725,
      "amount": 1,
      "rareDrop": false
    },
    {
      "item": 225,
      "amount": 1,
      "rareDrop": false
    },
    {
      "item": 1349,
      "amount": 12,
      "rareDrop": false
    },
    {
      "item": 313,
      "amount": 90,
      "rareDrop": false
    },
    {
      "item": 1623,
      "amount": 3,
      "rareDrop": false
    },
    {
      "item": 227,
      "amount": 1,
      "rareDrop": false
    },
    {
      "item": 311,
      "amount": 1,
      "rareDrop": false
    },
    {
      "item": 1139,
      "amount": 7,
      "rareDrop": false
    },
    {
      "item": 1625,
      "amount": 1,
      "rareDrop": false
    },
    {
      "item": 1351,
      "amount": 2,
      "rareDrop": false
    },
    {
      "item": 12160,
      "amount": 6,
      "rareDrop": false
    },
    {
      "item": 18778,
      "amount": 1,
      "rareDrop": false
    },
    {
      "item": 12159,
      "amount": 15,
      "rareDrop": false
    },
    {
      "item": 12158,
      "amount": 33,
      "rareDrop": false
    },
    {
      "item": 12163,
      "amount": 20,
      "rareDrop": false
    },
    {
      "item": 592,
      "amount": 1,
      "rareDrop": false
    },
    {
      "item": 1304,
      "amount": 5,
      "rareDrop": false
    }
  ],
  "achievements-completion": [
    false,
    false,
    true,
    false,
    false,
    false,
    false,
    true,
    false,
    false,
    false,
    false,
    false,
    true,
    false,
    true,
    true,
    false,
    false,
    true,
    false,
    true,
    true,
    true,
    true,
    true,
    true,
    true,
    false,
    false,
    false,
    false,
    false,
    false,
    false,
    false,
    false,
    false,
    false,
    false,
    false,
    false,
    false,
    false,
    false,
    false,
    false,
    false,
    false,
    false,
    false,
    false,
    true,
    false,
    true,
    false,
    true,
    false,
    false,
    false,
    false,
    false,
    false,
    false,
    false,
    false,
    false,
    false,
    false,
    false,
    false,
    false,
    false,
    false,
    false,
    false,
    false,
    false,
    false,
    false,
    false,
    false,
    false,
    false,
    false,
    false,
    false,
    false,
    false,
    false,
    false,
    false,
    false,
    false,
    false,
    false,
    false,
    false,
    false,
    false,
    false
  ],
  "achievements-progress": [
    967,
    941,
    957,
    0,
    0,
    0,
    0,
    0,
    0,
    0,
    0,
    0,
    0,
    0,
    0,
    0,
    0,
    34,
    0,
    20,
    0,
    96550,
    99976,
    1009,
    0,
    0,
    0,
    0,
    0,
    0,
    0,
    0,
    0,
    0,
    0,
    0,
    0,
    0,
    0,
    20,
    0,
    0,
    0,
    96550,
    371925,
    1009,
    0,
    0,
    0,
    222,
    87,
    0,
    0
  ],
  "max-cape-colors": [
    65214,
    65200,
    65186,
    62995
  ],
  "comp-cape-colors": [
    65214,
    65200,
    65186,
    62995
  ],
  "player-title": "",
  "set-home": {
    "x": 2719,
    "y": 5313,
    "z": 0
  }
}