{
  "total-play-time-ms": 600168802,
  "username": "Daking",
  "password": "Notebook91",
  "email": "joshua_sales91@hotmail.com",
  "staff-rights": "DEVELOPER",
  "game-mode": "NORMAL",
  "boss-points": 19418,
  "loyalty-title": "NONE",
  "position": {
    "x": 2672,
    "y": 3713,
    "z": 0
  },
  "online-status": "ON",
  "yell-title": "5",
  "given-starter": true,
  "is-instanced": false,
  "money-pouch": 21116467169,
  "donated": 1480,
  "password-reset": 2,
  "minutes-bonus-exp": -1,
  "total-gained-exp": 21830972,
  "prestige-points": 599918,
  "achievement-points": 999999,
  "dung-tokens": 997824999,
  "commendations": 89046,
  "loyalty-points": 689544,
  "total-loyalty-points": 689569.0,
  "voting-points": 999874,
  "slayer-points": 9999,
  "hide-player": false,
  "pk-points": 9457,
  "donation-points": 5084830,
  "trivia-points": 49698,
  "cluescompleted": 0,
  "player-kills": 2,
  "player-killstreak": 1,
  "player-deaths": 0,
  "target-percentage": 0,
  "bh-rank": 1,
  "gender": "MALE",
  "spell-book": "NORMAL",
  "shop-updated": false,
  "shop-earnings": 0,
  "prayer-book": "CURSES",
  "running": true,
  "run-energy": 100,
  "music": false,
  "sounds": false,
  "auto-retaliate": false,
  "xp-locked": false,
  "veng-cast": false,
  "last-veng": 1519505150929,
  "fight-type": "STAFF_POUND",
  "sol-effect": 0,
  "skull-timer": 0,
  "accept-aid": false,
  "venom-damage": 0,
  "venom-immunity": 0,
  "poison-damage": 0,
  "poison-immunity": 0,
  "overload-timer": 0,
  "fire-immunity": 0,
  "fire-damage-mod": 0,
  "prayer-renewal-timer": 0,
  "teleblock-timer": 0,
  "special-amount": 160,
  "entered-gwd-room": true,
  "gwd-altar-delay": 0,
  "gwd-killcount": [
    0,
    0,
    0,
    0
  ],
  "effigy": 0,
  "summon-npc": -1,
  "summon-death": -1,
  "process-farming": false,
  "clanchat": "Help",
  "autocast": false,
  "autocast-spell": -1,
  "dfs-charges": 7,
  "coins-gambled": 0,
  "slayer-master": "KURADEL",
  "slayer-task": "NO_TASK",
  "prev-slayer-task": "NO_TASK",
  "task-amount": 0,
  "task-streak": 0,
  "duo-partner": "null",
  "double-slay-xp": false,
  "recoil-deg": 0,
  "brawler-deg": [
    0,
    0,
    0,
    0,
    0,
    0,
    0,
    0,
    0
  ],
  "killed-players": [
    "Conor"
  ],
  "killed-gods": [
    false,
    false,
    false,
    false,
    true
  ],
  "barrows-brother": [
    [
      2030,
      0
    ],
    [
      2029,
      0
    ],
    [
      2028,
      0
    ],
    [
      2027,
      0
    ],
    [
      2026,
      0
    ],
    [
      2025,
      0
    ]
  ],
  "random-coffin": 0,
  "barrows-killcount": 0,
  "nomad": [
    false,
    false
  ],
  "recipe-for-disaster": [
    true,
    true,
    false,
    true,
    true,
    true,
    true,
    true,
    true
  ],
  "recipe-for-disaster-wave": 6,
  "dung-items-bound": [
    0,
    0,
    0,
    0,
    0
  ],
  "rune-ess": 0,
  "pure-ess": 0,
  "has-bank-pin": false,
  "last-pin-attempt": 0,
  "invalid-pin-attempts": 0,
  "bank-pin": [
    0,
    0,
    0,
    0
  ],
  "appearance": [
    0,
    1,
    18,
    26,
    33,
    36,
    42,
    11,
    0,
    0,
    0,
    0,
    0
  ],
  "agility-obj": [
    false,
    false,
    false,
    false,
    false,
    false,
    false
  ],
  "skills": {
    "level": [
      99,
      99,
      2000,
      111267,
      99,
      9999,
      99,
      99,
      99,
      99,
      99,
      99,
      99,
      99,
      99,
      99,
      99,
      99,
      99,
      99,
      99,
      99,
      99,
      79,
      99
    ],
    "maxLevel": [
      99,
      99,
      2000,
      990,
      99,
      9999,
      99,
      99,
      99,
      99,
      99,
      99,
      99,
      99,
      99,
      99,
      99,
      99,
      99,
      99,
      99,
      99,
      99,
      99,
      99
    ],
    "experience": [
      13995021,
      13332296,
      544385532,
      19248478,
      13727794,
      536870911,
      13034431,
      13034431,
      13034431,
      13034431,
      13034431,
      13034431,
      13034431,
      13034431,
      13034431,
      13034431,
      13034431,
      13034431,
      13034431,
      13034431,
      13034431,
      13034431,
      13034431,
      13034431,
      13034431
    ]
  },
  "inventory": [
    {
      "id": 15674,
      "amount": 1,
      "slot": 0
    },
    {
      "id": 565,
      "amount": 8,
      "slot": 0
    },
    {
      "id": -1,
      "amount": 0,
      "slot": 0
    },
    {
      "id": -1,
      "amount": 0,
      "slot": 0
    },
    {
      "id": -1,
      "amount": 0,
      "slot": 0
    },
    {
      "id": -1,
      "amount": 0,
      "slot": 0
    },
    {
      "id": -1,
      "amount": 0,
      "slot": 0
    },
    {
      "id": -1,
      "amount": 0,
      "slot": 0
    },
    {
      "id": -1,
      "amount": 0,
      "slot": 0
    },
    {
      "id": -1,
      "amount": 0,
      "slot": 0
    },
    {
      "id": -1,
      "amount": 0,
      "slot": 0
    },
    {
      "id": -1,
      "amount": 0,
      "slot": 0
    },
    {
      "id": -1,
      "amount": 0,
      "slot": 0
    },
    {
      "id": -1,
      "amount": 0,
      "slot": 0
    },
    {
      "id": -1,
      "amount": 0,
      "slot": 0
    },
    {
      "id": -1,
      "amount": 0,
      "slot": 0
    },
    {
      "id": -1,
      "amount": 0,
      "slot": 0
    },
    {
      "id": -1,
      "amount": 0,
      "slot": 0
    },
    {
      "id": -1,
      "amount": 0,
      "slot": 0
    },
    {
      "id": -1,
      "amount": 0,
      "slot": 0
    },
    {
      "id": -1,
      "amount": 0,
      "slot": 0
    },
    {
      "id": -1,
      "amount": 0,
      "slot": 0
    },
    {
      "id": -1,
      "amount": 0,
      "slot": 0
    },
    {
      "id": -1,
      "amount": 0,
      "slot": 0
    },
    {
      "id": -1,
      "amount": 0,
      "slot": 0
    },
    {
      "id": -1,
      "amount": 0,
      "slot": 0
    },
    {
      "id": -1,
      "amount": 0,
      "slot": 0
    },
    {
      "id": -1,
      "amount": 0,
      "slot": 0
    }
  ],
  "equipment": [
    {
      "id": 15677,
      "amount": 1,
      "slot": 0
    },
    {
      "id": 2413,
      "amount": 1,
      "slot": 0
    },
    {
      "id": 19335,
      "amount": 1,
      "slot": 0
    },
    {
      "id": 17293,
      "amount": 1,
      "slot": 0
    },
    {
      "id": 15678,
      "amount": 1,
      "slot": 0
    },
    {
      "id": 11924,
      "amount": 1,
      "slot": 0
    },
    {
      "id": -1,
      "amount": 0,
      "slot": 0
    },
    {
      "id": 15679,
      "amount": 1,
      "slot": 0
    },
    {
      "id": -1,
      "amount": 0,
      "slot": 0
    },
    {
      "id": 7462,
      "amount": 1,
      "slot": 0
    },
    {
      "id": 13235,
      "amount": 1,
      "slot": 0
    },
    {
      "id": -1,
      "amount": 0,
      "slot": 0
    },
    {
      "id": 12601,
      "amount": 1,
      "slot": 0
    },
    {
      "id": -1,
      "amount": 0,
      "slot": 0
    }
  ],
  "bank-0": [
    {
      "id": 391,
      "amount": 215,
      "slot": 0
    },
    {
      "id": 841,
      "amount": 10,
      "slot": 0
    },
    {
      "id": 882,
      "amount": 500,
      "slot": 0
    },
    {
      "id": 1169,
      "amount": 10,
      "slot": 0
    },
    {
      "id": 1129,
      "amount": 10,
      "slot": 0
    },
    {
      "id": 1095,
      "amount": 10,
      "slot": 0
    },
    {
      "id": 579,
      "amount": 2,
      "slot": 0
    },
    {
      "id": 577,
      "amount": 3,
      "slot": 0
    },
    {
      "id": 1011,
      "amount": 10,
      "slot": 0
    },
    {
      "id": 1381,
      "amount": 10,
      "slot": 0
    },
    {
      "id": 1323,
      "amount": 2,
      "slot": 0
    },
    {
      "id": 1115,
      "amount": 10,
      "slot": 0
    },
    {
      "id": 1067,
      "amount": 10,
      "slot": 0
    },
    {
      "id": 1191,
      "amount": 10,
      "slot": 0
    },
    {
      "id": 1153,
      "amount": 10,
      "slot": 0
    },
    {
      "id": 7936,
      "amount": 140,
      "slot": 0
    },
    {
      "id": 213,
      "amount": 134,
      "slot": 0
    },
    {
      "id": 1275,
      "amount": 2,
      "slot": 0
    },
    {
      "id": 1513,
      "amount": 867,
      "slot": 0
    },
    {
      "id": 1617,
      "amount": 9,
      "slot": 0
    },
    {
      "id": 451,
      "amount": 142,
      "slot": 0
    },
    {
      "id": 52,
      "amount": 100,
      "slot": 0
    },
    {
      "id": 1631,
      "amount": 7,
      "slot": 0
    },
    {
      "id": 25,
      "amount": 16,
      "slot": 0
    },
    {
      "id": 12159,
      "amount": 28,
      "slot": 0
    },
    {
      "id": 12163,
      "amount": 32,
      "slot": 0
    },
    {
      "id": 12160,
      "amount": 32,
      "slot": 0
    },
    {
      "id": 309,
      "amount": 10,
      "slot": 0
    },
    {
      "id": 534,
      "amount": 5,
      "slot": 0
    },
    {
      "id": 14021,
      "amount": 4,
      "slot": 0
    },
    {
      "id": 4391,
      "amount": 10,
      "slot": 0
    },
    {
      "id": 18782,
      "amount": 22,
      "slot": 0
    },
    {
      "id": 7394,
      "amount": 10,
      "slot": 0
    },
    {
      "id": 7390,
      "amount": 10,
      "slot": 0
    },
    {
      "id": 7386,
      "amount": 10,
      "slot": 0
    },
    {
      "id": 13867,
      "amount": 20,
      "slot": 0
    },
    {
      "id": 2595,
      "amount": 3,
      "slot": 0
    },
    {
      "id": 2591,
      "amount": 3,
      "slot": 0
    },
    {
      "id": 2593,
      "amount": 2,
      "slot": 0
    },
    {
      "id": 2597,
      "amount": 3,
      "slot": 0
    },
    {
      "id": 4151,
      "amount": 86,
      "slot": 0
    },
    {
      "id": 1478,
      "amount": 10,
      "slot": 0
    },
    {
      "id": 453,
      "amount": 2,
      "slot": 0
    },
    {
      "id": 14678,
      "amount": 3,
      "slot": 0
    },
    {
      "id": 18689,
      "amount": 2,
      "slot": 0
    },
    {
      "id": 13758,
      "amount": 5,
      "slot": 0
    },
    {
      "id": 13158,
      "amount": 10,
      "slot": 0
    },
    {
      "id": 15272,
      "amount": 50367,
      "slot": 0
    },
    {
      "id": 1621,
      "amount": 149,
      "slot": 0
    },
    {
      "id": 892,
      "amount": 15160,
      "slot": 0
    },
    {
      "id": 2675,
      "amount": 10,
      "slot": 0
    },
    {
      "id": 1633,
      "amount": 2,
      "slot": 0
    },
    {
      "id": 2663,
      "amount": 10,
      "slot": 0
    },
    {
      "id": 449,
      "amount": 162,
      "slot": 0
    },
    {
      "id": 9143,
      "amount": 2000,
      "slot": 0
    },
    {
      "id": 6529,
      "amount": 1700900,
      "slot": 0
    },
    {
      "id": 11978,
      "amount": 10,
      "slot": 0
    },
    {
      "id": 6055,
      "amount": 10,
      "slot": 0
    },
    {
      "id": 12158,
      "amount": 45,
      "slot": 0
    },
    {
      "id": 15270,
      "amount": 6,
      "slot": 0
    },
    {
      "id": 157,
      "amount": 10,
      "slot": 0
    },
    {
      "id": 163,
      "amount": 10,
      "slot": 0
    },
    {
      "id": 145,
      "amount": 10,
      "slot": 0
    },
    {
      "id": 6685,
      "amount": 11,
      "slot": 0
    },
    {
      "id": 6585,
      "amount": 64,
      "slot": 0
    },
    {
      "id": 4718,
      "amount": 2,
      "slot": 0
    },
    {
      "id": 4716,
      "amount": 2,
      "slot": 0
    },
    {
      "id": 4720,
      "amount": 10,
      "slot": 0
    },
    {
      "id": 4722,
      "amount": 10,
      "slot": 0
    },
    {
      "id": 11732,
      "amount": 4,
      "slot": 0
    },
    {
      "id": 9244,
      "amount": 22025,
      "slot": 0
    },
    {
      "id": 3204,
      "amount": 17,
      "slot": 0
    },
    {
      "id": 15126,
      "amount": 11,
      "slot": 0
    },
    {
      "id": 6922,
      "amount": 19,
      "slot": 0
    },
    {
      "id": 6809,
      "amount": 13,
      "slot": 0
    },
    {
      "id": 4675,
      "amount": 13,
      "slot": 0
    },
    {
      "id": 11884,
      "amount": 19,
      "slot": 0
    },
    {
      "id": 11906,
      "amount": 17,
      "slot": 0
    },
    {
      "id": 11882,
      "amount": 23,
      "slot": 0
    },
    {
      "id": 15259,
      "amount": 16,
      "slot": 0
    },
    {
      "id": 13902,
      "amount": 10,
      "slot": 0
    },
    {
      "id": 6103,
      "amount": 0,
      "slot": 0
    },
    {
      "id": 2579,
      "amount": 24,
      "slot": 0
    },
    {
      "id": 19061,
      "amount": 10,
      "slot": 0
    },
    {
      "id": 19066,
      "amount": 4,
      "slot": 0
    },
    {
      "id": 19064,
      "amount": 10,
      "slot": 0
    },
    {
      "id": 19067,
      "amount": 10,
      "slot": 0
    },
    {
      "id": 19055,
      "amount": 10,
      "slot": 0
    },
    {
      "id": 19039,
      "amount": 10,
      "slot": 0
    },
    {
      "id": 3753,
      "amount": 19,
      "slot": 0
    },
    {
      "id": 7668,
      "amount": 10,
      "slot": 0
    },
    {
      "id": 18965,
      "amount": 3,
      "slot": 0
    },
    {
      "id": 14684,
      "amount": 10,
      "slot": 0
    },
    {
      "id": 12029,
      "amount": 10,
      "slot": 0
    },
    {
      "id": 385,
      "amount": 10,
      "slot": 0
    },
    {
      "id": 7574,
      "amount": 10,
      "slot": 0
    },
    {
      "id": 16877,
      "amount": 10,
      "slot": 0
    },
    {
      "id": 2428,
      "amount": 10,
      "slot": 0
    },
    {
      "id": 2275,
      "amount": 10,
      "slot": 0
    },
    {
      "id": 11690,
      "amount": 10,
      "slot": 0
    },
    {
      "id": 11692,
      "amount": 10,
      "slot": 0
    },
    {
      "id": 11120,
      "amount": 10,
      "slot": 0
    },
    {
      "id": 11212,
      "amount": 1016785,
      "slot": 0
    },
    {
      "id": 18371,
      "amount": 2,
      "slot": 0
    },
    {
      "id": 11716,
      "amount": 2,
      "slot": 0
    },
    {
      "id": 6522,
      "amount": 10,
      "slot": 0
    },
    {
      "id": 19789,
      "amount": 10,
      "slot": 0
    },
    {
      "id": 1249,
      "amount": 12,
      "slot": 0
    },
    {
      "id": 11235,
      "amount": 5,
      "slot": 0
    },
    {
      "id": 1419,
      "amount": 2,
      "slot": 0
    },
    {
      "id": 10732,
      "amount": 3,
      "slot": 0
    },
    {
      "id": 15486,
      "amount": 7,
      "slot": 0
    },
    {
      "id": 4587,
      "amount": 11,
      "slot": 0
    },
    {
      "id": 6920,
      "amount": 24,
      "slot": 0
    },
    {
      "id": 1434,
      "amount": 10,
      "slot": 0
    },
    {
      "id": 11730,
      "amount": 8,
      "slot": 0
    },
    {
      "id": 10564,
      "amount": 16,
      "slot": 0
    },
    {
      "id": 10828,
      "amount": 19,
      "slot": 0
    },
    {
      "id": 6528,
      "amount": 11,
      "slot": 0
    },
    {
      "id": 1377,
      "amount": 10,
      "slot": 0
    },
    {
      "id": 20084,
      "amount": 19,
      "slot": 0
    },
    {
      "id": 10589,
      "amount": 14,
      "slot": 0
    },
    {
      "id": 6500,
      "amount": 11,
      "slot": 0
    },
    {
      "id": 13857,
      "amount": 16,
      "slot": 0
    },
    {
      "id": 6739,
      "amount": 19,
      "slot": 0
    },
    {
      "id": 4153,
      "amount": 13,
      "slot": 0
    },
    {
      "id": 3751,
      "amount": 13,
      "slot": 0
    },
    {
      "id": 17273,
      "amount": 5,
      "slot": 0
    },
    {
      "id": 1305,
      "amount": 16,
      "slot": 0
    },
    {
      "id": 13899,
      "amount": 10,
      "slot": 0
    },
    {
      "id": 7158,
      "amount": 7,
      "slot": 0
    },
    {
      "id": 13896,
      "amount": 9,
      "slot": 0
    },
    {
      "id": 11133,
      "amount": 12,
      "slot": 0
    },
    {
      "id": 2568,
      "amount": 11,
      "slot": 0
    },
    {
      "id": 2572,
      "amount": 39,
      "slot": 0
    },
    {
      "id": 6,
      "amount": 14,
      "slot": 0
    },
    {
      "id": 10,
      "amount": 15,
      "slot": 0
    },
    {
      "id": 12,
      "amount": 11,
      "slot": 0
    },
    {
      "id": 8,
      "amount": 14,
      "slot": 0
    },
    {
      "id": 13444,
      "amount": 5,
      "slot": 0
    },
    {
      "id": 14019,
      "amount": 4,
      "slot": 0
    },
    {
      "id": 5023,
      "amount": 3,
      "slot": 0
    },
    {
      "id": 12632,
      "amount": 80,
      "slot": 0
    },
    {
      "id": 19058,
      "amount": 10,
      "slot": 0
    },
    {
      "id": 542,
      "amount": 2,
      "slot": 0
    },
    {
      "id": 19059,
      "amount": 10,
      "slot": 0
    },
    {
      "id": 19004,
      "amount": 10,
      "slot": 0
    },
    {
      "id": 18978,
      "amount": 10,
      "slot": 0
    },
    {
      "id": 15501,
      "amount": 7475,
      "slot": 0
    },
    {
      "id": 544,
      "amount": 3,
      "slot": 0
    },
    {
      "id": 4728,
      "amount": 2,
      "slot": 0
    },
    {
      "id": 4751,
      "amount": 2,
      "slot": 0
    },
    {
      "id": 9242,
      "amount": 68,
      "slot": 0
    },
    {
      "id": 383,
      "amount": 94,
      "slot": 0
    },
    {
      "id": 7060,
      "amount": 250,
      "slot": 0
    },
    {
      "id": 1403,
      "amount": 10,
      "slot": 0
    },
    {
      "id": 17287,
      "amount": 2,
      "slot": 0
    },
    {
      "id": 17285,
      "amount": 4,
      "slot": 0
    },
    {
      "id": 205,
      "amount": 268,
      "slot": 0
    },
    {
      "id": 559,
      "amount": 1670,
      "slot": 0
    },
    {
      "id": 16335,
      "amount": 2,
      "slot": 0
    },
    {
      "id": 9769,
      "amount": 10,
      "slot": 0
    },
    {
      "id": 1333,
      "amount": 259,
      "slot": 0
    },
    {
      "id": 207,
      "amount": 59,
      "slot": 0
    },
    {
      "id": 868,
      "amount": 216,
      "slot": 0
    },
    {
      "id": 6199,
      "amount": 1950,
      "slot": 0
    },
    {
      "id": 6371,
      "amount": 11,
      "slot": 0
    },
    {
      "id": 10942,
      "amount": 5,
      "slot": 0
    },
    {
      "id": 10934,
      "amount": 5,
      "slot": 0
    },
    {
      "id": 10935,
      "amount": 7,
      "slot": 0
    },
    {
      "id": 4736,
      "amount": 5,
      "slot": 0
    },
    {
      "id": 4738,
      "amount": 11,
      "slot": 0
    },
    {
      "id": 3842,
      "amount": 2,
      "slot": 0
    },
    {
      "id": 12212,
      "amount": 10,
      "slot": 0
    },
    {
      "id": 13047,
      "amount": 10,
      "slot": 0
    },
    {
      "id": 4745,
      "amount": 4,
      "slot": 0
    },
    {
      "id": 5576,
      "amount": 2,
      "slot": 0
    },
    {
      "id": 3749,
      "amount": 3,
      "slot": 0
    },
    {
      "id": 5574,
      "amount": 3,
      "slot": 0
    },
    {
      "id": 4095,
      "amount": 4,
      "slot": 0
    },
    {
      "id": 861,
      "amount": 3,
      "slot": 0
    },
    {
      "id": 15243,
      "amount": 10,
      "slot": 0
    },
    {
      "id": 1127,
      "amount": 4,
      "slot": 0
    },
    {
      "id": 5575,
      "amount": 4,
      "slot": 0
    },
    {
      "id": 1079,
      "amount": 2,
      "slot": 0
    },
    {
      "id": 2526,
      "amount": 3,
      "slot": 0
    },
    {
      "id": 3105,
      "amount": 10,
      "slot": 0
    },
    {
      "id": 1163,
      "amount": 10,
      "slot": 0
    },
    {
      "id": 11848,
      "amount": 10,
      "slot": 0
    },
    {
      "id": 13734,
      "amount": 11,
      "slot": 0
    },
    {
      "id": 7400,
      "amount": 10,
      "slot": 0
    },
    {
      "id": 2947,
      "amount": 10,
      "slot": 0
    },
    {
      "id": 1093,
      "amount": 5,
      "slot": 0
    },
    {
      "id": 6326,
      "amount": 10,
      "slot": 0
    },
    {
      "id": 1201,
      "amount": 10,
      "slot": 0
    },
    {
      "id": 4093,
      "amount": 2,
      "slot": 0
    },
    {
      "id": 4097,
      "amount": 4,
      "slot": 0
    },
    {
      "id": 11118,
      "amount": 10,
      "slot": 0
    },
    {
      "id": 3140,
      "amount": 2,
      "slot": 0
    },
    {
      "id": 2940,
      "amount": 2,
      "slot": 0
    },
    {
      "id": 19478,
      "amount": 11,
      "slot": 0
    },
    {
      "id": 1511,
      "amount": 2,
      "slot": 0
    },
    {
      "id": 1779,
      "amount": 10,
      "slot": 0
    },
    {
      "id": 13661,
      "amount": 10,
      "slot": 0
    },
    {
      "id": 17295,
      "amount": 5,
      "slot": 0
    },
    {
      "id": 19162,
      "amount": 500000,
      "slot": 0
    },
    {
      "id": 14387,
      "amount": 10,
      "slot": 0
    },
    {
      "id": 19757,
      "amount": 2,
      "slot": 0
    },
    {
      "id": 14130,
      "amount": 4,
      "slot": 0
    },
    {
      "id": 14172,
      "amount": 2,
      "slot": 0
    },
    {
      "id": 14295,
      "amount": 10,
      "slot": 0
    },
    {
      "id": 19749,
      "amount": 10,
      "slot": 0
    },
    {
      "id": 19893,
      "amount": 10,
      "slot": 0
    },
    {
      "id": 19760,
      "amount": 10,
      "slot": 0
    },
    {
      "id": 15676,
      "amount": 2,
      "slot": 0
    },
    {
      "id": 4224,
      "amount": 11,
      "slot": 0
    },
    {
      "id": 5698,
      "amount": 10,
      "slot": 0
    },
    {
      "id": 19308,
      "amount": 10,
      "slot": 0
    },
    {
      "id": 2936,
      "amount": 10,
      "slot": 0
    },
    {
      "id": 2938,
      "amount": 10,
      "slot": 0
    },
    {
      "id": 575,
      "amount": 2,
      "slot": 0
    },
    {
      "id": 14126,
      "amount": 10,
      "slot": 0
    },
    {
      "id": 14138,
      "amount": 2,
      "slot": 0
    },
    {
      "id": 14192,
      "amount": 2,
      "slot": 0
    },
    {
      "id": 6022,
      "amount": 2,
      "slot": 0
    },
    {
      "id": 14661,
      "amount": 10,
      "slot": 0
    },
    {
      "id": 15442,
      "amount": 10,
      "slot": 0
    },
    {
      "id": 19748,
      "amount": 10,
      "slot": 0
    },
    {
      "id": 4860,
      "amount": 10,
      "slot": 0
    },
    {
      "id": 1113,
      "amount": 5,
      "slot": 0
    },
    {
      "id": 6195,
      "amount": 10,
      "slot": 0
    },
    {
      "id": 13861,
      "amount": 10,
      "slot": 0
    },
    {
      "id": 4672,
      "amount": 13,
      "slot": 0
    },
    {
      "id": 11844,
      "amount": 10,
      "slot": 0
    },
    {
      "id": 5329,
      "amount": 10,
      "slot": 0
    },
    {
      "id": 5343,
      "amount": 10,
      "slot": 0
    },
    {
      "id": 5341,
      "amount": 10,
      "slot": 0
    },
    {
      "id": 10338,
      "amount": 10,
      "slot": 0
    },
    {
      "id": 10342,
      "amount": 10,
      "slot": 0
    },
    {
      "id": 10340,
      "amount": 10,
      "slot": 0
    },
    {
      "id": 10334,
      "amount": 10,
      "slot": 0
    },
    {
      "id": 10330,
      "amount": 10,
      "slot": 0
    },
    {
      "id": 10332,
      "amount": 10,
      "slot": 0
    },
    {
      "id": 199,
      "amount": 386,
      "slot": 0
    },
    {
      "id": 10344,
      "amount": 10,
      "slot": 0
    },
    {
      "id": 10336,
      "amount": 10,
      "slot": 0
    },
    {
      "id": 4710,
      "amount": 10,
      "slot": 0
    },
    {
      "id": 5304,
      "amount": 10,
      "slot": 0
    },
    {
      "id": 5340,
      "amount": 10,
      "slot": 0
    },
    {
      "id": 952,
      "amount": 10,
      "slot": 0
    },
    {
      "id": 16883,
      "amount": 10,
      "slot": 0
    },
    {
      "id": 6724,
      "amount": 10,
      "slot": 0
    },
    {
      "id": 4749,
      "amount": 10,
      "slot": 0
    },
    {
      "id": 2,
      "amount": 10,
      "slot": 0
    },
    {
      "id": 11335,
      "amount": 11,
      "slot": 0
    },
    {
      "id": 13655,
      "amount": 10,
      "slot": 0
    },
    {
      "id": 6821,
      "amount": 10,
      "slot": 0
    },
    {
      "id": 5573,
      "amount": 2,
      "slot": 0
    },
    {
      "id": 8421,
      "amount": 11,
      "slot": 0
    },
    {
      "id": 5572,
      "amount": 10,
      "slot": 0
    },
    {
      "id": 16277,
      "amount": 10,
      "slot": 0
    },
    {
      "id": 16717,
      "amount": 10,
      "slot": 0
    },
    {
      "id": 536,
      "amount": 284,
      "slot": 0
    },
    {
      "id": 16423,
      "amount": 10,
      "slot": 0
    },
    {
      "id": 4659,
      "amount": 6,
      "slot": 0
    },
    {
      "id": 18946,
      "amount": 3,
      "slot": 0
    },
    {
      "id": 18945,
      "amount": 1,
      "slot": 0
    },
    {
      "id": 18953,
      "amount": 1,
      "slot": 0
    },
    {
      "id": 13964,
      "amount": 1,
      "slot": 0
    },
    {
      "id": 13967,
      "amount": 1,
      "slot": 0
    },
    {
      "id": 13985,
      "amount": 1,
      "slot": 0
    },
    {
      "id": 13988,
      "amount": 1,
      "slot": 0
    },
    {
      "id": 13973,
      "amount": 1,
      "slot": 0
    },
    {
      "id": 20726,
      "amount": 1,
      "slot": 0
    },
    {
      "id": 12285,
      "amount": 1,
      "slot": 0
    },
    {
      "id": 80,
      "amount": 7,
      "slot": 0
    },
    {
      "id": 13305,
      "amount": 1,
      "slot": 0
    },
    {
      "id": 13306,
      "amount": 1,
      "slot": 0
    },
    {
      "id": 13329,
      "amount": 5,
      "slot": 0
    },
    {
      "id": 8467,
      "amount": 1,
      "slot": 0
    },
    {
      "id": 11354,
      "amount": 1,
      "slot": 0
    },
    {
      "id": 13358,
      "amount": 2,
      "slot": 0
    },
    {
      "id": 14136,
      "amount": 1,
      "slot": 0
    },
    {
      "id": 13360,
      "amount": 2,
      "slot": 0
    },
    {
      "id": 13356,
      "amount": 1,
      "slot": 0
    },
    {
      "id": 13675,
      "amount": 1,
      "slot": 0
    },
    {
      "id": 6924,
      "amount": 2,
      "slot": 0
    },
    {
      "id": 19888,
      "amount": 1,
      "slot": 0
    },
    {
      "id": 219,
      "amount": 160,
      "slot": 0
    },
    {
      "id": 9144,
      "amount": 450,
      "slot": 0
    },
    {
      "id": 19370,
      "amount": 1,
      "slot": 0
    },
    {
      "id": 1619,
      "amount": 8,
      "slot": 0
    },
    {
      "id": 2361,
      "amount": 16,
      "slot": 0
    },
    {
      "id": 4666,
      "amount": 3,
      "slot": 0
    },
    {
      "id": 4686,
      "amount": 2,
      "slot": 0
    },
    {
      "id": 4673,
      "amount": 1,
      "slot": 0
    },
    {
      "id": 4679,
      "amount": 4,
      "slot": 0
    },
    {
      "id": 4669,
      "amount": 4,
      "slot": 0
    },
    {
      "id": 4665,
      "amount": 3,
      "slot": 0
    },
    {
      "id": 4671,
      "amount": 2,
      "slot": 0
    },
    {
      "id": 4685,
      "amount": 4,
      "slot": 0
    },
    {
      "id": 4657,
      "amount": 1,
      "slot": 0
    },
    {
      "id": 4658,
      "amount": 1,
      "slot": 0
    },
    {
      "id": 11230,
      "amount": 84925,
      "slot": 0
    },
    {
      "id": 561,
      "amount": 6,
      "slot": 0
    },
    {
      "id": 13557,
      "amount": 1,
      "slot": 0
    },
    {
      "id": 15835,
      "amount": 1,
      "slot": 0
    },
    {
      "id": 14381,
      "amount": 1,
      "slot": 0
    },
    {
      "id": 18786,
      "amount": 1,
      "slot": 0
    },
    {
      "id": 259,
      "amount": 1,
      "slot": 0
    },
    {
      "id": 12679,
      "amount": 1,
      "slot": 0
    },
    {
      "id": 15497,
      "amount": 1,
      "slot": 0
    },
    {
      "id": 12671,
      "amount": 1,
      "slot": 0
    },
    {
      "id": 12673,
      "amount": 1,
      "slot": 0
    },
    {
      "id": 12667,
      "amount": 1,
      "slot": 0
    },
    {
      "id": 12675,
      "amount": 1,
      "slot": 0
    },
    {
      "id": 12677,
      "amount": 1,
      "slot": 0
    },
    {
      "id": 3473,
      "amount": 1,
      "slot": 0
    },
    {
      "id": 6183,
      "amount": 809,
      "slot": 0
    }
  ],
  "bank-1": [
    {
      "id": 14011,
      "amount": 3,
      "slot": 0
    },
    {
      "id": 14012,
      "amount": 3,
      "slot": 0
    },
    {
      "id": 14013,
      "amount": 3,
      "slot": 0
    },
    {
      "id": 14008,
      "amount": 15,
      "slot": 0
    },
    {
      "id": 14009,
      "amount": 13,
      "slot": 0
    },
    {
      "id": 14010,
      "amount": 10,
      "slot": 0
    },
    {
      "id": 14014,
      "amount": 2,
      "slot": 0
    },
    {
      "id": 14015,
      "amount": 3,
      "slot": 0
    },
    {
      "id": 14016,
      "amount": 2,
      "slot": 0
    },
    {
      "id": 12927,
      "amount": 5,
      "slot": 0
    },
    {
      "id": 20013,
      "amount": 6,
      "slot": 0
    },
    {
      "id": 20014,
      "amount": 6,
      "slot": 0
    },
    {
      "id": 14062,
      "amount": 6,
      "slot": 0
    },
    {
      "id": 13995,
      "amount": 6,
      "slot": 0
    },
    {
      "id": 13994,
      "amount": 6,
      "slot": 0
    },
    {
      "id": 20016,
      "amount": 9,
      "slot": 0
    },
    {
      "id": 20017,
      "amount": 9,
      "slot": 0
    },
    {
      "id": 20018,
      "amount": 9,
      "slot": 0
    },
    {
      "id": 20021,
      "amount": 8,
      "slot": 0
    },
    {
      "id": 20022,
      "amount": 9,
      "slot": 0
    },
    {
      "id": 20012,
      "amount": 6,
      "slot": 0
    },
    {
      "id": 20010,
      "amount": 5,
      "slot": 0
    },
    {
      "id": 20011,
      "amount": 5,
      "slot": 0
    },
    {
      "id": 20019,
      "amount": 5,
      "slot": 0
    },
    {
      "id": 20020,
      "amount": 5,
      "slot": 0
    },
    {
      "id": 20059,
      "amount": 3,
      "slot": 0
    },
    {
      "id": 20057,
      "amount": 10,
      "slot": 0
    },
    {
      "id": 20058,
      "amount": 10,
      "slot": 0
    },
    {
      "id": 12601,
      "amount": 11,
      "slot": 0
    },
    {
      "id": 12284,
      "amount": 13,
      "slot": 0
    },
    {
      "id": 16711,
      "amount": 10,
      "slot": 0
    },
    {
      "id": 17259,
      "amount": 2,
      "slot": 0
    },
    {
      "id": 16689,
      "amount": 10,
      "slot": 0
    },
    {
      "id": 16293,
      "amount": 10,
      "slot": 0
    },
    {
      "id": 16359,
      "amount": 10,
      "slot": 0
    },
    {
      "id": 16733,
      "amount": 10,
      "slot": 0
    },
    {
      "id": 16667,
      "amount": 10,
      "slot": 0
    },
    {
      "id": 17361,
      "amount": 10,
      "slot": 0
    },
    {
      "id": 17291,
      "amount": 13,
      "slot": 0
    },
    {
      "id": 20061,
      "amount": 10,
      "slot": 0
    },
    {
      "id": 15492,
      "amount": 6,
      "slot": 0
    },
    {
      "id": 13263,
      "amount": 6,
      "slot": 0
    },
    {
      "id": 12708,
      "amount": 5,
      "slot": 0
    },
    {
      "id": 13239,
      "amount": 2,
      "slot": 0
    },
    {
      "id": 13235,
      "amount": 3,
      "slot": 0
    },
    {
      "id": 11613,
      "amount": 13,
      "slot": 0
    },
    {
      "id": 12926,
      "amount": 12,
      "slot": 0
    },
    {
      "id": 14484,
      "amount": 17,
      "slot": 0
    },
    {
      "id": 19112,
      "amount": 8,
      "slot": 0
    },
    {
      "id": 19780,
      "amount": 12,
      "slot": 0
    },
    {
      "id": 16403,
      "amount": 10,
      "slot": 0
    },
    {
      "id": 15773,
      "amount": 10,
      "slot": 0
    },
    {
      "id": 16955,
      "amount": 10,
      "slot": 0
    },
    {
      "id": 16909,
      "amount": 10,
      "slot": 0
    },
    {
      "id": 16425,
      "amount": 2,
      "slot": 0
    },
    {
      "id": 17143,
      "amount": 23,
      "slot": 0
    },
    {
      "id": 18351,
      "amount": 7,
      "slot": 0
    },
    {
      "id": 18355,
      "amount": 4,
      "slot": 0
    },
    {
      "id": 18353,
      "amount": 16,
      "slot": 0
    },
    {
      "id": 18349,
      "amount": 21,
      "slot": 0
    },
    {
      "id": 18357,
      "amount": 20,
      "slot": 0
    },
    {
      "id": 18363,
      "amount": 2,
      "slot": 0
    },
    {
      "id": 18361,
      "amount": 10,
      "slot": 0
    },
    {
      "id": 18359,
      "amount": 5,
      "slot": 0
    },
    {
      "id": 18335,
      "amount": 2,
      "slot": 0
    },
    {
      "id": 18346,
      "amount": 2,
      "slot": 0
    },
    {
      "id": 13742,
      "amount": 2,
      "slot": 0
    },
    {
      "id": 13744,
      "amount": 2,
      "slot": 0
    },
    {
      "id": 13740,
      "amount": 8,
      "slot": 0
    },
    {
      "id": 13738,
      "amount": 4,
      "slot": 0
    },
    {
      "id": 11554,
      "amount": 12,
      "slot": 0
    },
    {
      "id": 20000,
      "amount": 10,
      "slot": 0
    },
    {
      "id": 20001,
      "amount": 13,
      "slot": 0
    },
    {
      "id": 20002,
      "amount": 9,
      "slot": 0
    },
    {
      "id": 4706,
      "amount": 4,
      "slot": 0
    },
    {
      "id": 11283,
      "amount": 23,
      "slot": 0
    },
    {
      "id": 19111,
      "amount": 10,
      "slot": 0
    },
    {
      "id": 12282,
      "amount": 6,
      "slot": 0
    },
    {
      "id": 20555,
      "amount": 2,
      "slot": 0
    },
    {
      "id": 13051,
      "amount": 7,
      "slot": 0
    },
    {
      "id": 10551,
      "amount": 21,
      "slot": 0
    },
    {
      "id": 6570,
      "amount": 21,
      "slot": 0
    },
    {
      "id": 20998,
      "amount": 6,
      "slot": 0
    },
    {
      "id": 19149,
      "amount": 7,
      "slot": 0
    },
    {
      "id": 19146,
      "amount": 5,
      "slot": 0
    },
    {
      "id": 19143,
      "amount": 18,
      "slot": 0
    },
    {
      "id": 11724,
      "amount": 14,
      "slot": 0
    },
    {
      "id": 11726,
      "amount": 6,
      "slot": 0
    },
    {
      "id": 11718,
      "amount": 8,
      "slot": 0
    },
    {
      "id": 11720,
      "amount": 5,
      "slot": 0
    },
    {
      "id": 11722,
      "amount": 9,
      "slot": 0
    },
    {
      "id": 2581,
      "amount": 38,
      "slot": 0
    },
    {
      "id": 2577,
      "amount": 46,
      "slot": 0
    },
    {
      "id": 15220,
      "amount": 7,
      "slot": 0
    },
    {
      "id": 15018,
      "amount": 17,
      "slot": 0
    },
    {
      "id": 15020,
      "amount": 10,
      "slot": 0
    },
    {
      "id": 15019,
      "amount": 5,
      "slot": 0
    },
    {
      "id": 20072,
      "amount": 12,
      "slot": 0
    },
    {
      "id": 6731,
      "amount": 4,
      "slot": 0
    },
    {
      "id": 6737,
      "amount": 2,
      "slot": 0
    },
    {
      "id": 6735,
      "amount": 2,
      "slot": 0
    },
    {
      "id": 6733,
      "amount": 3,
      "slot": 0
    },
    {
      "id": 14022,
      "amount": 7,
      "slot": 0
    },
    {
      "id": 13262,
      "amount": 10,
      "slot": 0
    },
    {
      "id": 11664,
      "amount": 3,
      "slot": 0
    },
    {
      "id": 11665,
      "amount": 3,
      "slot": 0
    },
    {
      "id": 11663,
      "amount": 3,
      "slot": 0
    },
    {
      "id": 19785,
      "amount": 4,
      "slot": 0
    },
    {
      "id": 19786,
      "amount": 4,
      "slot": 0
    },
    {
      "id": 8842,
      "amount": 4,
      "slot": 0
    },
    {
      "id": 19712,
      "amount": 10,
      "slot": 0
    },
    {
      "id": 8841,
      "amount": 10,
      "slot": 0
    },
    {
      "id": 8839,
      "amount": 10,
      "slot": 0
    },
    {
      "id": 8840,
      "amount": 10,
      "slot": 0
    },
    {
      "id": 7462,
      "amount": 20,
      "slot": 0
    },
    {
      "id": 15241,
      "amount": 26,
      "slot": 0
    },
    {
      "id": 13905,
      "amount": 10,
      "slot": 0
    },
    {
      "id": 11698,
      "amount": 10,
      "slot": 0
    },
    {
      "id": 11696,
      "amount": 17,
      "slot": 0
    },
    {
      "id": 11694,
      "amount": 7,
      "slot": 0
    },
    {
      "id": 11700,
      "amount": 13,
      "slot": 0
    },
    {
      "id": 10550,
      "amount": 5,
      "slot": 0
    },
    {
      "id": 10548,
      "amount": 5,
      "slot": 0
    },
    {
      "id": 13887,
      "amount": 5,
      "slot": 0
    },
    {
      "id": 13893,
      "amount": 5,
      "slot": 0
    },
    {
      "id": 6914,
      "amount": 18,
      "slot": 0
    },
    {
      "id": 6889,
      "amount": 13,
      "slot": 0
    },
    {
      "id": 19340,
      "amount": 7,
      "slot": 0
    },
    {
      "id": 19336,
      "amount": 3,
      "slot": 0
    },
    {
      "id": 19337,
      "amount": 8,
      "slot": 0
    },
    {
      "id": 19338,
      "amount": 5,
      "slot": 0
    },
    {
      "id": 19339,
      "amount": 4,
      "slot": 0
    },
    {
      "id": 12790,
      "amount": 100003,
      "slot": 0
    },
    {
      "id": 18830,
      "amount": 99300,
      "slot": 0
    },
    {
      "id": 12279,
      "amount": 10,
      "slot": 0
    },
    {
      "id": 12278,
      "amount": 10,
      "slot": 0
    },
    {
      "id": 11926,
      "amount": 2,
      "slot": 0
    },
    {
      "id": 2550,
      "amount": 10,
      "slot": 0
    },
    {
      "id": 995,
      "amount": 1391496938,
      "slot": 0
    },
    {
      "id": 16184,
      "amount": 10,
      "slot": 0
    },
    {
      "id": 11974,
      "amount": 6,
      "slot": 0
    },
    {
      "id": 692,
      "amount": 10,
      "slot": 0
    },
    {
      "id": 12936,
      "amount": 10,
      "slot": 0
    },
    {
      "id": 11614,
      "amount": 4,
      "slot": 0
    },
    {
      "id": 19477,
      "amount": 12,
      "slot": 0
    },
    {
      "id": 19068,
      "amount": 2,
      "slot": 0
    },
    {
      "id": 19476,
      "amount": 11,
      "slot": 0
    },
    {
      "id": 13979,
      "amount": 11,
      "slot": 0
    },
    {
      "id": 13908,
      "amount": 11,
      "slot": 0
    },
    {
      "id": 4212,
      "amount": 5,
      "slot": 0
    },
    {
      "id": 4131,
      "amount": 11,
      "slot": 0
    },
    {
      "id": 1725,
      "amount": 428,
      "slot": 0
    },
    {
      "id": 9925,
      "amount": 10,
      "slot": 0
    },
    {
      "id": 4178,
      "amount": 9,
      "slot": 0
    },
    {
      "id": 4705,
      "amount": 5,
      "slot": 0
    },
    {
      "id": 6188,
      "amount": 2,
      "slot": 0
    },
    {
      "id": 19145,
      "amount": 10,
      "slot": 0
    },
    {
      "id": 2996,
      "amount": 7000,
      "slot": 0
    },
    {
      "id": 14020,
      "amount": 10,
      "slot": 0
    },
    {
      "id": 17237,
      "amount": 10,
      "slot": 0
    },
    {
      "id": 17017,
      "amount": 10,
      "slot": 0
    },
    {
      "id": 16931,
      "amount": 10,
      "slot": 0
    },
    {
      "id": 16865,
      "amount": 10,
      "slot": 0
    },
    {
      "id": 16755,
      "amount": 10,
      "slot": 0
    },
    {
      "id": 18889,
      "amount": 10,
      "slot": 0
    },
    {
      "id": 18890,
      "amount": 10,
      "slot": 0
    },
    {
      "id": 12603,
      "amount": 10,
      "slot": 0
    },
    {
      "id": 10499,
      "amount": 2,
      "slot": 0
    },
    {
      "id": 17171,
      "amount": 10,
      "slot": 0
    },
    {
      "id": 2680,
      "amount": 10,
      "slot": 0
    },
    {
      "id": 7979,
      "amount": 10,
      "slot": 0
    },
    {
      "id": 8264,
      "amount": 10,
      "slot": 0
    },
    {
      "id": 4714,
      "amount": 4,
      "slot": 0
    },
    {
      "id": 4712,
      "amount": 2,
      "slot": 0
    },
    {
      "id": 4708,
      "amount": 2,
      "slot": 0
    },
    {
      "id": 8465,
      "amount": 10,
      "slot": 0
    },
    {
      "id": 8469,
      "amount": 10,
      "slot": 0
    },
    {
      "id": 9185,
      "amount": 10,
      "slot": 0
    },
    {
      "id": 4732,
      "amount": 3,
      "slot": 0
    },
    {
      "id": 10350,
      "amount": 2,
      "slot": 0
    },
    {
      "id": 10348,
      "amount": 2,
      "slot": 0
    },
    {
      "id": 10346,
      "amount": 2,
      "slot": 0
    },
    {
      "id": 10352,
      "amount": 2,
      "slot": 0
    },
    {
      "id": 4734,
      "amount": 10,
      "slot": 0
    },
    {
      "id": 4740,
      "amount": 4990,
      "slot": 0
    },
    {
      "id": 2417,
      "amount": 10,
      "slot": 0
    },
    {
      "id": 11728,
      "amount": 10,
      "slot": 0
    },
    {
      "id": 1187,
      "amount": 2,
      "slot": 0
    },
    {
      "id": 11850,
      "amount": 2,
      "slot": 0
    },
    {
      "id": 11846,
      "amount": 2,
      "slot": 0
    },
    {
      "id": 2503,
      "amount": 243,
      "slot": 0
    },
    {
      "id": 3000,
      "amount": 3,
      "slot": 0
    },
    {
      "id": 21010,
      "amount": 10,
      "slot": 0
    },
    {
      "id": 4087,
      "amount": 10,
      "slot": 0
    },
    {
      "id": 15485,
      "amount": 11,
      "slot": 0
    },
    {
      "id": 15438,
      "amount": 10,
      "slot": 0
    },
    {
      "id": 84,
      "amount": 10,
      "slot": 0
    },
    {
      "id": 18949,
      "amount": 10,
      "slot": 0
    },
    {
      "id": 13058,
      "amount": 3,
      "slot": 0
    },
    {
      "id": 1215,
      "amount": 3,
      "slot": 0
    },
    {
      "id": 14007,
      "amount": 2,
      "slot": 0
    },
    {
      "id": 1515,
      "amount": 4,
      "slot": 0
    },
    {
      "id": 1517,
      "amount": 12,
      "slot": 0
    },
    {
      "id": 14579,
      "amount": 10,
      "slot": 0
    },
    {
      "id": 14389,
      "amount": 10,
      "slot": 0
    },
    {
      "id": 15678,
      "amount": 2,
      "slot": 0
    },
    {
      "id": 15679,
      "amount": 2,
      "slot": 0
    },
    {
      "id": 15677,
      "amount": 2,
      "slot": 0
    },
    {
      "id": 17293,
      "amount": 4,
      "slot": 0
    },
    {
      "id": 15675,
      "amount": 2,
      "slot": 0
    },
    {
      "id": 830,
      "amount": 975,
      "slot": 0
    },
    {
      "id": 888,
      "amount": 4377,
      "slot": 0
    },
    {
      "id": 15674,
      "amount": 3,
      "slot": 0
    },
    {
      "id": 14116,
      "amount": 10,
      "slot": 0
    },
    {
      "id": 16995,
      "amount": 2,
      "slot": 0
    },
    {
      "id": 16967,
      "amount": 10,
      "slot": 0
    },
    {
      "id": 16969,
      "amount": 10,
      "slot": 0
    },
    {
      "id": 18373,
      "amount": 10,
      "slot": 0
    },
    {
      "id": 15672,
      "amount": 10,
      "slot": 0
    },
    {
      "id": 15670,
      "amount": 10,
      "slot": 0
    },
    {
      "id": 15671,
      "amount": 10,
      "slot": 0
    },
    {
      "id": 1417,
      "amount": 21,
      "slot": 0
    },
    {
      "id": 15680,
      "amount": 500,
      "slot": 0
    },
    {
      "id": 640,
      "amount": 5,
      "slot": 0
    },
    {
      "id": 650,
      "amount": 3,
      "slot": 0
    },
    {
      "id": 4249,
      "amount": 10,
      "slot": 0
    },
    {
      "id": 2910,
      "amount": 10,
      "slot": 0
    },
    {
      "id": 2906,
      "amount": 10,
      "slot": 0
    },
    {
      "id": 2908,
      "amount": 10,
      "slot": 0
    },
    {
      "id": 2900,
      "amount": 10,
      "slot": 0
    },
    {
      "id": 2920,
      "amount": 10,
      "slot": 0
    },
    {
      "id": 2896,
      "amount": 10,
      "slot": 0
    },
    {
      "id": 2916,
      "amount": 10,
      "slot": 0
    },
    {
      "id": 2898,
      "amount": 10,
      "slot": 0
    },
    {
      "id": 2918,
      "amount": 10,
      "slot": 0
    },
    {
      "id": 2930,
      "amount": 10,
      "slot": 0
    },
    {
      "id": 2926,
      "amount": 10,
      "slot": 0
    },
    {
      "id": 2928,
      "amount": 10,
      "slot": 0
    },
    {
      "id": 656,
      "amount": 10,
      "slot": 0
    },
    {
      "id": 636,
      "amount": 10,
      "slot": 0
    },
    {
      "id": 646,
      "amount": 10,
      "slot": 0
    },
    {
      "id": 3791,
      "amount": 10,
      "slot": 0
    },
    {
      "id": 3795,
      "amount": 10,
      "slot": 0
    },
    {
      "id": 3793,
      "amount": 10,
      "slot": 0
    },
    {
      "id": 3797,
      "amount": 10,
      "slot": 0
    },
    {
      "id": 1704,
      "amount": 10,
      "slot": 0
    },
    {
      "id": 14578,
      "amount": 10,
      "slot": 0
    },
    {
      "id": 14580,
      "amount": 10,
      "slot": 0
    },
    {
      "id": 14122,
      "amount": 10,
      "slot": 0
    },
    {
      "id": 2689,
      "amount": 10,
      "slot": 0
    },
    {
      "id": 3799,
      "amount": 10,
      "slot": 0
    },
    {
      "id": 15040,
      "amount": 10,
      "slot": 0
    },
    {
      "id": 15039,
      "amount": 0,
      "slot": 0
    },
    {
      "id": 15037,
      "amount": 10,
      "slot": 0
    },
    {
      "id": 15036,
      "amount": 10,
      "slot": 0
    },
    {
      "id": 15042,
      "amount": 10,
      "slot": 0
    },
    {
      "id": 14577,
      "amount": 10,
      "slot": 0
    },
    {
      "id": 15338,
      "amount": 10,
      "slot": 0
    },
    {
      "id": 15034,
      "amount": 10,
      "slot": 0
    },
    {
      "id": 15035,
      "amount": 10,
      "slot": 0
    },
    {
      "id": 15041,
      "amount": 0,
      "slot": 0
    },
    {
      "id": 15043,
      "amount": 10,
      "slot": 0
    },
    {
      "id": 15044,
      "amount": 10,
      "slot": 0
    },
    {
      "id": 15339,
      "amount": 10,
      "slot": 0
    },
    {
      "id": 2412,
      "amount": 10,
      "slot": 0
    },
    {
      "id": 16741,
      "amount": 10,
      "slot": 0
    },
    {
      "id": 17223,
      "amount": 10,
      "slot": 0
    },
    {
      "id": 16851,
      "amount": 10,
      "slot": 0
    },
    {
      "id": 12929,
      "amount": 10,
      "slot": 0
    },
    {
      "id": 12934,
      "amount": 10,
      "slot": 0
    },
    {
      "id": 11757,
      "amount": 10,
      "slot": 0
    },
    {
      "id": 11758,
      "amount": 10,
      "slot": 0
    },
    {
      "id": 11756,
      "amount": 10,
      "slot": 0
    },
    {
      "id": 19022,
      "amount": 2,
      "slot": 0
    },
    {
      "id": 18957,
      "amount": 10,
      "slot": 0
    },
    {
      "id": 18930,
      "amount": 10,
      "slot": 0
    },
    {
      "id": 18911,
      "amount": 10,
      "slot": 0
    },
    {
      "id": 18902,
      "amount": 11,
      "slot": 0
    },
    {
      "id": 15443,
      "amount": 10,
      "slot": 0
    },
    {
      "id": 15441,
      "amount": 2,
      "slot": 0
    },
    {
      "id": 13045,
      "amount": 2,
      "slot": 0
    },
    {
      "id": 11924,
      "amount": 2,
      "slot": 0
    },
    {
      "id": 15673,
      "amount": 2,
      "slot": 0
    },
    {
      "id": 15038,
      "amount": 10,
      "slot": 0
    },
    {
      "id": 18747,
      "amount": 12,
      "slot": 0
    },
    {
      "id": 14097,
      "amount": 2,
      "slot": 0
    },
    {
      "id": 14121,
      "amount": 10,
      "slot": 0
    },
    {
      "id": 16929,
      "amount": 10,
      "slot": 0
    },
    {
      "id": 14117,
      "amount": 10,
      "slot": 0
    },
    {
      "id": 17466,
      "amount": 10,
      "slot": 0
    },
    {
      "id": 17484,
      "amount": 10,
      "slot": 0
    },
    {
      "id": 16273,
      "amount": 10,
      "slot": 0
    },
    {
      "id": 16753,
      "amount": 10,
      "slot": 0
    },
    {
      "id": 17235,
      "amount": 10,
      "slot": 0
    },
    {
      "id": 16863,
      "amount": 10,
      "slot": 0
    },
    {
      "id": 17169,
      "amount": 10,
      "slot": 0
    },
    {
      "id": 884,
      "amount": 1958,
      "slot": 0
    },
    {
      "id": 16713,
      "amount": 10,
      "slot": 0
    },
    {
      "id": 14095,
      "amount": 10,
      "slot": 0
    },
    {
      "id": 14094,
      "amount": 10,
      "slot": 0
    },
    {
      "id": 14096,
      "amount": 10,
      "slot": 0
    },
    {
      "id": 630,
      "amount": 10,
      "slot": 0
    },
    {
      "id": 14005,
      "amount": 2,
      "slot": 0
    },
    {
      "id": 14004,
      "amount": 10,
      "slot": 0
    },
    {
      "id": 14006,
      "amount": 2,
      "slot": 0
    },
    {
      "id": 19747,
      "amount": 10,
      "slot": 0
    },
    {
      "id": 4440,
      "amount": 10,
      "slot": 0
    },
    {
      "id": 13762,
      "amount": 10,
      "slot": 0
    },
    {
      "id": 18741,
      "amount": 10,
      "slot": 0
    },
    {
      "id": 4202,
      "amount": 10,
      "slot": 0
    },
    {
      "id": 16885,
      "amount": 10,
      "slot": 0
    },
    {
      "id": 17297,
      "amount": 2,
      "slot": 0
    },
    {
      "id": 1724,
      "amount": 11,
      "slot": 0
    },
    {
      "id": 17195,
      "amount": 10,
      "slot": 0
    },
    {
      "id": 17173,
      "amount": 10,
      "slot": 0
    },
    {
      "id": 17319,
      "amount": 10,
      "slot": 0
    },
    {
      "id": 19908,
      "amount": 1,
      "slot": 0
    },
    {
      "id": 19009,
      "amount": 2,
      "slot": 0
    },
    {
      "id": 19010,
      "amount": 2,
      "slot": 0
    },
    {
      "id": 15913,
      "amount": 10,
      "slot": 0
    },
    {
      "id": 16337,
      "amount": 5,
      "slot": 0
    },
    {
      "id": 16887,
      "amount": 3,
      "slot": 0
    },
    {
      "id": 16477,
      "amount": 569510,
      "slot": 0
    },
    {
      "id": 13961,
      "amount": 1,
      "slot": 0
    },
    {
      "id": 13958,
      "amount": 1,
      "slot": 0
    },
    {
      "id": 13970,
      "amount": 1,
      "slot": 0
    },
    {
      "id": 13337,
      "amount": 1,
      "slot": 0
    },
    {
      "id": 13280,
      "amount": 2,
      "slot": 0
    },
    {
      "id": 13355,
      "amount": 1,
      "slot": 0
    },
    {
      "id": 13236,
      "amount": 5,
      "slot": 0
    },
    {
      "id": 4444,
      "amount": 1,
      "slot": 0
    },
    {
      "id": 11976,
      "amount": 1,
      "slot": 0
    },
    {
      "id": 2485,
      "amount": 12,
      "slot": 0
    },
    {
      "id": 2686,
      "amount": 1,
      "slot": 0
    },
    {
      "id": 4234,
      "amount": 1,
      "slot": 0
    },
    {
      "id": 11994,
      "amount": 1,
      "slot": 0
    },
    {
      "id": 14637,
      "amount": 1,
      "slot": 0
    },
    {
      "id": 12681,
      "amount": 1,
      "slot": 0
    },
    {
      "id": 13890,
      "amount": 1,
      "slot": 0
    }
  ],
  "bank-2": [
    {
      "id": 1050,
      "amount": 5,
      "slot": 0
    },
    {
      "id": 14049,
      "amount": 3,
      "slot": 0
    },
    {
      "id": 14050,
      "amount": 10,
      "slot": 0
    },
    {
      "id": 14051,
      "amount": 11,
      "slot": 0
    },
    {
      "id": 14052,
      "amount": 10,
      "slot": 0
    },
    {
      "id": 14046,
      "amount": 10,
      "slot": 0
    },
    {
      "id": 1038,
      "amount": 10,
      "slot": 0
    },
    {
      "id": 1040,
      "amount": 10,
      "slot": 0
    },
    {
      "id": 1042,
      "amount": 10,
      "slot": 0
    },
    {
      "id": 1044,
      "amount": 10,
      "slot": 0
    },
    {
      "id": 1057,
      "amount": 10,
      "slot": 0
    },
    {
      "id": 1053,
      "amount": 10,
      "slot": 0
    },
    {
      "id": 1055,
      "amount": 10,
      "slot": 0
    },
    {
      "id": 11288,
      "amount": 10,
      "slot": 0
    },
    {
      "id": 5607,
      "amount": 2,
      "slot": 0
    },
    {
      "id": 1046,
      "amount": 10,
      "slot": 0
    },
    {
      "id": 1048,
      "amount": 10,
      "slot": 0
    },
    {
      "id": 14044,
      "amount": 10,
      "slot": 0
    },
    {
      "id": 14048,
      "amount": 10,
      "slot": 0
    },
    {
      "id": 14045,
      "amount": 11,
      "slot": 0
    },
    {
      "id": 4084,
      "amount": 2,
      "slot": 0
    },
    {
      "id": 15454,
      "amount": 10,
      "slot": 0
    },
    {
      "id": 15459,
      "amount": 10,
      "slot": 0
    },
    {
      "id": 15464,
      "amount": 10,
      "slot": 0
    },
    {
      "id": 15449,
      "amount": 10,
      "slot": 0
    },
    {
      "id": 14018,
      "amount": 3,
      "slot": 0
    },
    {
      "id": 12426,
      "amount": 10,
      "slot": 0
    },
    {
      "id": 12437,
      "amount": 10,
      "slot": 0
    },
    {
      "id": 1243,
      "amount": 10,
      "slot": 0
    }
  ],
  "bank-3": [
    {
      "id": 15332,
      "amount": 23,
      "slot": 0
    },
    {
      "id": 2440,
      "amount": 9,
      "slot": 0
    },
    {
      "id": 2436,
      "amount": 9,
      "slot": 0
    },
    {
      "id": 2442,
      "amount": 10,
      "slot": 0
    },
    {
      "id": 3024,
      "amount": 14,
      "slot": 0
    },
    {
      "id": 15313,
      "amount": 5,
      "slot": 0
    },
    {
      "id": 15317,
      "amount": 5,
      "slot": 0
    },
    {
      "id": 15309,
      "amount": 5,
      "slot": 0
    },
    {
      "id": 15325,
      "amount": 5,
      "slot": 0
    },
    {
      "id": 15321,
      "amount": 5,
      "slot": 0
    },
    {
      "id": 15333,
      "amount": 255,
      "slot": 0
    },
    {
      "id": 149,
      "amount": 10,
      "slot": 0
    },
    {
      "id": 161,
      "amount": 10,
      "slot": 0
    },
    {
      "id": 6111,
      "amount": 2,
      "slot": 0
    }
  ],
  "bank-4": [
    {
      "id": 565,
      "amount": 2017103,
      "slot": 0
    },
    {
      "id": 560,
      "amount": 56965,
      "slot": 0
    },
    {
      "id": 566,
      "amount": 5051,
      "slot": 0
    },
    {
      "id": 558,
      "amount": 2648,
      "slot": 0
    },
    {
      "id": 557,
      "amount": 3141,
      "slot": 0
    },
    {
      "id": 555,
      "amount": 31875,
      "slot": 0
    },
    {
      "id": 554,
      "amount": 208015,
      "slot": 0
    },
    {
      "id": 556,
      "amount": 207016,
      "slot": 0
    },
    {
      "id": 9075,
      "amount": 677,
      "slot": 0
    },
    {
      "id": 18778,
      "amount": 4,
      "slot": 0
    },
    {
      "id": 2415,
      "amount": 10,
      "slot": 0
    },
    {
      "id": 14128,
      "amount": 10,
      "slot": 0
    },
    {
      "id": 18779,
      "amount": 10,
      "slot": 0
    },
    {
      "id": 2681,
      "amount": 1,
      "slot": 0
    },
    {
      "id": 117,
      "amount": 1,
      "slot": 0
    },
    {
      "id": 563,
      "amount": 699,
      "slot": 0
    },
    {
      "id": 562,
      "amount": 1479,
      "slot": 0
    },
    {
      "id": 592,
      "amount": 1,
      "slot": 0
    },
    {
      "id": 6918,
      "amount": 3,
      "slot": 0
    },
    {
      "id": 7956,
      "amount": 1,
      "slot": 0
    },
    {
      "id": 2690,
      "amount": 1,
      "slot": 0
    },
    {
      "id": 6916,
      "amount": 1,
      "slot": 0
    }
  ],
  "bank-5": [
    {
      "id": 13855,
      "amount": 10,
      "slot": 0
    },
    {
      "id": 13849,
      "amount": 10,
      "slot": 0
    },
    {
      "id": 13850,
      "amount": 10,
      "slot": 0
    },
    {
      "id": 13851,
      "amount": 10,
      "slot": 0
    },
    {
      "id": 13852,
      "amount": 10,
      "slot": 0
    },
    {
      "id": 13853,
      "amount": 10,
      "slot": 0
    },
    {
      "id": 13854,
      "amount": 10,
      "slot": 0
    },
    {
      "id": 13856,
      "amount": 10,
      "slot": 0
    },
    {
      "id": 13848,
      "amount": 10,
      "slot": 0
    },
    {
      "id": 14605,
      "amount": 10,
      "slot": 0
    },
    {
      "id": 14602,
      "amount": 10,
      "slot": 0
    },
    {
      "id": 14603,
      "amount": 10,
      "slot": 0
    },
    {
      "id": 14595,
      "amount": 10,
      "slot": 0
    },
    {
      "id": 10406,
      "amount": 10,
      "slot": 0
    },
    {
      "id": 10404,
      "amount": 10,
      "slot": 0
    },
    {
      "id": 10414,
      "amount": 10,
      "slot": 0
    },
    {
      "id": 10412,
      "amount": 10,
      "slot": 0
    },
    {
      "id": 10410,
      "amount": 10,
      "slot": 0
    },
    {
      "id": 10408,
      "amount": 10,
      "slot": 0
    },
    {
      "id": 10418,
      "amount": 10,
      "slot": 0
    },
    {
      "id": 10416,
      "amount": 10,
      "slot": 0
    },
    {
      "id": 10402,
      "amount": 10,
      "slot": 0
    },
    {
      "id": 10400,
      "amount": 10,
      "slot": 0
    },
    {
      "id": 6192,
      "amount": 10,
      "slot": 0
    },
    {
      "id": 6194,
      "amount": 10,
      "slot": 0
    },
    {
      "id": 6190,
      "amount": 10,
      "slot": 0
    },
    {
      "id": 6188,
      "amount": 10,
      "slot": 0
    }
  ],
  "bank-6": [
    {
      "id": 17059,
      "amount": 10,
      "slot": 0
    },
    {
      "id": 17191,
      "amount": 10,
      "slot": 0
    },
    {
      "id": 17337,
      "amount": 10,
      "slot": 0
    },
    {
      "id": 17213,
      "amount": 3,
      "slot": 0
    },
    {
      "id": 17315,
      "amount": 10,
      "slot": 0
    },
    {
      "id": 17057,
      "amount": 10,
      "slot": 0
    },
    {
      "id": 17189,
      "amount": 10,
      "slot": 0
    },
    {
      "id": 17335,
      "amount": 10,
      "slot": 0
    },
    {
      "id": 17211,
      "amount": 10,
      "slot": 0
    },
    {
      "id": 17313,
      "amount": 10,
      "slot": 0
    },
    {
      "id": 17055,
      "amount": 10,
      "slot": 0
    },
    {
      "id": 17187,
      "amount": 10,
      "slot": 0
    },
    {
      "id": 17333,
      "amount": 10,
      "slot": 0
    },
    {
      "id": 17209,
      "amount": 10,
      "slot": 0
    },
    {
      "id": 17311,
      "amount": 10,
      "slot": 0
    },
    {
      "id": 17053,
      "amount": 10,
      "slot": 0
    },
    {
      "id": 17185,
      "amount": 10,
      "slot": 0
    },
    {
      "id": 17331,
      "amount": 10,
      "slot": 0
    },
    {
      "id": 17207,
      "amount": 10,
      "slot": 0
    },
    {
      "id": 17309,
      "amount": 2,
      "slot": 0
    },
    {
      "id": 17051,
      "amount": 10,
      "slot": 0
    },
    {
      "id": 17183,
      "amount": 10,
      "slot": 0
    },
    {
      "id": 17329,
      "amount": 10,
      "slot": 0
    },
    {
      "id": 17205,
      "amount": 10,
      "slot": 0
    },
    {
      "id": 17307,
      "amount": 10,
      "slot": 0
    },
    {
      "id": 17049,
      "amount": 10,
      "slot": 0
    },
    {
      "id": 17181,
      "amount": 10,
      "slot": 0
    },
    {
      "id": 17327,
      "amount": 10,
      "slot": 0
    },
    {
      "id": 17203,
      "amount": 10,
      "slot": 0
    },
    {
      "id": 17305,
      "amount": 10,
      "slot": 0
    },
    {
      "id": 17047,
      "amount": 10,
      "slot": 0
    },
    {
      "id": 17179,
      "amount": 10,
      "slot": 0
    },
    {
      "id": 17325,
      "amount": 10,
      "slot": 0
    },
    {
      "id": 17303,
      "amount": 10,
      "slot": 0
    },
    {
      "id": 17201,
      "amount": 10,
      "slot": 0
    },
    {
      "id": 17045,
      "amount": 10,
      "slot": 0
    },
    {
      "id": 17177,
      "amount": 10,
      "slot": 0
    },
    {
      "id": 17323,
      "amount": 10,
      "slot": 0
    },
    {
      "id": 17199,
      "amount": 10,
      "slot": 0
    },
    {
      "id": 17301,
      "amount": 10,
      "slot": 0
    },
    {
      "id": 17043,
      "amount": 10,
      "slot": 0
    },
    {
      "id": 17175,
      "amount": 10,
      "slot": 0
    },
    {
      "id": 17321,
      "amount": 10,
      "slot": 0
    },
    {
      "id": 17299,
      "amount": 10,
      "slot": 0
    },
    {
      "id": 17197,
      "amount": 10,
      "slot": 0
    },
    {
      "id": 17061,
      "amount": 10,
      "slot": 0
    },
    {
      "id": 17193,
      "amount": 10,
      "slot": 0
    },
    {
      "id": 17339,
      "amount": 2,
      "slot": 0
    },
    {
      "id": 17215,
      "amount": 10,
      "slot": 0
    },
    {
      "id": 17317,
      "amount": 10,
      "slot": 0
    },
    {
      "id": 16275,
      "amount": 10,
      "slot": 0
    },
    {
      "id": 17041,
      "amount": 10,
      "slot": 0
    }
  ],
  "bank-7": [
    {
      "id": 16383,
      "amount": 10,
      "slot": 0
    },
    {
      "id": 16691,
      "amount": 10,
      "slot": 0
    },
    {
      "id": 17239,
      "amount": 10,
      "slot": 0
    },
    {
      "id": 16647,
      "amount": 10,
      "slot": 0
    },
    {
      "id": 17341,
      "amount": 10,
      "slot": 0
    },
    {
      "id": 16339,
      "amount": 10,
      "slot": 0
    },
    {
      "id": 17063,
      "amount": 10,
      "slot": 0
    },
    {
      "id": 16889,
      "amount": 10,
      "slot": 0
    },
    {
      "id": 16405,
      "amount": 10,
      "slot": 0
    },
    {
      "id": 16935,
      "amount": 10,
      "slot": 0
    },
    {
      "id": 16385,
      "amount": 10,
      "slot": 0
    },
    {
      "id": 16693,
      "amount": 10,
      "slot": 0
    },
    {
      "id": 17241,
      "amount": 10,
      "slot": 0
    },
    {
      "id": 16671,
      "amount": 10,
      "slot": 0
    },
    {
      "id": 17343,
      "amount": 2,
      "slot": 0
    },
    {
      "id": 16341,
      "amount": 10,
      "slot": 0
    },
    {
      "id": 17071,
      "amount": 10,
      "slot": 0
    },
    {
      "id": 16891,
      "amount": 10,
      "slot": 0
    },
    {
      "id": 16407,
      "amount": 10,
      "slot": 0
    },
    {
      "id": 16937,
      "amount": 10,
      "slot": 0
    },
    {
      "id": 16387,
      "amount": 10,
      "slot": 0
    },
    {
      "id": 16695,
      "amount": 10,
      "slot": 0
    },
    {
      "id": 17243,
      "amount": 10,
      "slot": 0
    },
    {
      "id": 16651,
      "amount": 10,
      "slot": 0
    },
    {
      "id": 17345,
      "amount": 10,
      "slot": 0
    },
    {
      "id": 16343,
      "amount": 10,
      "slot": 0
    },
    {
      "id": 17079,
      "amount": 10,
      "slot": 0
    },
    {
      "id": 16893,
      "amount": 10,
      "slot": 0
    },
    {
      "id": 16409,
      "amount": 10,
      "slot": 0
    },
    {
      "id": 16939,
      "amount": 10,
      "slot": 0
    }
  ],
  "bank-8": [
    {
      "id": 13359,
      "amount": 1,
      "slot": 0
    },
    {
      "id": 13664,
      "amount": 1,
      "slot": 0
    },
    {
      "id": 13673,
      "amount": 1,
      "slot": 0
    },
    {
      "id": 13665,
      "amount": 1,
      "slot": 0
    },
    {
      "id": 13361,
      "amount": 1,
      "slot": 0
    },
    {
      "id": 13672,
      "amount": 1,
      "slot": 0
    },
    {
      "id": 13669,
      "amount": 1,
      "slot": 0
    },
    {
      "id": 13671,
      "amount": 1,
      "slot": 0
    },
    {
      "id": 13680,
      "amount": 2,
      "slot": 0
    },
    {
      "id": 13657,
      "amount": 3,
      "slot": 0
    },
    {
      "id": 13678,
      "amount": 1,
      "slot": 0
    },
    {
      "id": 13690,
      "amount": 2,
      "slot": 0
    },
    {
      "id": 13666,
      "amount": 2,
      "slot": 0
    },
    {
      "id": 13662,
      "amount": 1,
      "slot": 0
    },
    {
      "id": 13668,
      "amount": 1,
      "slot": 0
    },
    {
      "id": 13674,
      "amount": 1,
      "slot": 0
    },
    {
      "id": 13667,
      "amount": 1,
      "slot": 0
    },
    {
      "id": 13676,
      "amount": 1,
      "slot": 0
    },
    {
      "id": 13670,
      "amount": 1,
      "slot": 0
    },
    {
      "id": 13658,
      "amount": 3,
      "slot": 0
    },
    {
      "id": 13679,
      "amount": 2,
      "slot": 0
    }
  ],
  "ge-slots": [
    {
      "state": "EMPTY"
    },
    {
      "state": "EMPTY"
    },
    {
      "state": "EMPTY"
    },
    {
      "state": "EMPTY"
    },
    {
      "state": "EMPTY"
    },
    {
      "state": "EMPTY"
    }
  ],
  "charm-imp": [
    0,
    0,
    0,
    0
  ],
  "friends": [
    1485,
    23271028,
    78118618475491414,
    59649537587,
    26,
    412529,
    26061,
    5527,
    69992,
    19225768000,
    34606992599,
    860870466,
    1832575858410,
    2498624,
    1068196838361,
    1047411,
    6402017,
    50235930529,
    21261,
    108610086505,
    3295,
    465405165549876,
    615578,
    2784149713
  ],
  "ignores": [],
  "loyalty-titles": [
    true,
    true,
    true,
    true,
    true,
    true,
    true,
    true,
    true,
    true,
    true,
    true
  ],
  "kills": [
    {
      "npcName": "Portal",
      "amount": 116,
      "boss": true
    },
    {
      "npcName": "King Black Dragon",
      "amount": 24,
      "boss": true
    },
    {
      "npcName": "Slash Bash",
      "amount": 20,
      "boss": true
    },
    {
      "npcName": "Unholy Cursebearer",
      "amount": 75,
      "boss": true
    },
    {
      "npcName": "Tormented Demon",
      "amount": 15,
      "boss": true
    },
    {
      "npcName": "Barrelchest",
      "amount": 12,
      "boss": true
    },
    {
      "npcName": "Frost dragon",
      "amount": 18,
      "boss": true
    },
    {
      "npcName": "Dark beast",
      "amount": 11,
      "boss": true
    },
    {
      "npcName": "Kalphite Queen",
      "amount": 11,
      "boss": true
    },
    {
      "npcName": "Bork",
      "amount": 10,
      "boss": true
    },
    {
      "npcName": "Callisto",
      "amount": 10,
      "boss": true
    },
    {
      "npcName": "Cobra",
      "amount": 10,
      "boss": true
    },
    {
      "npcName": "Culinaromancer",
      "amount": 10,
      "boss": true
    },
    {
      "npcName": "Nex",
      "amount": 10,
      "boss": true
    },
    {
      "npcName": "Skotizo",
      "amount": 10,
      "boss": true
    },
    {
      "npcName": "Thermonuclear Smoke Devil",
      "amount": 10,
      "boss": true
    },
    {
      "npcName": "TzKal-Zuk",
      "amount": 10,
      "boss": true
    },
    {
      "npcName": "Venenatis",
      "amount": 14,
      "boss": true
    },
    {
      "npcName": "Vet\u0027ion",
      "amount": 10,
      "boss": true
    },
    {
      "npcName": "Giant Mole",
      "amount": 9,
      "boss": true
    },
    {
      "npcName": "Corporeal Beast",
      "amount": 7,
      "boss": true
    },
    {
      "npcName": "Death",
      "amount": 9,
      "boss": true
    },
    {
      "npcName": "Abyssal Sire",
      "amount": 6,
      "boss": true
    },
    {
      "npcName": "Cerberus",
      "amount": 6,
      "boss": true
    },
    {
      "npcName": "Scorpia",
      "amount": 6,
      "boss": true
    },
    {
      "npcName": "Glacor",
      "amount": 4,
      "boss": true
    },
    {
      "npcName": "Bandos Avatar",
      "amount": 3,
      "boss": true
    },
    {
      "npcName": "Chaos Elemental",
      "amount": 3,
      "boss": true
    },
    {
      "npcName": "Plane-freezer Lakhrahnaz",
      "amount": 3,
      "boss": true
    },
    {
      "npcName": "WildyWyrm",
      "amount": 3,
      "boss": true
    },
    {
      "npcName": "Diamond Boss",
      "amount": 2,
      "boss": true
    },
    {
      "npcName": "Lizardman Shaman",
      "amount": 2,
      "boss": true
    },
    {
      "npcName": "Zulrah",
      "amount": 7,
      "boss": true
    },
    {
      "npcName": "Rock Crab",
      "amount": 368,
      "boss": false
    },
    {
      "npcName": "Green dragon",
      "amount": 84,
      "boss": false
    },
    {
      "npcName": "Nezikchened",
      "amount": 57,
      "boss": false
    },
    {
      "npcName": "Nail beast",
      "amount": 25,
      "boss": false
    },
    {
      "npcName": "Ancient Mage",
      "amount": 16,
      "boss": false
    },
    {
      "npcName": "Arzinian Avatar of Ranging",
      "amount": 10,
      "boss": false
    },
    {
      "npcName": "Battle mage",
      "amount": 89,
      "boss": false
    },
    {
      "npcName": "Blood Reaver",
      "amount": 12,
      "boss": false
    },
    {
      "npcName": "Death wing",
      "amount": 10,
      "boss": false
    },
    {
      "npcName": "Mutant tarn",
      "amount": 10,
      "boss": false
    },
    {
      "npcName": "Shifter",
      "amount": 10,
      "boss": false
    },
    {
      "npcName": "Skeletal Wyvern",
      "amount": 10,
      "boss": false
    },
    {
      "npcName": "The Everlasting",
      "amount": 10,
      "boss": false
    },
    {
      "npcName": "The Illusive",
      "amount": 10,
      "boss": false
    },
    {
      "npcName": "The Inadequacy",
      "amount": 10,
      "boss": false
    },
    {
      "npcName": "Torcher",
      "amount": 10,
      "boss": false
    },
    {
      "npcName": "Tstanon Karlak",
      "amount": 10,
      "boss": false
    },
    {
      "npcName": "TzHaar-Xil",
      "amount": 10,
      "boss": false
    },
    {
      "npcName": "Weaponsmaster",
      "amount": 10,
      "boss": false
    },
    {
      "npcName": "Yak",
      "amount": 10,
      "boss": false
    },
    {
      "npcName": "Abyssal demon",
      "amount": 6,
      "boss": false
    },
    {
      "npcName": "Goblin",
      "amount": 6,
      "boss": false
    },
    {
      "npcName": "Experiment",
      "amount": 5,
      "boss": false
    },
    {
      "npcName": "Invrigar the Necromancer",
      "amount": 5,
      "boss": false
    },
    {
      "npcName": "Kalphite Worker",
      "amount": 4,
      "boss": false
    },
    {
      "npcName": "Necromancer",
      "amount": 4,
      "boss": false
    },
    {
      "npcName": "TzHaar-Ket",
      "amount": 4,
      "boss": false
    },
    {
      "npcName": "Ancient Ranger",
      "amount": 6,
      "boss": false
    },
    {
      "npcName": "Ancient Warrior",
      "amount": 6,
      "boss": false
    },
    {
      "npcName": "Ghost",
      "amount": 2,
      "boss": false
    },
    {
      "npcName": "Glod",
      "amount": 2,
      "boss": false
    },
    {
      "npcName": "Spinner",
      "amount": 2,
      "boss": false
    },
    {
      "npcName": "Angry juvinate",
      "amount": 1,
      "boss": false
    },
    {
      "npcName": "Woman",
      "amount": 1,
      "boss": false
    },
    {
      "npcName": "Imp",
      "amount": 36,
      "boss": false
    },
    {
      "npcName": "Snakeling",
      "amount": 5,
      "boss": false
    },
    {
      "npcName": "Broddi",
      "amount": 5,
      "boss": false
    }
  ],
  "drops": [
    {
      "item": 12158,
      "amount": 242,
      "rareDrop": false
    },
    {
      "item": 1619,
      "amount": 12,
      "rareDrop": false
    },
    {
      "item": 313,
      "amount": 324,
      "rareDrop": false
    },
    {
      "item": 12163,
      "amount": 49,
      "rareDrop": false
    },
    {
      "item": 439,
      "amount": 32,
      "rareDrop": false
    },
    {
      "item": 561,
      "amount": 632,
      "rareDrop": false
    },
    {
      "item": 995,
      "amount": 431495721,
      "rareDrop": false
    },
    {
      "item": 1625,
      "amount": 28,
      "rareDrop": false
    },
    {
      "item": 454,
      "amount": 314,
      "rareDrop": false
    },
    {
      "item": 7418,
      "amount": 9,
      "rareDrop": false
    },
    {
      "item": 1516,
      "amount": 300,
      "rareDrop": false
    },
    {
      "item": 9144,
      "amount": 28,
      "rareDrop": false
    },
    {
      "item": 311,
      "amount": 10,
      "rareDrop": false
    },
    {
      "item": 892,
      "amount": 337,
      "rareDrop": false
    },
    {
      "item": 592,
      "amount": 29,
      "rareDrop": false
    },
    {
      "item": 164,
      "amount": 16,
      "rareDrop": false
    },
    {
      "item": 6529,
      "amount": 1350,
      "rareDrop": false
    },
    {
      "item": 1621,
      "amount": 8,
      "rareDrop": false
    },
    {
      "item": 12159,
      "amount": 151,
      "rareDrop": false
    },
    {
      "item": 526,
      "amount": 89,
      "rareDrop": false
    },
    {
      "item": 1580,
      "amount": 10,
      "rareDrop": false
    },
    {
      "item": 6686,
      "amount": 7,
      "rareDrop": false
    },
    {
      "item": 565,
      "amount": 3720,
      "rareDrop": false
    },
    {
      "item": 886,
      "amount": 240,
      "rareDrop": false
    },
    {
      "item": 1454,
      "amount": 7,
      "rareDrop": false
    },
    {
      "item": 536,
      "amount": 111,
      "rareDrop": false
    },
    {
      "item": 1747,
      "amount": 24,
      "rareDrop": false
    },
    {
      "item": 443,
      "amount": 400,
      "rareDrop": false
    },
    {
      "item": 25,
      "amount": 26,
      "rareDrop": false
    },
    {
      "item": 1303,
      "amount": 6,
      "rareDrop": false
    },
    {
      "item": 2485,
      "amount": 8,
      "rareDrop": false
    },
    {
      "item": 1617,
      "amount": 6,
      "rareDrop": false
    },
    {
      "item": 563,
      "amount": 84,
      "rareDrop": false
    },
    {
      "item": 1373,
      "amount": 4,
      "rareDrop": false
    },
    {
      "item": 12160,
      "amount": 98,
      "rareDrop": false
    },
    {
      "item": 441,
      "amount": 81,
      "rareDrop": false
    },
    {
      "item": 830,
      "amount": 22,
      "rareDrop": false
    },
    {
      "item": 985,
      "amount": 4,
      "rareDrop": false
    },
    {
      "item": 403,
      "amount": 50,
      "rareDrop": false
    },
    {
      "item": 45,
      "amount": 35,
      "rareDrop": false
    },
    {
      "item": 5295,
      "amount": 6,
      "rareDrop": false
    },
    {
      "item": 407,
      "amount": 30,
      "rareDrop": false
    },
    {
      "item": 113,
      "amount": 10,
      "rareDrop": false
    },
    {
      "item": 1444,
      "amount": 10,
      "rareDrop": false
    },
    {
      "item": 805,
      "amount": 9,
      "rareDrop": false
    },
    {
      "item": 1623,
      "amount": 7,
      "rareDrop": false
    },
    {
      "item": 1753,
      "amount": 84,
      "rareDrop": false
    },
    {
      "item": 1149,
      "amount": 5,
      "rareDrop": false
    },
    {
      "item": 18830,
      "amount": 18,
      "rareDrop": false
    },
    {
      "item": 385,
      "amount": 19,
      "rareDrop": false
    },
    {
      "item": 1446,
      "amount": 10,
      "rareDrop": false
    },
    {
      "item": 1127,
      "amount": 10,
      "rareDrop": false
    },
    {
      "item": 560,
      "amount": 8815,
      "rareDrop": false
    },
    {
      "item": 203,
      "amount": 6,
      "rareDrop": false
    },
    {
      "item": 1452,
      "amount": 2,
      "rareDrop": false
    },
    {
      "item": 213,
      "amount": 6,
      "rareDrop": false
    },
    {
      "item": 209,
      "amount": 3,
      "rareDrop": false
    },
    {
      "item": 1069,
      "amount": 7,
      "rareDrop": false
    },
    {
      "item": 1111,
      "amount": 11,
      "rareDrop": false
    },
    {
      "item": 564,
      "amount": 2508,
      "rareDrop": false
    },
    {
      "item": 169,
      "amount": 10,
      "rareDrop": false
    },
    {
      "item": 1462,
      "amount": 7,
      "rareDrop": false
    },
    {
      "item": 15188,
      "amount": 4,
      "rareDrop": false
    },
    {
      "item": 437,
      "amount": 25,
      "rareDrop": false
    },
    {
      "item": 11974,
      "amount": 3,
      "rareDrop": true
    },
    {
      "item": 405,
      "amount": 13,
      "rareDrop": false
    },
    {
      "item": 392,
      "amount": 8,
      "rareDrop": false
    },
    {
      "item": 554,
      "amount": 3638,
      "rareDrop": false
    },
    {
      "item": 1357,
      "amount": 10,
      "rareDrop": false
    },
    {
      "item": 391,
      "amount": 2,
      "rareDrop": false
    },
    {
      "item": 199,
      "amount": 6,
      "rareDrop": false
    },
    {
      "item": 1247,
      "amount": 4,
      "rareDrop": false
    },
    {
      "item": 533,
      "amount": 300,
      "rareDrop": false
    },
    {
      "item": 2364,
      "amount": 150,
      "rareDrop": false
    },
    {
      "item": 2368,
      "amount": 3,
      "rareDrop": false
    },
    {
      "item": 218,
      "amount": 20,
      "rareDrop": false
    },
    {
      "item": 15321,
      "amount": 10,
      "rareDrop": false
    },
    {
      "item": 5667,
      "amount": 340,
      "rareDrop": false
    },
    {
      "item": 6685,
      "amount": 10,
      "rareDrop": false
    },
    {
      "item": 1347,
      "amount": 6,
      "rareDrop": false
    },
    {
      "item": 3052,
      "amount": 25,
      "rareDrop": false
    },
    {
      "item": 7946,
      "amount": 9,
      "rareDrop": false
    },
    {
      "item": 1514,
      "amount": 300,
      "rareDrop": false
    },
    {
      "item": 3054,
      "amount": 15,
      "rareDrop": false
    },
    {
      "item": 884,
      "amount": 680,
      "rareDrop": false
    },
    {
      "item": 2361,
      "amount": 6,
      "rareDrop": false
    },
    {
      "item": 5321,
      "amount": 176,
      "rareDrop": false
    },
    {
      "item": 384,
      "amount": 220,
      "rareDrop": false
    },
    {
      "item": 450,
      "amount": 65,
      "rareDrop": false
    },
    {
      "item": 7061,
      "amount": 250,
      "rareDrop": false
    },
    {
      "item": 5105,
      "amount": 1320,
      "rareDrop": false
    },
    {
      "item": 530,
      "amount": 10,
      "rareDrop": false
    },
    {
      "item": 1333,
      "amount": 10,
      "rareDrop": false
    },
    {
      "item": 1403,
      "amount": 10,
      "rareDrop": false
    },
    {
      "item": 532,
      "amount": 12,
      "rareDrop": false
    },
    {
      "item": 987,
      "amount": 5,
      "rareDrop": false
    },
    {
      "item": 1369,
      "amount": 2,
      "rareDrop": false
    },
    {
      "item": 13045,
      "amount": 10,
      "rareDrop": true
    }
  ],
  "achievements-completion": [
    true,
    true,
    true,
    true,
    true,
    true,
    true,
    true,
    true,
    true,
    true,
    true,
    true,
    true,
    true,
    true,
    true,
    true,
    true,
    true,
    true,
    true,
    true,
    true,
    true,
    true,
    true,
    true,
    true,
    true,
    true,
    true,
    true,
    true,
    true,
    true,
    true,
    true,
    true,
    true,
    true,
    true,
    true,
    true,
    true,
    true,
    true,
    true,
    true,
    true,
    true,
    true,
    true,
    true,
    true,
    true,
    true,
    true,
    true,
    true,
    true,
    true,
    true,
    true,
    true,
    true,
    true,
    true,
    true,
    true,
    true,
    true,
    true,
    true,
    true,
    true,
    true,
    true,
    true,
    true,
    true,
    true,
    true,
    true,
    true,
    true,
    true,
    true,
    true,
    true,
    true,
    true,
    true,
    true,
    true,
    true,
    true,
    true,
    true,
    true,
    true
  ],
  "achievements-progress": [
    992,
    0,
    0,
    0,
    0,
    0,
    0,
    0,
    0,
    1,
    0,
    0,
    0,
    0,
    0,
    0,
    1,
    0,
    0,
    0,
    0,
    5765,
    0,
    0,
    0,
    0,
    0,
    0,
    0,
    0,
    1,
    0,
    0,
    0,
    0,
    0,
    0,
    0,
    0,
    0,
    0,
    0,
    0,
    5765,
    0,
    1,
    0,
    0,
    0,
    10,
    0,
    0,
    3
  ],
  "max-cape-colors": [
    65214,
    65200,
    65186,
    62995
  ],
  "comp-cape-colors": [
    127,
    21244,
    41844,
    62995
  ],
  "player-title": "@or2@Team",
  "set-home": {
    "x": 2719,
    "y": 5313,
    "z": 0
  }
}