{
  "total-play-time-ms": 78029344,
  "username": "Skillful",
  "password": "cpw12345",
  "email": "null",
  "staff-rights": "RUBY_MEMBER",
  "game-mode": "NORMAL",
  "boss-points": 449,
  "loyalty-title": "NONE",
  "position": {
    "x": 2269,
    "y": 3069,
    "z": 8
  },
  "online-status": "ON",
  "yell-title": "ApeX",
  "given-starter": true,
  "is-instanced": false,
  "money-pouch": 12700734,
  "donated": 1000,
  "password-reset": 2,
  "minutes-bonus-exp": -1,
  "total-gained-exp": 1674015140,
  "prestige-points": 6,
  "achievement-points": 15,
  "dung-tokens": 0,
  "commendations": 48,
  "loyalty-points": 50544,
  "total-loyalty-points": 50544.5,
  "voting-points": 0,
  "slayer-points": 28,
  "hide-player": false,
  "pk-points": 1,
  "donation-points": 0,
  "trivia-points": 158,
  "cluescompleted": 13,
  "player-kills": 3,
  "player-killstreak": 0,
  "player-deaths": 1,
  "target-percentage": 0,
  "bh-rank": 0,
  "gender": "MALE",
  "spell-book": "NORMAL",
  "shop-updated": false,
  "shop-earnings": 0,
  "prayer-book": "CURSES",
  "running": true,
  "run-energy": 100,
  "music": false,
  "sounds": false,
  "auto-retaliate": true,
  "xp-locked": true,
  "veng-cast": false,
  "last-veng": 428447487,
  "fight-type": "SHORTBOW_RAPID",
  "sol-effect": 0,
  "skull-timer": 0,
  "accept-aid": false,
  "venom-damage": 0,
  "venom-immunity": 0,
  "poison-damage": 0,
  "poison-immunity": 0,
  "overload-timer": 0,
  "fire-immunity": 0,
  "fire-damage-mod": 0,
  "prayer-renewal-timer": 0,
  "teleblock-timer": 0,
  "special-amount": 75,
  "entered-gwd-room": false,
  "gwd-altar-delay": 0,
  "gwd-killcount": [
    0,
    0,
    0,
    0
  ],
  "effigy": 1,
  "summon-npc": -1,
  "summon-death": -1,
  "process-farming": false,
  "clanchat": "null",
  "autocast": false,
  "autocast-spell": -1,
  "dfs-charges": 0,
  "coins-gambled": 0,
  "slayer-master": "VANNAKA",
  "slayer-task": "DEADLY_RED_SPIDER",
  "prev-slayer-task": "BANSHEE",
  "task-amount": 49,
  "task-streak": 6,
  "duo-partner": "null",
  "double-slay-xp": false,
  "recoil-deg": 0,
  "brawler-deg": [
    0,
    0,
    0,
    0,
    0,
    0,
    0,
    0,
    0
  ],
  "killed-players": [
    "D"
  ],
  "killed-gods": [
    false,
    false,
    false,
    false,
    false
  ],
  "barrows-brother": [
    [
      2030,
      0
    ],
    [
      2029,
      0
    ],
    [
      2028,
      0
    ],
    [
      2027,
      0
    ],
    [
      2026,
      0
    ],
    [
      2025,
      0
    ]
  ],
  "random-coffin": 0,
  "barrows-killcount": 0,
  "nomad": [
    false,
    false
  ],
  "recipe-for-disaster": [
    true,
    true,
    false,
    true,
    true,
    true,
    true,
    true,
    true
  ],
  "recipe-for-disaster-wave": 6,
  "dung-items-bound": [
    0,
    0,
    0,
    0,
    0
  ],
  "rune-ess": 0,
  "pure-ess": 0,
  "has-bank-pin": false,
  "last-pin-attempt": 0,
  "invalid-pin-attempts": 0,
  "bank-pin": [
    0,
    0,
    0,
    0
  ],
  "appearance": [
    0,
    1,
    18,
    27,
    33,
    36,
    42,
    11,
    1,
    1,
    2,
    0,
    0
  ],
  "agility-obj": [
    false,
    false,
    false,
    false,
    false,
    false,
    false
  ],
  "skills": {
    "level": [
      99,
      99,
      99,
      990,
      99,
      541,
      99,
      98,
      99,
      99,
      99,
      83,
      79,
      95,
      90,
      98,
      79,
      94,
      81,
      64,
      87,
      79,
      64,
      1,
      79
    ],
    "maxLevel": [
      99,
      99,
      99,
      990,
      99,
      990,
      99,
      98,
      99,
      99,
      99,
      83,
      79,
      95,
      90,
      98,
      79,
      94,
      81,
      64,
      87,
      79,
      64,
      99,
      79
    ],
    "experience": [
      32322719,
      62763600,
      19182242,
      490237320,
      799641624,
      21514233,
      14526893,
      12497826,
      25624662,
      15789058,
      15789058,
      2889318,
      1876791,
      9419179,
      5426284,
      12497826,
      1876791,
      8550335,
      2301665,
      448529,
      3983879,
      1876791,
      448529,
      15789058,
      1876791
    ]
  },
  "inventory": [
    {
      "id": 1514,
      "amount": 70,
      "slot": 0
    },
    {
      "id": 7945,
      "amount": 120,
      "slot": 0
    },
    {
      "id": 1778,
      "amount": 128,
      "slot": 0
    },
    {
      "id": 565,
      "amount": 60,
      "slot": 0
    },
    {
      "id": -1,
      "amount": 0,
      "slot": 0
    },
    {
      "id": -1,
      "amount": 0,
      "slot": 0
    },
    {
      "id": -1,
      "amount": 0,
      "slot": 0
    },
    {
      "id": -1,
      "amount": 0,
      "slot": 0
    },
    {
      "id": -1,
      "amount": 0,
      "slot": 0
    },
    {
      "id": -1,
      "amount": 0,
      "slot": 0
    },
    {
      "id": -1,
      "amount": 0,
      "slot": 0
    },
    {
      "id": -1,
      "amount": 0,
      "slot": 0
    },
    {
      "id": -1,
      "amount": 0,
      "slot": 0
    },
    {
      "id": -1,
      "amount": 0,
      "slot": 0
    },
    {
      "id": -1,
      "amount": 0,
      "slot": 0
    },
    {
      "id": -1,
      "amount": 0,
      "slot": 0
    },
    {
      "id": -1,
      "amount": 0,
      "slot": 0
    },
    {
      "id": -1,
      "amount": 0,
      "slot": 0
    },
    {
      "id": -1,
      "amount": 0,
      "slot": 0
    },
    {
      "id": -1,
      "amount": 0,
      "slot": 0
    },
    {
      "id": -1,
      "amount": 0,
      "slot": 0
    },
    {
      "id": -1,
      "amount": 0,
      "slot": 0
    },
    {
      "id": -1,
      "amount": 0,
      "slot": 0
    },
    {
      "id": -1,
      "amount": 0,
      "slot": 0
    },
    {
      "id": -1,
      "amount": 0,
      "slot": 0
    },
    {
      "id": -1,
      "amount": 0,
      "slot": 0
    },
    {
      "id": -1,
      "amount": 0,
      "slot": 0
    },
    {
      "id": -1,
      "amount": 0,
      "slot": 0
    }
  ],
  "equipment": [
    {
      "id": 11664,
      "amount": 1,
      "slot": 0
    },
    {
      "id": 10499,
      "amount": 1,
      "slot": 0
    },
    {
      "id": 1725,
      "amount": 1,
      "slot": 0
    },
    {
      "id": 4706,
      "amount": 1,
      "slot": 0
    },
    {
      "id": 19785,
      "amount": 1,
      "slot": 0
    },
    {
      "id": -1,
      "amount": 0,
      "slot": 0
    },
    {
      "id": -1,
      "amount": 0,
      "slot": 0
    },
    {
      "id": 19786,
      "amount": 1,
      "slot": 0
    },
    {
      "id": -1,
      "amount": 0,
      "slot": 0
    },
    {
      "id": 8842,
      "amount": 1,
      "slot": 0
    },
    {
      "id": 3105,
      "amount": 1,
      "slot": 0
    },
    {
      "id": -1,
      "amount": 0,
      "slot": 0
    },
    {
      "id": 2572,
      "amount": 1,
      "slot": 0
    },
    {
      "id": -1,
      "amount": 0,
      "slot": 0
    }
  ],
  "bank-0": [
    {
      "id": 995,
      "amount": 814241642,
      "slot": 0
    },
    {
      "id": 12632,
      "amount": 10,
      "slot": 0
    },
    {
      "id": 5023,
      "amount": 1,
      "slot": 0
    },
    {
      "id": 952,
      "amount": 1,
      "slot": 0
    },
    {
      "id": 6192,
      "amount": 4,
      "slot": 0
    },
    {
      "id": 6194,
      "amount": 3,
      "slot": 0
    },
    {
      "id": 6190,
      "amount": 3,
      "slot": 0
    },
    {
      "id": 989,
      "amount": 2,
      "slot": 0
    }
  ],
  "bank-1": [
    {
      "id": 4587,
      "amount": 1,
      "slot": 0
    },
    {
      "id": 5680,
      "amount": 1,
      "slot": 0
    },
    {
      "id": 4153,
      "amount": 1,
      "slot": 0
    },
    {
      "id": 14484,
      "amount": 1,
      "slot": 0
    },
    {
      "id": 1215,
      "amount": 1,
      "slot": 0
    },
    {
      "id": 1249,
      "amount": 2,
      "slot": 0
    },
    {
      "id": 4151,
      "amount": 1,
      "slot": 0
    },
    {
      "id": 1373,
      "amount": 1,
      "slot": 0
    },
    {
      "id": 13899,
      "amount": 1,
      "slot": 0
    }
  ],
  "bank-2": [
    {
      "id": 10828,
      "amount": 1,
      "slot": 0
    },
    {
      "id": 1127,
      "amount": 1,
      "slot": 0
    },
    {
      "id": 1079,
      "amount": 1,
      "slot": 0
    },
    {
      "id": 1201,
      "amount": 1,
      "slot": 0
    },
    {
      "id": 1704,
      "amount": 1,
      "slot": 0
    },
    {
      "id": 1725,
      "amount": 0,
      "slot": 0
    },
    {
      "id": 11732,
      "amount": 1,
      "slot": 0
    },
    {
      "id": 6524,
      "amount": 1,
      "slot": 0
    },
    {
      "id": 7462,
      "amount": 1,
      "slot": 0
    },
    {
      "id": 4391,
      "amount": 1,
      "slot": 0
    },
    {
      "id": 1185,
      "amount": 1,
      "slot": 0
    },
    {
      "id": 10551,
      "amount": 3,
      "slot": 0
    },
    {
      "id": 19785,
      "amount": 0,
      "slot": 0
    },
    {
      "id": 19786,
      "amount": 0,
      "slot": 0
    },
    {
      "id": 3105,
      "amount": 0,
      "slot": 0
    },
    {
      "id": 8842,
      "amount": 0,
      "slot": 0
    },
    {
      "id": 6568,
      "amount": 1,
      "slot": 0
    },
    {
      "id": 11924,
      "amount": 1,
      "slot": 0
    },
    {
      "id": 11926,
      "amount": 1,
      "slot": 0
    },
    {
      "id": 10564,
      "amount": 1,
      "slot": 0
    },
    {
      "id": 6809,
      "amount": 1,
      "slot": 0
    },
    {
      "id": 1149,
      "amount": 1,
      "slot": 0
    },
    {
      "id": 2572,
      "amount": 1,
      "slot": 0
    }
  ],
  "bank-3": [
    {
      "id": 882,
      "amount": 410,
      "slot": 0
    },
    {
      "id": 888,
      "amount": 1613,
      "slot": 0
    },
    {
      "id": 890,
      "amount": 1830,
      "slot": 0
    },
    {
      "id": 892,
      "amount": 5040,
      "slot": 0
    },
    {
      "id": 11212,
      "amount": 1071,
      "slot": 0
    },
    {
      "id": 9144,
      "amount": 585,
      "slot": 0
    },
    {
      "id": 9244,
      "amount": 1296,
      "slot": 0
    },
    {
      "id": 866,
      "amount": 6892,
      "slot": 0
    },
    {
      "id": 868,
      "amount": 1354,
      "slot": 0
    },
    {
      "id": 19712,
      "amount": 1,
      "slot": 0
    },
    {
      "id": 2581,
      "amount": 2,
      "slot": 0
    },
    {
      "id": 10499,
      "amount": 0,
      "slot": 0
    },
    {
      "id": 1011,
      "amount": 1,
      "slot": 0
    },
    {
      "id": 15332,
      "amount": 1,
      "slot": 0
    },
    {
      "id": 2491,
      "amount": 1,
      "slot": 0
    },
    {
      "id": 11664,
      "amount": 0,
      "slot": 0
    },
    {
      "id": 4706,
      "amount": 0,
      "slot": 0
    },
    {
      "id": 841,
      "amount": 1,
      "slot": 0
    },
    {
      "id": 11665,
      "amount": 1,
      "slot": 0
    },
    {
      "id": 1478,
      "amount": 1,
      "slot": 0
    },
    {
      "id": 9185,
      "amount": 1,
      "slot": 0
    },
    {
      "id": 2,
      "amount": 889,
      "slot": 0
    }
  ],
  "bank-4": [
    {
      "id": 565,
      "amount": 4238,
      "slot": 0
    },
    {
      "id": 560,
      "amount": 4153,
      "slot": 0
    },
    {
      "id": 558,
      "amount": 5931,
      "slot": 0
    },
    {
      "id": 557,
      "amount": 2436,
      "slot": 0
    },
    {
      "id": 555,
      "amount": 4720,
      "slot": 0
    },
    {
      "id": 554,
      "amount": 4393,
      "slot": 0
    },
    {
      "id": 566,
      "amount": 3040,
      "slot": 0
    },
    {
      "id": 563,
      "amount": 661,
      "slot": 0
    },
    {
      "id": 562,
      "amount": 2891,
      "slot": 0
    },
    {
      "id": 561,
      "amount": 1267,
      "slot": 0
    },
    {
      "id": 556,
      "amount": 288,
      "slot": 0
    },
    {
      "id": 564,
      "amount": 3872,
      "slot": 0
    },
    {
      "id": 559,
      "amount": 1500,
      "slot": 0
    },
    {
      "id": 1383,
      "amount": 6,
      "slot": 0
    },
    {
      "id": 579,
      "amount": 0,
      "slot": 0
    },
    {
      "id": 577,
      "amount": 1,
      "slot": 0
    },
    {
      "id": 1381,
      "amount": 1,
      "slot": 0
    },
    {
      "id": 640,
      "amount": 1,
      "slot": 0
    },
    {
      "id": 650,
      "amount": 1,
      "slot": 0
    },
    {
      "id": 4091,
      "amount": 3,
      "slot": 0
    },
    {
      "id": 4093,
      "amount": 2,
      "slot": 0
    },
    {
      "id": 4105,
      "amount": 2,
      "slot": 0
    },
    {
      "id": 6889,
      "amount": 2,
      "slot": 0
    },
    {
      "id": 6914,
      "amount": 1,
      "slot": 0
    }
  ],
  "bank-5": [
    {
      "id": 377,
      "amount": 1464,
      "slot": 0
    },
    {
      "id": 379,
      "amount": 103,
      "slot": 0
    },
    {
      "id": 385,
      "amount": 252,
      "slot": 0
    },
    {
      "id": 383,
      "amount": 413,
      "slot": 0
    },
    {
      "id": 15272,
      "amount": 4,
      "slot": 0
    },
    {
      "id": 15270,
      "amount": 284,
      "slot": 0
    },
    {
      "id": 373,
      "amount": 464,
      "slot": 0
    },
    {
      "id": 371,
      "amount": 3735,
      "slot": 0
    },
    {
      "id": 7944,
      "amount": 956,
      "slot": 0
    },
    {
      "id": 3024,
      "amount": 6,
      "slot": 0
    },
    {
      "id": 141,
      "amount": 1,
      "slot": 0
    },
    {
      "id": 3028,
      "amount": 1,
      "slot": 0
    },
    {
      "id": 6685,
      "amount": 1000,
      "slot": 0
    },
    {
      "id": 2442,
      "amount": 10,
      "slot": 0
    },
    {
      "id": 2440,
      "amount": 10,
      "slot": 0
    },
    {
      "id": 2436,
      "amount": 10,
      "slot": 0
    },
    {
      "id": 391,
      "amount": 52,
      "slot": 0
    }
  ],
  "bank-6": [
    {
      "id": 11975,
      "amount": 3,
      "slot": 0
    },
    {
      "id": 11974,
      "amount": 1,
      "slot": 0
    }
  ],
  "bank-7": [
    {
      "id": 6188,
      "amount": 1,
      "slot": 0
    },
    {
      "id": 7332,
      "amount": 3,
      "slot": 0
    },
    {
      "id": 7338,
      "amount": 1,
      "slot": 0
    },
    {
      "id": 7350,
      "amount": 1,
      "slot": 0
    },
    {
      "id": 7356,
      "amount": 2,
      "slot": 0
    },
    {
      "id": 7334,
      "amount": 1,
      "slot": 0
    },
    {
      "id": 2585,
      "amount": 1,
      "slot": 0
    },
    {
      "id": 2591,
      "amount": 1,
      "slot": 0
    },
    {
      "id": 7368,
      "amount": 1,
      "slot": 0
    },
    {
      "id": 7390,
      "amount": 1,
      "slot": 0
    },
    {
      "id": 14595,
      "amount": 1,
      "slot": 0
    },
    {
      "id": 19325,
      "amount": 1,
      "slot": 0
    },
    {
      "id": 2637,
      "amount": 1,
      "slot": 0
    },
    {
      "id": 2633,
      "amount": 1,
      "slot": 0
    },
    {
      "id": 2661,
      "amount": 1,
      "slot": 0
    },
    {
      "id": 7003,
      "amount": 1,
      "slot": 0
    },
    {
      "id": 2589,
      "amount": 1,
      "slot": 0
    },
    {
      "id": 2605,
      "amount": 1,
      "slot": 0
    },
    {
      "id": 7364,
      "amount": 1,
      "slot": 0
    },
    {
      "id": 7362,
      "amount": 1,
      "slot": 0
    },
    {
      "id": 7396,
      "amount": 1,
      "slot": 0
    },
    {
      "id": 7392,
      "amount": 1,
      "slot": 0
    },
    {
      "id": 7388,
      "amount": 1,
      "slot": 0
    },
    {
      "id": 2579,
      "amount": 1,
      "slot": 0
    },
    {
      "id": 2587,
      "amount": 1,
      "slot": 0
    },
    {
      "id": 2655,
      "amount": 2,
      "slot": 0
    },
    {
      "id": 2653,
      "amount": 1,
      "slot": 0
    },
    {
      "id": 2683,
      "amount": 1,
      "slot": 0
    },
    {
      "id": 2687,
      "amount": 1,
      "slot": 0
    },
    {
      "id": 2679,
      "amount": 1,
      "slot": 0
    },
    {
      "id": 2665,
      "amount": 1,
      "slot": 0
    }
  ],
  "bank-8": [
    {
      "id": 1359,
      "amount": 1,
      "slot": 0
    },
    {
      "id": 1513,
      "amount": 880,
      "slot": 0
    },
    {
      "id": 1515,
      "amount": 1409,
      "slot": 0
    },
    {
      "id": 18778,
      "amount": 14,
      "slot": 0
    },
    {
      "id": 6571,
      "amount": 3,
      "slot": 0
    },
    {
      "id": 18830,
      "amount": 32,
      "slot": 0
    },
    {
      "id": 2366,
      "amount": 2,
      "slot": 0
    },
    {
      "id": 1265,
      "amount": 1,
      "slot": 0
    },
    {
      "id": 438,
      "amount": 14,
      "slot": 0
    },
    {
      "id": 534,
      "amount": 211,
      "slot": 0
    },
    {
      "id": 444,
      "amount": 14,
      "slot": 0
    },
    {
      "id": 447,
      "amount": 574,
      "slot": 0
    },
    {
      "id": 440,
      "amount": 5,
      "slot": 0
    },
    {
      "id": 453,
      "amount": 842,
      "slot": 0
    },
    {
      "id": 436,
      "amount": 2,
      "slot": 0
    },
    {
      "id": 1617,
      "amount": 1,
      "slot": 0
    },
    {
      "id": 1623,
      "amount": 1,
      "slot": 0
    },
    {
      "id": 1275,
      "amount": 1,
      "slot": 0
    },
    {
      "id": 536,
      "amount": 422,
      "slot": 0
    },
    {
      "id": 451,
      "amount": 252,
      "slot": 0
    },
    {
      "id": 1631,
      "amount": 7,
      "slot": 0
    },
    {
      "id": 7936,
      "amount": 1230,
      "slot": 0
    },
    {
      "id": 1621,
      "amount": 116,
      "slot": 0
    },
    {
      "id": 201,
      "amount": 228,
      "slot": 0
    },
    {
      "id": 207,
      "amount": 102,
      "slot": 0
    },
    {
      "id": 211,
      "amount": 63,
      "slot": 0
    },
    {
      "id": 2361,
      "amount": 112,
      "slot": 0
    },
    {
      "id": 2363,
      "amount": 22,
      "slot": 0
    },
    {
      "id": 219,
      "amount": 55,
      "slot": 0
    },
    {
      "id": 215,
      "amount": 232,
      "slot": 0
    },
    {
      "id": 205,
      "amount": 238,
      "slot": 0
    },
    {
      "id": 532,
      "amount": 183,
      "slot": 0
    },
    {
      "id": 5304,
      "amount": 75,
      "slot": 0
    },
    {
      "id": 3138,
      "amount": 1,
      "slot": 0
    },
    {
      "id": 5316,
      "amount": 10,
      "slot": 0
    },
    {
      "id": 1777,
      "amount": 768,
      "slot": 0
    },
    {
      "id": 5321,
      "amount": 24,
      "slot": 0
    },
    {
      "id": 9143,
      "amount": 3436,
      "slot": 0
    }
  ],
  "ge-slots": [
    {
      "state": "EMPTY"
    },
    {
      "state": "EMPTY"
    },
    {
      "state": "EMPTY"
    },
    {
      "state": "EMPTY"
    },
    {
      "state": "EMPTY"
    },
    {
      "state": "EMPTY"
    }
  ],
  "charm-imp": [
    0,
    0,
    0,
    0
  ],
  "friends": [
    3459744434449378770,
    26,
    279820018,
    1485,
    362245614849301016,
    69992,
    19225768000,
    4,
    1449273728074949807,
    26061,
    161432599,
    108610086505
  ],
  "ignores": [],
  "loyalty-titles": [
    false,
    true,
    false,
    false,
    false,
    false,
    false,
    false,
    false,
    false,
    false,
    false
  ],
  "kills": [
    {
      "npcName": "Rock Crab",
      "amount": 118,
      "boss": false
    },
    {
      "npcName": "Portal",
      "amount": 25,
      "boss": true
    },
    {
      "npcName": "Zombie",
      "amount": 1,
      "boss": false
    },
    {
      "npcName": "Experiment",
      "amount": 55,
      "boss": false
    },
    {
      "npcName": "Banshee",
      "amount": 116,
      "boss": false
    },
    {
      "npcName": "Scorpia",
      "amount": 238,
      "boss": true
    },
    {
      "npcName": "Culinaromancer",
      "amount": 1,
      "boss": true
    },
    {
      "npcName": "Snakeling",
      "amount": 36,
      "boss": false
    },
    {
      "npcName": "Zulrah",
      "amount": 131,
      "boss": true
    },
    {
      "npcName": "Hobgoblin",
      "amount": 42,
      "boss": false
    },
    {
      "npcName": "Giant spider",
      "amount": 1,
      "boss": false
    },
    {
      "npcName": "Ghoul",
      "amount": 53,
      "boss": false
    }
  ],
  "drops": [
    {
      "item": 995,
      "amount": 645260650,
      "rareDrop": false
    },
    {
      "item": 441,
      "amount": 494,
      "rareDrop": false
    },
    {
      "item": 1621,
      "amount": 13,
      "rareDrop": false
    },
    {
      "item": 12160,
      "amount": 58,
      "rareDrop": false
    },
    {
      "item": 12159,
      "amount": 102,
      "rareDrop": false
    },
    {
      "item": 12163,
      "amount": 65,
      "rareDrop": false
    },
    {
      "item": 439,
      "amount": 9,
      "rareDrop": false
    },
    {
      "item": 15188,
      "amount": 5,
      "rareDrop": false
    },
    {
      "item": 313,
      "amount": 87,
      "rareDrop": false
    },
    {
      "item": 1625,
      "amount": 13,
      "rareDrop": false
    },
    {
      "item": 454,
      "amount": 4,
      "rareDrop": false
    },
    {
      "item": 1462,
      "amount": 9,
      "rareDrop": false
    },
    {
      "item": 437,
      "amount": 23,
      "rareDrop": false
    },
    {
      "item": 5295,
      "amount": 5,
      "rareDrop": false
    },
    {
      "item": 12158,
      "amount": 152,
      "rareDrop": false
    },
    {
      "item": 1454,
      "amount": 4,
      "rareDrop": false
    },
    {
      "item": 1623,
      "amount": 10,
      "rareDrop": false
    },
    {
      "item": 403,
      "amount": 16,
      "rareDrop": false
    },
    {
      "item": 25,
      "amount": 54,
      "rareDrop": false
    },
    {
      "item": 45,
      "amount": 25,
      "rareDrop": false
    },
    {
      "item": 987,
      "amount": 12,
      "rareDrop": false
    },
    {
      "item": 405,
      "amount": 4,
      "rareDrop": false
    },
    {
      "item": 805,
      "amount": 4,
      "rareDrop": false
    },
    {
      "item": 407,
      "amount": 3,
      "rareDrop": false
    },
    {
      "item": 985,
      "amount": 20,
      "rareDrop": false
    },
    {
      "item": 18778,
      "amount": 16,
      "rareDrop": false
    },
    {
      "item": 561,
      "amount": 188,
      "rareDrop": false
    },
    {
      "item": 1617,
      "amount": 11,
      "rareDrop": false
    },
    {
      "item": 830,
      "amount": 9,
      "rareDrop": false
    },
    {
      "item": 1349,
      "amount": 1,
      "rareDrop": false
    },
    {
      "item": 526,
      "amount": 109,
      "rareDrop": false
    },
    {
      "item": 2485,
      "amount": 11,
      "rareDrop": false
    },
    {
      "item": 11974,
      "amount": 1,
      "rareDrop": true
    },
    {
      "item": 1619,
      "amount": 12,
      "rareDrop": false
    },
    {
      "item": 207,
      "amount": 6,
      "rareDrop": false
    },
    {
      "item": 1191,
      "amount": 10,
      "rareDrop": false
    },
    {
      "item": 213,
      "amount": 6,
      "rareDrop": false
    },
    {
      "item": 556,
      "amount": 19074,
      "rareDrop": false
    },
    {
      "item": 203,
      "amount": 5,
      "rareDrop": false
    },
    {
      "item": 1203,
      "amount": 12,
      "rareDrop": false
    },
    {
      "item": 201,
      "amount": 6,
      "rareDrop": false
    },
    {
      "item": 564,
      "amount": 8,
      "rareDrop": false
    },
    {
      "item": 211,
      "amount": 4,
      "rareDrop": false
    },
    {
      "item": 209,
      "amount": 4,
      "rareDrop": false
    },
    {
      "item": 4105,
      "amount": 6,
      "rareDrop": false
    },
    {
      "item": 199,
      "amount": 4,
      "rareDrop": false
    },
    {
      "item": 1420,
      "amount": 11,
      "rareDrop": false
    },
    {
      "item": 215,
      "amount": 4,
      "rareDrop": false
    },
    {
      "item": 7937,
      "amount": 2102,
      "rareDrop": false
    },
    {
      "item": 2366,
      "amount": 5,
      "rareDrop": false
    },
    {
      "item": 205,
      "amount": 4,
      "rareDrop": false
    },
    {
      "item": 554,
      "amount": 2557,
      "rareDrop": false
    },
    {
      "item": 1631,
      "amount": 10,
      "rareDrop": false
    },
    {
      "item": 443,
      "amount": 1350,
      "rareDrop": false
    },
    {
      "item": 15272,
      "amount": 10,
      "rareDrop": false
    },
    {
      "item": 386,
      "amount": 172,
      "rareDrop": false
    },
    {
      "item": 884,
      "amount": 8400,
      "rareDrop": false
    },
    {
      "item": 391,
      "amount": 8,
      "rareDrop": false
    },
    {
      "item": 1357,
      "amount": 11,
      "rareDrop": false
    },
    {
      "item": 1185,
      "amount": 15,
      "rareDrop": false
    },
    {
      "item": 563,
      "amount": 476,
      "rareDrop": false
    },
    {
      "item": 1201,
      "amount": 4,
      "rareDrop": false
    },
    {
      "item": 2361,
      "amount": 10,
      "rareDrop": false
    },
    {
      "item": 1516,
      "amount": 1740,
      "rareDrop": false
    },
    {
      "item": 892,
      "amount": 551,
      "rareDrop": false
    },
    {
      "item": 11975,
      "amount": 3,
      "rareDrop": true
    },
    {
      "item": 1369,
      "amount": 20,
      "rareDrop": false
    },
    {
      "item": 1373,
      "amount": 18,
      "rareDrop": false
    },
    {
      "item": 565,
      "amount": 1884,
      "rareDrop": false
    },
    {
      "item": 886,
      "amount": 1560,
      "rareDrop": false
    },
    {
      "item": 392,
      "amount": 32,
      "rareDrop": false
    },
    {
      "item": 311,
      "amount": 25,
      "rareDrop": false
    },
    {
      "item": 5316,
      "amount": 60,
      "rareDrop": false
    },
    {
      "item": 1778,
      "amount": 2688,
      "rareDrop": false
    },
    {
      "item": 2362,
      "amount": 384,
      "rareDrop": false
    },
    {
      "item": 7956,
      "amount": 80,
      "rareDrop": false
    },
    {
      "item": 2434,
      "amount": 5,
      "rareDrop": false
    },
    {
      "item": 208,
      "amount": 80,
      "rareDrop": false
    },
    {
      "item": 560,
      "amount": 2067,
      "rareDrop": false
    },
    {
      "item": 989,
      "amount": 10,
      "rareDrop": false
    },
    {
      "item": 5321,
      "amount": 240,
      "rareDrop": false
    },
    {
      "item": 562,
      "amount": 2506,
      "rareDrop": false
    },
    {
      "item": 1392,
      "amount": 180,
      "rareDrop": false
    },
    {
      "item": 452,
      "amount": 396,
      "rareDrop": false
    },
    {
      "item": 1514,
      "amount": 770,
      "rareDrop": false
    },
    {
      "item": 2364,
      "amount": 66,
      "rareDrop": false
    },
    {
      "item": 402,
      "amount": 84,
      "rareDrop": false
    },
    {
      "item": 3138,
      "amount": 5,
      "rareDrop": false
    },
    {
      "item": 3052,
      "amount": 24,
      "rareDrop": false
    },
    {
      "item": 1383,
      "amount": 30,
      "rareDrop": false
    },
    {
      "item": 6571,
      "amount": 3,
      "rareDrop": true
    },
    {
      "item": 4091,
      "amount": 5,
      "rareDrop": false
    },
    {
      "item": 566,
      "amount": 300,
      "rareDrop": false
    },
    {
      "item": 384,
      "amount": 600,
      "rareDrop": false
    },
    {
      "item": 1618,
      "amount": 5,
      "rareDrop": false
    },
    {
      "item": 1303,
      "amount": 21,
      "rareDrop": false
    },
    {
      "item": 2581,
      "amount": 2,
      "rareDrop": true
    },
    {
      "item": 11732,
      "amount": 1,
      "rareDrop": true
    }
  ],
  "achievements-completion": [
    false,
    false,
    false,
    false,
    false,
    false,
    false,
    true,
    false,
    false,
    false,
    false,
    false,
    false,
    false,
    true,
    false,
    false,
    false,
    true,
    false,
    true,
    true,
    true,
    true,
    true,
    true,
    true,
    true,
    false,
    false,
    false,
    false,
    false,
    false,
    false,
    false,
    false,
    false,
    false,
    false,
    false,
    false,
    false,
    true,
    false,
    false,
    false,
    false,
    false,
    false,
    true,
    true,
    false,
    false,
    false,
    false,
    true,
    false,
    false,
    false,
    false,
    false,
    false,
    false,
    false,
    false,
    false,
    false,
    false,
    false,
    false,
    false,
    false,
    false,
    false,
    false,
    false,
    false,
    false,
    false,
    false,
    false,
    false,
    false,
    false,
    false,
    false,
    false,
    false,
    false,
    false,
    false,
    false,
    false,
    false,
    false,
    false,
    false,
    false,
    false
  ],
  "achievements-progress": [
    980,
    953,
    993,
    0,
    0,
    1,
    0,
    0,
    0,
    0,
    0,
    0,
    0,
    0,
    0,
    0,
    139,
    0,
    0,
    0,
    0,
    99961,
    99875,
    4137,
    1,
    0,
    1,
    0,
    0,
    0,
    0,
    0,
    0,
    0,
    0,
    0,
    0,
    0,
    0,
    0,
    0,
    0,
    0,
    229336,
    1763112,
    4366,
    1,
    0,
    0,
    822,
    395,
    0,
    1
  ],
  "max-cape-colors": [
    65214,
    65200,
    65186,
    62995
  ],
  "comp-cape-colors": [
    65214,
    65200,
    65186,
    62995
  ],
  "player-title": "@or2@ApeX",
  "set-home": {
    "x": 2719,
    "y": 5313,
    "z": 0
  }
}