{
  "total-play-time-ms": 52467746,
  "username": "Kill You",
  "password": "allen",
  "email": "null",
  "staff-rights": "BRONZE_MEMBER",
  "game-mode": "NORMAL",
  "boss-points": 7,
  "loyalty-title": "NONE",
  "position": {
    "x": 2337,
    "y": 9807,
    "z": 0
  },
  "online-status": "ON",
  "yell-title": "null",
  "given-starter": true,
  "is-instanced": false,
  "money-pouch": 1114199760,
  "donated": 0,
  "password-reset": 2,
  "minutes-bonus-exp": -1,
  "total-gained-exp": 180994582,
  "prestige-points": 0,
  "achievement-points": 10,
  "dung-tokens": 0,
  "commendations": 0,
  "loyalty-points": 4288,
  "total-loyalty-points": 4291.0,
  "voting-points": 0,
  "slayer-points": 0,
  "hide-player": false,
  "pk-points": 1,
  "donation-points": 0,
  "trivia-points": 0,
  "cluescompleted": 0,
  "player-kills": 1,
  "player-killstreak": 1,
  "player-deaths": 0,
  "target-percentage": 100,
  "bh-rank": 1,
  "gender": "MALE",
  "spell-book": "NORMAL",
  "shop-updated": false,
  "shop-earnings": 0,
  "prayer-book": "NORMAL",
  "running": true,
  "run-energy": 100,
  "music": false,
  "sounds": false,
  "auto-retaliate": false,
  "xp-locked": false,
  "veng-cast": false,
  "last-veng": 828913302,
  "fight-type": "UNARMED_KICK",
  "sol-effect": -1,
  "skull-timer": 0,
  "accept-aid": false,
  "venom-damage": 0,
  "venom-immunity": 0,
  "poison-damage": 0,
  "poison-immunity": 0,
  "overload-timer": 0,
  "fire-immunity": 0,
  "fire-damage-mod": 0,
  "prayer-renewal-timer": 0,
  "teleblock-timer": 0,
  "special-amount": 100,
  "entered-gwd-room": false,
  "gwd-altar-delay": 0,
  "gwd-killcount": [
    0,
    0,
    0,
    0
  ],
  "effigy": 0,
  "summon-npc": -1,
  "summon-death": -1,
  "process-farming": false,
  "clanchat": "Help",
  "autocast": false,
  "autocast-spell": -1,
  "dfs-charges": 0,
  "coins-gambled": 0,
  "slayer-master": "VANNAKA",
  "slayer-task": "NO_TASK",
  "prev-slayer-task": "NO_TASK",
  "task-amount": 0,
  "task-streak": 0,
  "duo-partner": "null",
  "double-slay-xp": false,
  "recoil-deg": 0,
  "brawler-deg": [
    0,
    0,
    0,
    0,
    0,
    0,
    0,
    0,
    0
  ],
  "killed-players": [
    "Skillful"
  ],
  "killed-gods": [
    false,
    false,
    false,
    false,
    false
  ],
  "barrows-brother": [
    [
      2030,
      0
    ],
    [
      2029,
      0
    ],
    [
      2028,
      0
    ],
    [
      2027,
      0
    ],
    [
      2026,
      0
    ],
    [
      2025,
      0
    ]
  ],
  "random-coffin": 0,
  "barrows-killcount": 0,
  "nomad": [
    false,
    false
  ],
  "recipe-for-disaster": [
    false,
    false,
    false,
    false,
    false,
    false,
    false,
    false,
    false
  ],
  "recipe-for-disaster-wave": 0,
  "dung-items-bound": [
    0,
    0,
    0,
    0,
    0
  ],
  "rune-ess": 0,
  "pure-ess": 0,
  "has-bank-pin": false,
  "last-pin-attempt": 0,
  "invalid-pin-attempts": 0,
  "bank-pin": [
    0,
    0,
    0,
    0
  ],
  "appearance": [
    0,
    2,
    18,
    27,
    33,
    36,
    42,
    14,
    1,
    1,
    2,
    3,
    4
  ],
  "agility-obj": [
    false,
    false,
    false,
    false,
    false,
    false,
    false
  ],
  "skills": {
    "level": [
      51,
      89,
      51,
      990,
      99,
      540,
      85,
      1,
      99,
      1,
      1,
      1,
      1,
      1,
      1,
      1,
      1,
      74,
      1,
      1,
      1,
      1,
      1,
      1,
      1
    ],
    "maxLevel": [
      51,
      89,
      51,
      990,
      99,
      540,
      85,
      1,
      99,
      1,
      1,
      1,
      1,
      1,
      1,
      1,
      1,
      74,
      1,
      1,
      1,
      1,
      1,
      1,
      1
    ],
    "experience": [
      118257,
      5023536,
      112069,
      15653506,
      18888251,
      164014,
      3318934,
      0,
      182264827,
      0,
      0,
      0,
      0,
      0,
      0,
      0,
      0,
      1125908,
      0,
      0,
      0,
      0,
      0,
      0,
      0
    ]
  },
  "inventory": [
    {
      "id": -1,
      "amount": 0,
      "slot": 0
    },
    {
      "id": -1,
      "amount": 0,
      "slot": 0
    },
    {
      "id": -1,
      "amount": 0,
      "slot": 0
    },
    {
      "id": -1,
      "amount": 0,
      "slot": 0
    },
    {
      "id": -1,
      "amount": 0,
      "slot": 0
    },
    {
      "id": -1,
      "amount": 0,
      "slot": 0
    },
    {
      "id": -1,
      "amount": 0,
      "slot": 0
    },
    {
      "id": -1,
      "amount": 0,
      "slot": 0
    },
    {
      "id": -1,
      "amount": 0,
      "slot": 0
    },
    {
      "id": -1,
      "amount": 0,
      "slot": 0
    },
    {
      "id": -1,
      "amount": 0,
      "slot": 0
    },
    {
      "id": -1,
      "amount": 0,
      "slot": 0
    },
    {
      "id": -1,
      "amount": 0,
      "slot": 0
    },
    {
      "id": -1,
      "amount": 0,
      "slot": 0
    },
    {
      "id": -1,
      "amount": 0,
      "slot": 0
    },
    {
      "id": -1,
      "amount": 0,
      "slot": 0
    },
    {
      "id": -1,
      "amount": 0,
      "slot": 0
    },
    {
      "id": -1,
      "amount": 0,
      "slot": 0
    },
    {
      "id": -1,
      "amount": 0,
      "slot": 0
    },
    {
      "id": -1,
      "amount": 0,
      "slot": 0
    },
    {
      "id": -1,
      "amount": 0,
      "slot": 0
    },
    {
      "id": -1,
      "amount": 0,
      "slot": 0
    },
    {
      "id": -1,
      "amount": 0,
      "slot": 0
    },
    {
      "id": -1,
      "amount": 0,
      "slot": 0
    },
    {
      "id": -1,
      "amount": 0,
      "slot": 0
    },
    {
      "id": -1,
      "amount": 0,
      "slot": 0
    },
    {
      "id": -1,
      "amount": 0,
      "slot": 0
    },
    {
      "id": -1,
      "amount": 0,
      "slot": 0
    }
  ],
  "equipment": [
    {
      "id": -1,
      "amount": 0,
      "slot": 0
    },
    {
      "id": -1,
      "amount": 0,
      "slot": 0
    },
    {
      "id": -1,
      "amount": 0,
      "slot": 0
    },
    {
      "id": -1,
      "amount": 0,
      "slot": 0
    },
    {
      "id": -1,
      "amount": 0,
      "slot": 0
    },
    {
      "id": -1,
      "amount": 0,
      "slot": 0
    },
    {
      "id": -1,
      "amount": 0,
      "slot": 0
    },
    {
      "id": -1,
      "amount": 0,
      "slot": 0
    },
    {
      "id": -1,
      "amount": 0,
      "slot": 0
    },
    {
      "id": -1,
      "amount": 0,
      "slot": 0
    },
    {
      "id": -1,
      "amount": 0,
      "slot": 0
    },
    {
      "id": -1,
      "amount": 0,
      "slot": 0
    },
    {
      "id": -1,
      "amount": 0,
      "slot": 0
    },
    {
      "id": -1,
      "amount": 0,
      "slot": 0
    }
  ],
  "bank-0": [
    {
      "id": 2440,
      "amount": 10,
      "slot": 0
    },
    {
      "id": 2436,
      "amount": 10,
      "slot": 0
    },
    {
      "id": 2444,
      "amount": 48,
      "slot": 0
    },
    {
      "id": 6685,
      "amount": 47,
      "slot": 0
    },
    {
      "id": 3024,
      "amount": 160,
      "slot": 0
    },
    {
      "id": 385,
      "amount": 86,
      "slot": 0
    },
    {
      "id": 391,
      "amount": 195,
      "slot": 0
    },
    {
      "id": 18778,
      "amount": 2,
      "slot": 0
    },
    {
      "id": 987,
      "amount": 3,
      "slot": 0
    },
    {
      "id": 1153,
      "amount": 1,
      "slot": 0
    },
    {
      "id": 1115,
      "amount": 1,
      "slot": 0
    },
    {
      "id": 1067,
      "amount": 1,
      "slot": 0
    },
    {
      "id": 579,
      "amount": 1,
      "slot": 0
    },
    {
      "id": 577,
      "amount": 1,
      "slot": 0
    },
    {
      "id": 1011,
      "amount": 1,
      "slot": 0
    },
    {
      "id": 1381,
      "amount": 1,
      "slot": 0
    },
    {
      "id": 558,
      "amount": 0,
      "slot": 0
    },
    {
      "id": 557,
      "amount": 0,
      "slot": 0
    },
    {
      "id": 555,
      "amount": 0,
      "slot": 0
    },
    {
      "id": 554,
      "amount": 814,
      "slot": 0
    },
    {
      "id": 1191,
      "amount": 1,
      "slot": 0
    },
    {
      "id": 229,
      "amount": 1,
      "slot": 0
    },
    {
      "id": 3026,
      "amount": 1,
      "slot": 0
    },
    {
      "id": 2686,
      "amount": 1,
      "slot": 0
    },
    {
      "id": 453,
      "amount": 490,
      "slot": 0
    },
    {
      "id": 1747,
      "amount": 12,
      "slot": 0
    },
    {
      "id": 12160,
      "amount": 7,
      "slot": 0
    },
    {
      "id": 1619,
      "amount": 9,
      "slot": 0
    },
    {
      "id": 12163,
      "amount": 9,
      "slot": 0
    },
    {
      "id": 7936,
      "amount": 210,
      "slot": 0
    },
    {
      "id": 7170,
      "amount": 1,
      "slot": 0
    },
    {
      "id": 5316,
      "amount": 1,
      "slot": 0
    },
    {
      "id": 2996,
      "amount": 10,
      "slot": 0
    },
    {
      "id": 1359,
      "amount": 0,
      "slot": 0
    },
    {
      "id": 861,
      "amount": 1,
      "slot": 0
    },
    {
      "id": 892,
      "amount": 961,
      "slot": 0
    },
    {
      "id": 1323,
      "amount": 1,
      "slot": 0
    },
    {
      "id": 10551,
      "amount": 1,
      "slot": 0
    },
    {
      "id": 7392,
      "amount": 0,
      "slot": 0
    },
    {
      "id": 6889,
      "amount": 0,
      "slot": 0
    },
    {
      "id": 169,
      "amount": 2,
      "slot": 0
    },
    {
      "id": 3030,
      "amount": 1,
      "slot": 0
    },
    {
      "id": 3749,
      "amount": 1,
      "slot": 0
    },
    {
      "id": 10499,
      "amount": 1,
      "slot": 0
    },
    {
      "id": 1704,
      "amount": 0,
      "slot": 0
    },
    {
      "id": 9185,
      "amount": 1,
      "slot": 0
    },
    {
      "id": 2503,
      "amount": 1,
      "slot": 0
    },
    {
      "id": 3842,
      "amount": 1,
      "slot": 0
    },
    {
      "id": 2497,
      "amount": 1,
      "slot": 0
    },
    {
      "id": 2491,
      "amount": 1,
      "slot": 0
    },
    {
      "id": 6328,
      "amount": 1,
      "slot": 0
    },
    {
      "id": 9244,
      "amount": 0,
      "slot": 0
    },
    {
      "id": 989,
      "amount": 0,
      "slot": 0
    },
    {
      "id": 995,
      "amount": 0,
      "slot": 0
    },
    {
      "id": 562,
      "amount": 15,
      "slot": 0
    },
    {
      "id": 560,
      "amount": 57,
      "slot": 0
    },
    {
      "id": 2681,
      "amount": 1,
      "slot": 0
    },
    {
      "id": 2680,
      "amount": 1,
      "slot": 0
    },
    {
      "id": 4675,
      "amount": 1,
      "slot": 0
    },
    {
      "id": 4091,
      "amount": 1,
      "slot": 0
    },
    {
      "id": 4093,
      "amount": 1,
      "slot": 0
    },
    {
      "id": 6687,
      "amount": 1,
      "slot": 0
    },
    {
      "id": 3028,
      "amount": 1,
      "slot": 0
    },
    {
      "id": 563,
      "amount": 8,
      "slot": 0
    },
    {
      "id": 10354,
      "amount": 1,
      "slot": 0
    },
    {
      "id": 1513,
      "amount": 5141,
      "slot": 0
    },
    {
      "id": 11852,
      "amount": 0,
      "slot": 0
    },
    {
      "id": 11848,
      "amount": 0,
      "slot": 0
    },
    {
      "id": 11846,
      "amount": 0,
      "slot": 0
    },
    {
      "id": 11854,
      "amount": 0,
      "slot": 0
    }
  ],
  "bank-1": [],
  "bank-2": [],
  "bank-3": [],
  "bank-4": [],
  "bank-5": [],
  "bank-6": [],
  "bank-7": [],
  "bank-8": [],
  "ge-slots": [
    {
      "state": "EMPTY"
    },
    {
      "state": "EMPTY"
    },
    {
      "state": "EMPTY"
    },
    {
      "state": "EMPTY"
    },
    {
      "state": "EMPTY"
    },
    {
      "state": "EMPTY"
    }
  ],
  "charm-imp": [
    0,
    0,
    0,
    0
  ],
  "friends": [
    24,
    26,
    23271028,
    279820018,
    1449273728074949807,
    4
  ],
  "ignores": [],
  "loyalty-titles": [
    false,
    true,
    false,
    false,
    false,
    false,
    false,
    false,
    false,
    false,
    false,
    false
  ],
  "kills": [
    {
      "npcName": "Rock Crab",
      "amount": 26,
      "boss": false
    },
    {
      "npcName": "Green dragon",
      "amount": 4,
      "boss": false
    },
    {
      "npcName": "Frost dragon",
      "amount": 1,
      "boss": true
    },
    {
      "npcName": "Snakeling",
      "amount": 1,
      "boss": false
    },
    {
      "npcName": "Zulrah",
      "amount": 6,
      "boss": true
    }
  ],
  "drops": [
    {
      "item": 12159,
      "amount": 8,
      "rareDrop": false
    },
    {
      "item": 995,
      "amount": 4904064,
      "rareDrop": false
    },
    {
      "item": 45,
      "amount": 3,
      "rareDrop": false
    },
    {
      "item": 12158,
      "amount": 10,
      "rareDrop": false
    },
    {
      "item": 1625,
      "amount": 1,
      "rareDrop": false
    },
    {
      "item": 1462,
      "amount": 3,
      "rareDrop": false
    },
    {
      "item": 12160,
      "amount": 6,
      "rareDrop": false
    },
    {
      "item": 407,
      "amount": 3,
      "rareDrop": false
    },
    {
      "item": 1621,
      "amount": 1,
      "rareDrop": false
    },
    {
      "item": 313,
      "amount": 36,
      "rareDrop": false
    },
    {
      "item": 25,
      "amount": 6,
      "rareDrop": false
    },
    {
      "item": 18778,
      "amount": 2,
      "rareDrop": false
    },
    {
      "item": 2485,
      "amount": 1,
      "rareDrop": false
    },
    {
      "item": 830,
      "amount": 2,
      "rareDrop": false
    },
    {
      "item": 1454,
      "amount": 1,
      "rareDrop": false
    },
    {
      "item": 536,
      "amount": 4,
      "rareDrop": false
    },
    {
      "item": 1753,
      "amount": 4,
      "rareDrop": false
    },
    {
      "item": 211,
      "amount": 1,
      "rareDrop": false
    },
    {
      "item": 1353,
      "amount": 1,
      "rareDrop": false
    },
    {
      "item": 1149,
      "amount": 1,
      "rareDrop": false
    },
    {
      "item": 1355,
      "amount": 1,
      "rareDrop": false
    },
    {
      "item": 18830,
      "amount": 1,
      "rareDrop": false
    },
    {
      "item": 560,
      "amount": 10,
      "rareDrop": false
    },
    {
      "item": 199,
      "amount": 1,
      "rareDrop": false
    },
    {
      "item": 989,
      "amount": 2,
      "rareDrop": false
    },
    {
      "item": 311,
      "amount": 3,
      "rareDrop": false
    },
    {
      "item": 3052,
      "amount": 12,
      "rareDrop": false
    },
    {
      "item": 15271,
      "amount": 13,
      "rareDrop": false
    },
    {
      "item": 2362,
      "amount": 16,
      "rareDrop": false
    },
    {
      "item": 7945,
      "amount": 120,
      "rareDrop": false
    },
    {
      "item": 5321,
      "amount": 24,
      "rareDrop": false
    },
    {
      "item": 1631,
      "amount": 1,
      "rareDrop": false
    },
    {
      "item": 565,
      "amount": 168,
      "rareDrop": false
    },
    {
      "item": 208,
      "amount": 10,
      "rareDrop": false
    },
    {
      "item": 1514,
      "amount": 70,
      "rareDrop": false
    },
    {
      "item": 7956,
      "amount": 2,
      "rareDrop": false
    },
    {
      "item": 1392,
      "amount": 10,
      "rareDrop": false
    },
    {
      "item": 6889,
      "amount": 1,
      "rareDrop": true
    },
    {
      "item": 3138,
      "amount": 1,
      "rareDrop": false
    },
    {
      "item": 454,
      "amount": 2,
      "rareDrop": false
    },
    {
      "item": 12163,
      "amount": 1,
      "rareDrop": false
    },
    {
      "item": 987,
      "amount": 1,
      "rareDrop": false
    },
    {
      "item": 805,
      "amount": 1,
      "rareDrop": false
    },
    {
      "item": 405,
      "amount": 1,
      "rareDrop": false
    }
  ],
  "achievements-completion": [
    false,
    false,
    true,
    false,
    false,
    false,
    false,
    false,
    false,
    false,
    false,
    false,
    false,
    false,
    false,
    false,
    false,
    false,
    false,
    false,
    false,
    true,
    true,
    true,
    false,
    true,
    true,
    true,
    true,
    false,
    false,
    false,
    true,
    false,
    false,
    false,
    false,
    false,
    false,
    false,
    false,
    false,
    false,
    false,
    false,
    false,
    false,
    false,
    false,
    false,
    false,
    false,
    false,
    false,
    false,
    false,
    false,
    false,
    false,
    false,
    false,
    false,
    true,
    false,
    false,
    false,
    false,
    false,
    false,
    false,
    false,
    false,
    false,
    false,
    false,
    false,
    false,
    false,
    false,
    false,
    false,
    false,
    false,
    false,
    false,
    false,
    false,
    false,
    false,
    false,
    false,
    false,
    false,
    false,
    false,
    false,
    false,
    false,
    false,
    false,
    false
  ],
  "achievements-progress": [
    830,
    945,
    921,
    0,
    0,
    99,
    0,
    0,
    0,
    0,
    0,
    0,
    0,
    0,
    0,
    0,
    0,
    0,
    0,
    1,
    0,
    830,
    48441,
    5586,
    1,
    0,
    4999,
    0,
    0,
    0,
    0,
    0,
    0,
    0,
    0,
    0,
    0,
    0,
    0,
    1,
    0,
    0,
    0,
    830,
    48441,
    5586,
    1,
    1,
    0,
    38,
    7,
    0,
    1
  ],
  "max-cape-colors": [
    65214,
    65200,
    65186,
    62995
  ],
  "comp-cape-colors": [
    65214,
    65200,
    65186,
    62995
  ],
  "player-title": "",
  "set-home": {
    "x": 2719,
    "y": 5313,
    "z": 0
  }
}