{
  "total-play-time-ms": 205658964,
  "username": "Conor",
  "password": "WWaves",
  "email": "null",
  "staff-rights": "MANAGER",
  "game-mode": "NORMAL",
  "boss-points": 106,
  "loyalty-title": "NONE",
  "position": {
    "x": 2464,
    "y": 9445,
    "z": 0
  },
  "online-status": "ON",
  "yell-title": "MANAGER",
  "given-starter": true,
  "is-instanced": false,
  "money-pouch": 1405064036,
  "donated": 1260,
  "password-reset": 2,
  "minutes-bonus-exp": -1,
  "total-gained-exp": -739868627,
  "prestige-points": 0,
  "achievement-points": 18,
  "dung-tokens": 0,
  "commendations": 0,
  "loyalty-points": 40179,
  "total-loyalty-points": 40180.5,
  "voting-points": 0,
  "slayer-points": 0,
  "hide-player": false,
  "pk-points": 0,
  "donation-points": 50100,
  "trivia-points": 48,
  "cluescompleted": 0,
  "player-kills": 0,
  "player-killstreak": 0,
  "player-deaths": 1,
  "target-percentage": 99,
  "bh-rank": 0,
  "gender": "MALE",
  "spell-book": "ANCIENT",
  "shop-updated": false,
  "shop-earnings": 0,
  "prayer-book": "CURSES",
  "running": true,
  "run-energy": 100,
  "music": false,
  "sounds": false,
  "auto-retaliate": true,
  "xp-locked": false,
  "veng-cast": false,
  "last-veng": 388046347,
  "fight-type": "STAFF_POUND",
  "sol-effect": 0,
  "skull-timer": 0,
  "accept-aid": false,
  "venom-damage": 0,
  "venom-immunity": 0,
  "poison-damage": 0,
  "poison-immunity": 0,
  "overload-timer": 0,
  "fire-immunity": 0,
  "fire-damage-mod": 0,
  "prayer-renewal-timer": 0,
  "teleblock-timer": 0,
  "special-amount": 850,
  "entered-gwd-room": true,
  "gwd-altar-delay": 0,
  "gwd-killcount": [
    0,
    0,
    0,
    0
  ],
  "effigy": 0,
  "summon-npc": -1,
  "summon-death": -1,
  "process-farming": false,
  "clanchat": "Help",
  "autocast": true,
  "autocast-spell": 12891,
  "dfs-charges": 0,
  "coins-gambled": 0,
  "slayer-master": "DURADEL",
  "slayer-task": "NO_TASK",
  "prev-slayer-task": "NO_TASK",
  "task-amount": 0,
  "task-streak": 0,
  "duo-partner": "null",
  "double-slay-xp": false,
  "recoil-deg": 0,
  "brawler-deg": [
    0,
    0,
    0,
    0,
    0,
    0,
    0,
    0,
    0
  ],
  "killed-players": [],
  "killed-gods": [
    false,
    false,
    false,
    false,
    false
  ],
  "barrows-brother": [
    [
      2030,
      0
    ],
    [
      2029,
      0
    ],
    [
      2028,
      0
    ],
    [
      2027,
      0
    ],
    [
      2026,
      0
    ],
    [
      2025,
      0
    ]
  ],
  "random-coffin": 1,
  "barrows-killcount": 0,
  "nomad": [
    false,
    false
  ],
  "recipe-for-disaster": [
    true,
    true,
    false,
    true,
    true,
    true,
    true,
    true,
    true
  ],
  "recipe-for-disaster-wave": 6,
  "dung-items-bound": [
    0,
    0,
    0,
    0,
    0
  ],
  "rune-ess": 0,
  "pure-ess": 0,
  "has-bank-pin": false,
  "last-pin-attempt": 0,
  "invalid-pin-attempts": 0,
  "bank-pin": [
    0,
    0,
    0,
    0
  ],
  "appearance": [
    0,
    0,
    18,
    26,
    34,
    36,
    43,
    14,
    5,
    1,
    2,
    3,
    4
  ],
  "agility-obj": [
    false,
    false,
    false,
    false,
    false,
    false,
    false
  ],
  "skills": {
    "level": [
      223,
      223,
      223,
      146658,
      125,
      9999,
      125,
      99,
      99,
      99,
      99,
      99,
      99,
      99,
      99,
      99,
      99,
      99,
      99,
      99,
      99,
      99,
      99,
      99,
      99
    ],
    "maxLevel": [
      9999,
      9999,
      9999,
      999,
      125,
      9999,
      125,
      99,
      99,
      99,
      99,
      99,
      99,
      99,
      99,
      99,
      99,
      99,
      99,
      99,
      99,
      99,
      99,
      99,
      99
    ],
    "experience": [
      541811559,
      602744098,
      548439504,
      549200253,
      178131767,
      536870911,
      172779276,
      13057431,
      13756552,
      13034431,
      13034431,
      13040755,
      14759717,
      13080431,
      17103511,
      13034431,
      13034431,
      13062736,
      13034431,
      13103430,
      13126431,
      13034431,
      13034431,
      13034431,
      13034431
    ]
  },
  "inventory": [
    {
      "id": 560,
      "amount": 1000,
      "slot": 0
    },
    {
      "id": 555,
      "amount": 1000,
      "slot": 0
    },
    {
      "id": 565,
      "amount": 1000,
      "slot": 0
    },
    {
      "id": 8133,
      "amount": 1,
      "slot": 0
    },
    {
      "id": 12927,
      "amount": 1,
      "slot": 0
    },
    {
      "id": 11235,
      "amount": 1,
      "slot": 0
    },
    {
      "id": -1,
      "amount": 0,
      "slot": 0
    },
    {
      "id": -1,
      "amount": 0,
      "slot": 0
    },
    {
      "id": -1,
      "amount": 0,
      "slot": 0
    },
    {
      "id": -1,
      "amount": 0,
      "slot": 0
    },
    {
      "id": -1,
      "amount": 0,
      "slot": 0
    },
    {
      "id": -1,
      "amount": 0,
      "slot": 0
    },
    {
      "id": -1,
      "amount": 0,
      "slot": 0
    },
    {
      "id": -1,
      "amount": 0,
      "slot": 0
    },
    {
      "id": -1,
      "amount": 0,
      "slot": 0
    },
    {
      "id": -1,
      "amount": 0,
      "slot": 0
    },
    {
      "id": -1,
      "amount": 0,
      "slot": 0
    },
    {
      "id": -1,
      "amount": 0,
      "slot": 0
    },
    {
      "id": -1,
      "amount": 0,
      "slot": 0
    },
    {
      "id": -1,
      "amount": 0,
      "slot": 0
    },
    {
      "id": -1,
      "amount": 0,
      "slot": 0
    },
    {
      "id": -1,
      "amount": 0,
      "slot": 0
    },
    {
      "id": -1,
      "amount": 0,
      "slot": 0
    },
    {
      "id": -1,
      "amount": 0,
      "slot": 0
    },
    {
      "id": -1,
      "amount": 0,
      "slot": 0
    },
    {
      "id": -1,
      "amount": 0,
      "slot": 0
    },
    {
      "id": -1,
      "amount": 0,
      "slot": 0
    },
    {
      "id": -1,
      "amount": 0,
      "slot": 0
    }
  ],
  "equipment": [
    {
      "id": 15677,
      "amount": 1,
      "slot": 0
    },
    {
      "id": 14022,
      "amount": 1,
      "slot": 0
    },
    {
      "id": 17291,
      "amount": 1,
      "slot": 0
    },
    {
      "id": 15674,
      "amount": 1,
      "slot": 0
    },
    {
      "id": 15678,
      "amount": 1,
      "slot": 0
    },
    {
      "id": 11924,
      "amount": 1,
      "slot": 0
    },
    {
      "id": -1,
      "amount": 0,
      "slot": 0
    },
    {
      "id": 15679,
      "amount": 1,
      "slot": 0
    },
    {
      "id": -1,
      "amount": 0,
      "slot": 0
    },
    {
      "id": 7462,
      "amount": 1,
      "slot": 0
    },
    {
      "id": 13235,
      "amount": 1,
      "slot": 0
    },
    {
      "id": -1,
      "amount": 0,
      "slot": 0
    },
    {
      "id": 12601,
      "amount": 1,
      "slot": 0
    },
    {
      "id": 11212,
      "amount": 99,
      "slot": 0
    }
  ],
  "bank-0": [
    {
      "id": 299,
      "amount": 99999941,
      "slot": 0
    },
    {
      "id": 12927,
      "amount": 1,
      "slot": 0
    },
    {
      "id": 19747,
      "amount": 1,
      "slot": 0
    },
    {
      "id": 18741,
      "amount": 1,
      "slot": 0
    },
    {
      "id": 19888,
      "amount": 1,
      "slot": 0
    },
    {
      "id": 16887,
      "amount": 1,
      "slot": 0
    },
    {
      "id": 16477,
      "amount": 99999557,
      "slot": 0
    }
  ],
  "bank-1": [],
  "bank-2": [],
  "bank-3": [],
  "bank-4": [],
  "bank-5": [],
  "bank-6": [],
  "bank-7": [],
  "bank-8": [],
  "ge-slots": [
    {
      "state": "EMPTY"
    },
    {
      "state": "EMPTY"
    },
    {
      "state": "EMPTY"
    },
    {
      "state": "EMPTY"
    },
    {
      "state": "EMPTY"
    },
    {
      "state": "EMPTY"
    }
  ],
  "charm-imp": [
    0,
    0,
    0,
    0
  ],
  "magmablowpipe-charge-item": 11230,
  "magmablowpipe-charge-amount": 100000818,
  "friends": [
    1047411,
    279820018,
    1832575858410,
    4,
    1485
  ],
  "ignores": [],
  "loyalty-titles": [
    false,
    false,
    false,
    false,
    false,
    false,
    false,
    false,
    false,
    false,
    false,
    false
  ],
  "kills": [
    {
      "npcName": "Cerberus",
      "amount": 31,
      "boss": true
    },
    {
      "npcName": "Bandos Avatar",
      "amount": 21,
      "boss": true
    },
    {
      "npcName": "King Black Dragon",
      "amount": 13,
      "boss": true
    },
    {
      "npcName": "Zulrah",
      "amount": 11,
      "boss": true
    },
    {
      "npcName": "Glacor",
      "amount": 8,
      "boss": true
    },
    {
      "npcName": "Bork",
      "amount": 6,
      "boss": true
    },
    {
      "npcName": "Skotizo",
      "amount": 7,
      "boss": true
    },
    {
      "npcName": "Blitz",
      "amount": 3,
      "boss": true
    },
    {
      "npcName": "Corporeal Beast",
      "amount": 3,
      "boss": true
    },
    {
      "npcName": "Death",
      "amount": 3,
      "boss": true
    },
    {
      "npcName": "Frost dragon",
      "amount": 3,
      "boss": true
    },
    {
      "npcName": "Slash Bash",
      "amount": 3,
      "boss": true
    },
    {
      "npcName": "Abyssal Sire",
      "amount": 1,
      "boss": true
    },
    {
      "npcName": "Barrelchest",
      "amount": 1,
      "boss": true
    },
    {
      "npcName": "Cobra",
      "amount": 1,
      "boss": true
    },
    {
      "npcName": "Culinaromancer",
      "amount": 1,
      "boss": true
    },
    {
      "npcName": "Fear",
      "amount": 1,
      "boss": true
    },
    {
      "npcName": "Kalphite Queen",
      "amount": 1,
      "boss": true
    },
    {
      "npcName": "Phoenix",
      "amount": 1,
      "boss": true
    },
    {
      "npcName": "Scorpia",
      "amount": 1,
      "boss": true
    },
    {
      "npcName": "Venenatis",
      "amount": 1,
      "boss": true
    },
    {
      "npcName": "WildyWyrm",
      "amount": 1,
      "boss": true
    },
    {
      "npcName": "Rock Crab",
      "amount": 86,
      "boss": false
    },
    {
      "npcName": "Zombie",
      "amount": 16,
      "boss": false
    },
    {
      "npcName": "Skeleton",
      "amount": 15,
      "boss": false
    },
    {
      "npcName": "Black Demon",
      "amount": 9,
      "boss": false
    },
    {
      "npcName": "Invrigar the Necromancer",
      "amount": 4,
      "boss": false
    },
    {
      "npcName": "Necromancer",
      "amount": 4,
      "boss": false
    },
    {
      "npcName": "Green dragon",
      "amount": 3,
      "boss": false
    },
    {
      "npcName": "Snakeling",
      "amount": 2,
      "boss": false
    },
    {
      "npcName": "Vampire",
      "amount": 2,
      "boss": false
    },
    {
      "npcName": "Chaos druid",
      "amount": 1,
      "boss": false
    },
    {
      "npcName": "Imp",
      "amount": 1,
      "boss": false
    }
  ],
  "drops": [
    {
      "item": 536,
      "amount": 16,
      "rareDrop": false
    },
    {
      "item": 1747,
      "amount": 13,
      "rareDrop": false
    },
    {
      "item": 1185,
      "amount": 4,
      "rareDrop": false
    },
    {
      "item": 2361,
      "amount": 5,
      "rareDrop": false
    },
    {
      "item": 12158,
      "amount": 177,
      "rareDrop": false
    },
    {
      "item": 11286,
      "amount": 2,
      "rareDrop": true
    },
    {
      "item": 995,
      "amount": 156296217,
      "rareDrop": false
    },
    {
      "item": 563,
      "amount": 136,
      "rareDrop": false
    },
    {
      "item": 1149,
      "amount": 3,
      "rareDrop": false
    },
    {
      "item": 892,
      "amount": 321,
      "rareDrop": false
    },
    {
      "item": 385,
      "amount": 8,
      "rareDrop": false
    },
    {
      "item": 220,
      "amount": 35,
      "rareDrop": false
    },
    {
      "item": 565,
      "amount": 500,
      "rareDrop": false
    },
    {
      "item": 592,
      "amount": 32,
      "rareDrop": false
    },
    {
      "item": 443,
      "amount": 300,
      "rareDrop": false
    },
    {
      "item": 392,
      "amount": 8,
      "rareDrop": false
    },
    {
      "item": 25,
      "amount": 12,
      "rareDrop": false
    },
    {
      "item": 1357,
      "amount": 4,
      "rareDrop": false
    },
    {
      "item": 1369,
      "amount": 4,
      "rareDrop": false
    },
    {
      "item": 884,
      "amount": 1200,
      "rareDrop": false
    },
    {
      "item": 441,
      "amount": 133,
      "rareDrop": false
    },
    {
      "item": 12163,
      "amount": 49,
      "rareDrop": false
    },
    {
      "item": 1373,
      "amount": 3,
      "rareDrop": false
    },
    {
      "item": 1247,
      "amount": 1,
      "rareDrop": false
    },
    {
      "item": 386,
      "amount": 6,
      "rareDrop": false
    },
    {
      "item": 12159,
      "amount": 103,
      "rareDrop": false
    },
    {
      "item": 1303,
      "amount": 10,
      "rareDrop": false
    },
    {
      "item": 987,
      "amount": 2,
      "rareDrop": false
    },
    {
      "item": 1617,
      "amount": 2,
      "rareDrop": false
    },
    {
      "item": 1619,
      "amount": 8,
      "rareDrop": false
    },
    {
      "item": 1621,
      "amount": 6,
      "rareDrop": false
    },
    {
      "item": 1215,
      "amount": 2,
      "rareDrop": false
    },
    {
      "item": 560,
      "amount": 11,
      "rareDrop": false
    },
    {
      "item": 2368,
      "amount": 5,
      "rareDrop": false
    },
    {
      "item": 12160,
      "amount": 68,
      "rareDrop": false
    },
    {
      "item": 2485,
      "amount": 2,
      "rareDrop": false
    },
    {
      "item": 554,
      "amount": 433,
      "rareDrop": false
    },
    {
      "item": 391,
      "amount": 2,
      "rareDrop": false
    },
    {
      "item": 886,
      "amount": 480,
      "rareDrop": false
    },
    {
      "item": 1725,
      "amount": 1,
      "rareDrop": false
    },
    {
      "item": 537,
      "amount": 5,
      "rareDrop": false
    },
    {
      "item": 1516,
      "amount": 240,
      "rareDrop": false
    },
    {
      "item": 561,
      "amount": 51,
      "rareDrop": false
    },
    {
      "item": 9144,
      "amount": 582,
      "rareDrop": false
    },
    {
      "item": 1625,
      "amount": 14,
      "rareDrop": false
    },
    {
      "item": 403,
      "amount": 17,
      "rareDrop": false
    },
    {
      "item": 407,
      "amount": 5,
      "rareDrop": false
    },
    {
      "item": 985,
      "amount": 5,
      "rareDrop": false
    },
    {
      "item": 805,
      "amount": 4,
      "rareDrop": false
    },
    {
      "item": 313,
      "amount": 72,
      "rareDrop": false
    },
    {
      "item": 45,
      "amount": 14,
      "rareDrop": false
    },
    {
      "item": 526,
      "amount": 53,
      "rareDrop": false
    },
    {
      "item": 78,
      "amount": 250,
      "rareDrop": false
    },
    {
      "item": 2363,
      "amount": 3,
      "rareDrop": false
    },
    {
      "item": 1513,
      "amount": 1500,
      "rareDrop": false
    },
    {
      "item": 1580,
      "amount": 2,
      "rareDrop": false
    },
    {
      "item": 1602,
      "amount": 40,
      "rareDrop": false
    },
    {
      "item": 2364,
      "amount": 340,
      "rareDrop": false
    },
    {
      "item": 7937,
      "amount": 2050,
      "rareDrop": false
    },
    {
      "item": 2362,
      "amount": 176,
      "rareDrop": false
    },
    {
      "item": 1620,
      "amount": 70,
      "rareDrop": false
    },
    {
      "item": 1462,
      "amount": 3,
      "rareDrop": false
    },
    {
      "item": 1249,
      "amount": 2,
      "rareDrop": false
    },
    {
      "item": 439,
      "amount": 3,
      "rareDrop": false
    },
    {
      "item": 1601,
      "amount": 1,
      "rareDrop": false
    },
    {
      "item": 1361,
      "amount": 1,
      "rareDrop": false
    },
    {
      "item": 1113,
      "amount": 2,
      "rareDrop": false
    },
    {
      "item": 562,
      "amount": 8,
      "rareDrop": false
    },
    {
      "item": 1623,
      "amount": 5,
      "rareDrop": false
    },
    {
      "item": 830,
      "amount": 8,
      "rareDrop": false
    },
    {
      "item": 199,
      "amount": 3,
      "rareDrop": false
    },
    {
      "item": 18778,
      "amount": 2,
      "rareDrop": false
    },
    {
      "item": 454,
      "amount": 4,
      "rareDrop": false
    },
    {
      "item": 556,
      "amount": 441,
      "rareDrop": false
    },
    {
      "item": 208,
      "amount": 23,
      "rareDrop": false
    },
    {
      "item": 7956,
      "amount": 8,
      "rareDrop": false
    },
    {
      "item": 566,
      "amount": 50,
      "rareDrop": false
    },
    {
      "item": 452,
      "amount": 88,
      "rareDrop": false
    },
    {
      "item": 5321,
      "amount": 100,
      "rareDrop": false
    },
    {
      "item": 15271,
      "amount": 13,
      "rareDrop": false
    },
    {
      "item": 7945,
      "amount": 120,
      "rareDrop": false
    },
    {
      "item": 1383,
      "amount": 5,
      "rareDrop": false
    },
    {
      "item": 2434,
      "amount": 3,
      "rareDrop": false
    },
    {
      "item": 5316,
      "amount": 10,
      "rareDrop": false
    },
    {
      "item": 1514,
      "amount": 35,
      "rareDrop": false
    },
    {
      "item": 384,
      "amount": 150,
      "rareDrop": false
    },
    {
      "item": 311,
      "amount": 1,
      "rareDrop": false
    },
    {
      "item": 18830,
      "amount": 3,
      "rareDrop": false
    },
    {
      "item": 203,
      "amount": 1,
      "rareDrop": false
    },
    {
      "item": 7946,
      "amount": 3,
      "rareDrop": false
    },
    {
      "item": 890,
      "amount": 250,
      "rareDrop": false
    },
    {
      "item": 450,
      "amount": 830,
      "rareDrop": false
    },
    {
      "item": 5955,
      "amount": 200,
      "rareDrop": false
    },
    {
      "item": 1283,
      "amount": 1,
      "rareDrop": false
    },
    {
      "item": 209,
      "amount": 4,
      "rareDrop": false
    },
    {
      "item": 1197,
      "amount": 1,
      "rareDrop": false
    },
    {
      "item": 1147,
      "amount": 1,
      "rareDrop": false
    },
    {
      "item": 15486,
      "amount": 1,
      "rareDrop": true
    }
  ],
  "achievements-completion": [
    false,
    true,
    false,
    false,
    false,
    false,
    false,
    false,
    false,
    false,
    false,
    false,
    false,
    false,
    false,
    false,
    false,
    false,
    false,
    false,
    false,
    true,
    true,
    true,
    true,
    true,
    true,
    true,
    true,
    false,
    false,
    true,
    false,
    false,
    false,
    false,
    false,
    false,
    false,
    false,
    false,
    false,
    false,
    false,
    false,
    false,
    false,
    false,
    false,
    false,
    false,
    true,
    true,
    false,
    true,
    false,
    false,
    true,
    false,
    false,
    false,
    false,
    false,
    false,
    false,
    false,
    false,
    false,
    false,
    false,
    false,
    false,
    false,
    true,
    false,
    false,
    false,
    false,
    false,
    false,
    false,
    false,
    false,
    false,
    true,
    false,
    false,
    false,
    false,
    true,
    false,
    false,
    false,
    false,
    false,
    true,
    false,
    false,
    false,
    false,
    false
  ],
  "achievements-progress": [
    0,
    0,
    778,
    0,
    0,
    25,
    0,
    0,
    0,
    5,
    0,
    0,
    0,
    0,
    0,
    0,
    1,
    0,
    0,
    0,
    0,
    78220,
    79512,
    19942,
    0,
    200000000,
    25,
    0,
    0,
    0,
    5,
    0,
    0,
    0,
    0,
    0,
    0,
    0,
    0,
    0,
    0,
    0,
    0,
    1360293,
    3954957,
    19942,
    0,
    3,
    0,
    271,
    122,
    0,
    0
  ],
  "max-cape-colors": [
    20264,
    0,
    0,
    24364
  ],
  "comp-cape-colors": [
    36729,
    0,
    0,
    36731
  ],
  "player-title": "",
  "set-home": {
    "x": 2719,
    "y": 5313,
    "z": 0
  }
}