{
  "total-play-time-ms": 6480107,
  "username": "Wildywyrm",
  "password": "Lockie333",
  "email": "null",
  "staff-rights": "BRONZE_MEMBER",
  "game-mode": "NORMAL",
  "boss-points": 0,
  "loyalty-title": "NONE",
  "position": {
    "x": 2718,
    "y": 5300,
    "z": 0
  },
  "online-status": "ON",
  "yell-title": "null",
  "given-starter": true,
  "is-instanced": false,
  "money-pouch": 81553647,
  "donated": 0,
  "password-reset": 2,
  "minutes-bonus-exp": -1,
  "total-gained-exp": 146718,
  "prestige-points": 0,
  "achievement-points": 6,
  "dung-tokens": 0,
  "commendations": 0,
  "loyalty-points": 1599,
  "total-loyalty-points": 1599.5,
  "voting-points": 0,
  "slayer-points": 0,
  "hide-player": false,
  "pk-points": 0,
  "donation-points": 0,
  "trivia-points": 0,
  "cluescompleted": 0,
  "player-kills": 0,
  "player-killstreak": 0,
  "player-deaths": 0,
  "target-percentage": 0,
  "bh-rank": -1,
  "gender": "MALE",
  "spell-book": "ANCIENT",
  "shop-updated": false,
  "shop-earnings": 0,
  "prayer-book": "NORMAL",
  "running": true,
  "run-energy": 100,
  "music": false,
  "sounds": false,
  "auto-retaliate": false,
  "xp-locked": false,
  "veng-cast": false,
  "last-veng": 1519491289993,
  "fight-type": "SCIMITAR_SLASH",
  "sol-effect": 0,
  "skull-timer": 0,
  "accept-aid": false,
  "venom-damage": 0,
  "venom-immunity": 0,
  "poison-damage": 0,
  "poison-immunity": 0,
  "overload-timer": 0,
  "fire-immunity": 0,
  "fire-damage-mod": 0,
  "prayer-renewal-timer": 0,
  "teleblock-timer": 0,
  "special-amount": 100,
  "entered-gwd-room": false,
  "gwd-altar-delay": 0,
  "gwd-killcount": [
    0,
    0,
    0,
    0
  ],
  "effigy": 0,
  "summon-npc": -1,
  "summon-death": -1,
  "process-farming": false,
  "clanchat": "Help",
  "autocast": false,
  "autocast-spell": -1,
  "dfs-charges": 0,
  "coins-gambled": 0,
  "slayer-master": "VANNAKA",
  "slayer-task": "NO_TASK",
  "prev-slayer-task": "NO_TASK",
  "task-amount": 0,
  "task-streak": 0,
  "duo-partner": "null",
  "double-slay-xp": false,
  "recoil-deg": 0,
  "brawler-deg": [
    0,
    0,
    0,
    0,
    0,
    0,
    0,
    0,
    0
  ],
  "killed-players": [],
  "killed-gods": [
    false,
    false,
    false,
    false,
    false
  ],
  "barrows-brother": [
    [
      2030,
      0
    ],
    [
      2029,
      0
    ],
    [
      2028,
      0
    ],
    [
      2027,
      0
    ],
    [
      2026,
      0
    ],
    [
      2025,
      0
    ]
  ],
  "random-coffin": 0,
  "barrows-killcount": 0,
  "nomad": [
    false,
    false
  ],
  "recipe-for-disaster": [
    false,
    false,
    false,
    false,
    false,
    false,
    false,
    false,
    false
  ],
  "recipe-for-disaster-wave": 0,
  "dung-items-bound": [
    0,
    0,
    0,
    0,
    0
  ],
  "rune-ess": 0,
  "pure-ess": 0,
  "has-bank-pin": false,
  "last-pin-attempt": 0,
  "invalid-pin-attempts": 0,
  "bank-pin": [
    0,
    0,
    0,
    0
  ],
  "appearance": [
    0,
    1,
    18,
    26,
    33,
    36,
    42,
    11,
    11,
    0,
    0,
    0,
    0
  ],
  "agility-obj": [
    false,
    false,
    false,
    false,
    false,
    false,
    false
  ],
  "skills": {
    "level": [
      60,
      1,
      99,
      990,
      99,
      490,
      99,
      1,
      1,
      1,
      1,
      1,
      1,
      1,
      1,
      1,
      1,
      1,
      1,
      1,
      1,
      1,
      1,
      1,
      1
    ],
    "maxLevel": [
      60,
      1,
      99,
      990,
      99,
      530,
      99,
      1,
      1,
      1,
      1,
      1,
      1,
      1,
      1,
      1,
      1,
      1,
      1,
      1,
      1,
      1,
      1,
      1,
      1
    ],
    "experience": [
      284271,
      0,
      24186940,
      29672793,
      13135852,
      146718,
      13600495,
      0,
      0,
      0,
      0,
      0,
      0,
      0,
      0,
      0,
      0,
      0,
      0,
      0,
      0,
      0,
      0,
      0,
      0
    ]
  },
  "inventory": [
    {
      "id": 13444,
      "amount": 1,
      "slot": 0
    },
    {
      "id": 14579,
      "amount": 1,
      "slot": 0
    },
    {
      "id": 14116,
      "amount": 1,
      "slot": 0
    },
    {
      "id": 19112,
      "amount": 1,
      "slot": 0
    },
    {
      "id": 14114,
      "amount": 1,
      "slot": 0
    },
    {
      "id": 14115,
      "amount": 1,
      "slot": 0
    },
    {
      "id": 14121,
      "amount": 1,
      "slot": 0
    },
    {
      "id": 14117,
      "amount": 1,
      "slot": 0
    },
    {
      "id": 14095,
      "amount": 1,
      "slot": 0
    },
    {
      "id": 14119,
      "amount": 1,
      "slot": 0
    },
    {
      "id": 14120,
      "amount": 1,
      "slot": 0
    },
    {
      "id": 14096,
      "amount": 1,
      "slot": 0
    },
    {
      "id": 14094,
      "amount": 1,
      "slot": 0
    },
    {
      "id": 14118,
      "amount": 1,
      "slot": 0
    },
    {
      "id": -1,
      "amount": 0,
      "slot": 0
    },
    {
      "id": -1,
      "amount": 0,
      "slot": 0
    },
    {
      "id": -1,
      "amount": 0,
      "slot": 0
    },
    {
      "id": -1,
      "amount": 0,
      "slot": 0
    },
    {
      "id": -1,
      "amount": 0,
      "slot": 0
    },
    {
      "id": -1,
      "amount": 0,
      "slot": 0
    },
    {
      "id": -1,
      "amount": 0,
      "slot": 0
    },
    {
      "id": -1,
      "amount": 0,
      "slot": 0
    },
    {
      "id": -1,
      "amount": 0,
      "slot": 0
    },
    {
      "id": -1,
      "amount": 0,
      "slot": 0
    },
    {
      "id": -1,
      "amount": 0,
      "slot": 0
    },
    {
      "id": -1,
      "amount": 0,
      "slot": 0
    },
    {
      "id": -1,
      "amount": 0,
      "slot": 0
    },
    {
      "id": -1,
      "amount": 0,
      "slot": 0
    }
  ],
  "equipment": [
    {
      "id": -1,
      "amount": 0,
      "slot": 0
    },
    {
      "id": -1,
      "amount": 0,
      "slot": 0
    },
    {
      "id": 6585,
      "amount": 1,
      "slot": 0
    },
    {
      "id": 4587,
      "amount": 1,
      "slot": 0
    },
    {
      "id": -1,
      "amount": 0,
      "slot": 0
    },
    {
      "id": 3842,
      "amount": 1,
      "slot": 0
    },
    {
      "id": -1,
      "amount": 0,
      "slot": 0
    },
    {
      "id": -1,
      "amount": 0,
      "slot": 0
    },
    {
      "id": -1,
      "amount": 0,
      "slot": 0
    },
    {
      "id": 7459,
      "amount": 1,
      "slot": 0
    },
    {
      "id": 634,
      "amount": 1,
      "slot": 0
    },
    {
      "id": -1,
      "amount": 0,
      "slot": 0
    },
    {
      "id": 2568,
      "amount": 1,
      "slot": 0
    },
    {
      "id": -1,
      "amount": 0,
      "slot": 0
    }
  ],
  "bank-0": [
    {
      "id": 2440,
      "amount": 10,
      "slot": 0
    },
    {
      "id": 2436,
      "amount": 10,
      "slot": 0
    },
    {
      "id": 2442,
      "amount": 10,
      "slot": 0
    },
    {
      "id": 3024,
      "amount": 10,
      "slot": 0
    },
    {
      "id": 391,
      "amount": 203,
      "slot": 0
    },
    {
      "id": 995,
      "amount": 5000703,
      "slot": 0
    },
    {
      "id": 1153,
      "amount": 1,
      "slot": 0
    },
    {
      "id": 1115,
      "amount": 1,
      "slot": 0
    },
    {
      "id": 1067,
      "amount": 1,
      "slot": 0
    },
    {
      "id": 1191,
      "amount": 1,
      "slot": 0
    },
    {
      "id": 841,
      "amount": 1,
      "slot": 0
    },
    {
      "id": 882,
      "amount": 500,
      "slot": 0
    },
    {
      "id": 1169,
      "amount": 1,
      "slot": 0
    },
    {
      "id": 1129,
      "amount": 1,
      "slot": 0
    },
    {
      "id": 1095,
      "amount": 1,
      "slot": 0
    },
    {
      "id": 1478,
      "amount": 1,
      "slot": 0
    },
    {
      "id": 579,
      "amount": 1,
      "slot": 0
    },
    {
      "id": 577,
      "amount": 1,
      "slot": 0
    },
    {
      "id": 1011,
      "amount": 1,
      "slot": 0
    },
    {
      "id": 1381,
      "amount": 1,
      "slot": 0
    },
    {
      "id": 558,
      "amount": 5998,
      "slot": 0
    },
    {
      "id": 557,
      "amount": 5939,
      "slot": 0
    },
    {
      "id": 555,
      "amount": 5838,
      "slot": 0
    },
    {
      "id": 554,
      "amount": 7930,
      "slot": 0
    },
    {
      "id": 556,
      "amount": 9724,
      "slot": 0
    },
    {
      "id": 565,
      "amount": 4626,
      "slot": 0
    },
    {
      "id": 560,
      "amount": 4662,
      "slot": 0
    },
    {
      "id": 562,
      "amount": 4998,
      "slot": 0
    },
    {
      "id": 561,
      "amount": 5000,
      "slot": 0
    },
    {
      "id": 566,
      "amount": 4933,
      "slot": 0
    },
    {
      "id": 16887,
      "amount": 0,
      "slot": 0
    },
    {
      "id": 4587,
      "amount": 0,
      "slot": 0
    },
    {
      "id": 9751,
      "amount": 1,
      "slot": 0
    },
    {
      "id": 884,
      "amount": 4967,
      "slot": 0
    },
    {
      "id": 18778,
      "amount": 1,
      "slot": 0
    },
    {
      "id": 7460,
      "amount": 1,
      "slot": 0
    },
    {
      "id": 18830,
      "amount": 97,
      "slot": 0
    },
    {
      "id": 14579,
      "amount": 0,
      "slot": 0
    },
    {
      "id": 989,
      "amount": 1,
      "slot": 0
    },
    {
      "id": 15322,
      "amount": 1,
      "slot": 0
    },
    {
      "id": 11974,
      "amount": 1,
      "slot": 0
    },
    {
      "id": 2485,
      "amount": 1,
      "slot": 0
    },
    {
      "id": 12159,
      "amount": 1,
      "slot": 0
    },
    {
      "id": 2412,
      "amount": 1,
      "slot": 0
    },
    {
      "id": 9757,
      "amount": 1,
      "slot": 0
    },
    {
      "id": 9763,
      "amount": 1,
      "slot": 0
    },
    {
      "id": 14117,
      "amount": 0,
      "slot": 0
    },
    {
      "id": 3842,
      "amount": 0,
      "slot": 0
    }
  ],
  "bank-1": [],
  "bank-2": [],
  "bank-3": [],
  "bank-4": [],
  "bank-5": [],
  "bank-6": [],
  "bank-7": [],
  "bank-8": [],
  "ge-slots": [
    {
      "state": "EMPTY"
    },
    {
      "state": "EMPTY"
    },
    {
      "state": "EMPTY"
    },
    {
      "state": "EMPTY"
    },
    {
      "state": "EMPTY"
    },
    {
      "state": "EMPTY"
    }
  ],
  "charm-imp": [
    0,
    0,
    0,
    0
  ],
  "friends": [],
  "ignores": [],
  "loyalty-titles": [
    false,
    false,
    false,
    false,
    false,
    false,
    false,
    false,
    false,
    false,
    false,
    false
  ],
  "kills": [
    {
      "npcName": "Rock Crab",
      "amount": 72,
      "boss": false
    },
    {
      "npcName": "Experiment",
      "amount": 6,
      "boss": false
    }
  ],
  "drops": [
    {
      "item": 12158,
      "amount": 27,
      "rareDrop": false
    },
    {
      "item": 12159,
      "amount": 13,
      "rareDrop": false
    },
    {
      "item": 830,
      "amount": 11,
      "rareDrop": false
    },
    {
      "item": 526,
      "amount": 6,
      "rareDrop": false
    },
    {
      "item": 25,
      "amount": 14,
      "rareDrop": false
    },
    {
      "item": 561,
      "amount": 18,
      "rareDrop": false
    },
    {
      "item": 995,
      "amount": 7006318,
      "rareDrop": false
    },
    {
      "item": 2485,
      "amount": 2,
      "rareDrop": false
    },
    {
      "item": 985,
      "amount": 2,
      "rareDrop": false
    },
    {
      "item": 313,
      "amount": 72,
      "rareDrop": false
    },
    {
      "item": 45,
      "amount": 18,
      "rareDrop": false
    },
    {
      "item": 1621,
      "amount": 2,
      "rareDrop": false
    },
    {
      "item": 12160,
      "amount": 11,
      "rareDrop": false
    },
    {
      "item": 439,
      "amount": 12,
      "rareDrop": false
    },
    {
      "item": 437,
      "amount": 8,
      "rareDrop": false
    },
    {
      "item": 403,
      "amount": 17,
      "rareDrop": false
    },
    {
      "item": 1454,
      "amount": 4,
      "rareDrop": false
    },
    {
      "item": 407,
      "amount": 6,
      "rareDrop": false
    },
    {
      "item": 5295,
      "amount": 2,
      "rareDrop": false
    },
    {
      "item": 12163,
      "amount": 17,
      "rareDrop": false
    },
    {
      "item": 1625,
      "amount": 7,
      "rareDrop": false
    },
    {
      "item": 454,
      "amount": 2,
      "rareDrop": false
    },
    {
      "item": 1623,
      "amount": 3,
      "rareDrop": false
    },
    {
      "item": 805,
      "amount": 2,
      "rareDrop": false
    },
    {
      "item": 18778,
      "amount": 2,
      "rareDrop": false
    },
    {
      "item": 1462,
      "amount": 2,
      "rareDrop": false
    },
    {
      "item": 441,
      "amount": 6,
      "rareDrop": false
    },
    {
      "item": 987,
      "amount": 1,
      "rareDrop": false
    },
    {
      "item": 15188,
      "amount": 1,
      "rareDrop": false
    },
    {
      "item": 11974,
      "amount": 1,
      "rareDrop": true
    }
  ],
  "achievements-completion": [
    false,
    false,
    false,
    false,
    false,
    false,
    false,
    false,
    false,
    false,
    false,
    false,
    false,
    false,
    false,
    false,
    false,
    false,
    false,
    false,
    false,
    true,
    true,
    true,
    true,
    true,
    true,
    false,
    false,
    false,
    false,
    false,
    false,
    false,
    false,
    false,
    false,
    false,
    false,
    false,
    false,
    false,
    false,
    false,
    false,
    false,
    false,
    false,
    false,
    false,
    false,
    false,
    false,
    false,
    false,
    false,
    false,
    false,
    false,
    false,
    false,
    false,
    false,
    false,
    false,
    false,
    false,
    false,
    false,
    false,
    false,
    false,
    false,
    false,
    false,
    false,
    false,
    false,
    false,
    false,
    false,
    false,
    false,
    false,
    false,
    false,
    false,
    false,
    false,
    false,
    false,
    false,
    false,
    false,
    false,
    false,
    false,
    false,
    false,
    false,
    false
  ],
  "achievements-progress": [
    982,
    979,
    869,
    0,
    0,
    0,
    0,
    0,
    0,
    0,
    0,
    0,
    0,
    0,
    0,
    0,
    0,
    0,
    0,
    3,
    0,
    59307,
    25368,
    22454,
    0,
    0,
    0,
    0,
    0,
    0,
    0,
    0,
    0,
    0,
    0,
    0,
    0,
    0,
    0,
    3,
    0,
    0,
    0,
    59307,
    25368,
    22454,
    0,
    0,
    0,
    78,
    0,
    0,
    0
  ],
  "max-cape-colors": [
    65214,
    65200,
    65186,
    62995
  ],
  "comp-cape-colors": [
    65214,
    65200,
    65186,
    62995
  ],
  "player-title": "",
  "set-home": {
    "x": 2719,
    "y": 5313,
    "z": 0
  }
}