{
  "total-play-time-ms": 492986142,
  "username": "Conor",
  "password": "CjG1997",
  "email": "null",
  "staff-rights": "MANAGER",
  "game-mode": "NORMAL",
  "boss-points": 162,
  "loyalty-title": "NONE",
  "position": {
    "x": 2717,
    "y": 5316,
    "z": 0
  },
  "online-status": "ON",
  "yell-title": "MANAGER",
  "given-starter": true,
  "is-instanced": false,
  "money-pouch": 27228886018,
  "donated": 2260,
  "password-reset": 2,
  "minutes-bonus-exp": -1,
  "total-gained-exp": -1427064640,
  "prestige-points": 0,
  "achievement-points": 22,
  "dung-tokens": 0,
  "commendations": 0,
  "loyalty-points": 75488,
  "total-loyalty-points": 75490.0,
  "voting-points": 3,
  "slayer-points": 0,
  "hide-player": false,
  "pk-points": 1,
  "donation-points": 48850,
  "trivia-points": 76,
  "cluescompleted": 0,
  "player-kills": 1,
  "player-killstreak": 0,
  "player-deaths": 3,
  "target-percentage": 69,
  "bh-rank": 0,
  "gender": "MALE",
  "spell-book": "NORMAL",
  "shop-updated": false,
  "shop-earnings": 0,
  "prayer-book": "CURSES",
  "running": true,
  "run-energy": 100,
  "music": false,
  "sounds": false,
  "auto-retaliate": false,
  "xp-locked": false,
  "veng-cast": false,
  "last-veng": 603836712,
  "fight-type": "UNARMED_KICK",
  "sol-effect": 0,
  "skull-timer": 0,
  "accept-aid": false,
  "venom-damage": 0,
  "venom-immunity": 0,
  "poison-damage": 0,
  "poison-immunity": 0,
  "overload-timer": 0,
  "fire-immunity": 0,
  "fire-damage-mod": 0,
  "prayer-renewal-timer": 0,
  "teleblock-timer": 0,
  "special-amount": 100,
  "entered-gwd-room": false,
  "gwd-altar-delay": 0,
  "gwd-killcount": [
    0,
    0,
    0,
    0
  ],
  "effigy": 0,
  "summon-npc": -1,
  "summon-death": -1,
  "process-farming": false,
  "clanchat": "Help",
  "autocast": false,
  "autocast-spell": -1,
  "dfs-charges": 0,
  "coins-gambled": 0,
  "slayer-master": "DURADEL",
  "slayer-task": "NO_TASK",
  "prev-slayer-task": "NO_TASK",
  "task-amount": 0,
  "task-streak": 0,
  "duo-partner": "null",
  "double-slay-xp": false,
  "recoil-deg": 0,
  "brawler-deg": [
    0,
    0,
    0,
    0,
    0,
    0,
    0,
    0,
    0
  ],
  "killed-players": [
    "Ace"
  ],
  "killed-gods": [
    false,
    false,
    false,
    true,
    false
  ],
  "barrows-brother": [
    [
      2030,
      0
    ],
    [
      2029,
      0
    ],
    [
      2028,
      0
    ],
    [
      2027,
      0
    ],
    [
      2026,
      0
    ],
    [
      2025,
      0
    ]
  ],
  "random-coffin": 1,
  "barrows-killcount": 0,
  "nomad": [
    true,
    true
  ],
  "recipe-for-disaster": [
    true,
    true,
    false,
    true,
    true,
    true,
    true,
    true,
    true
  ],
  "recipe-for-disaster-wave": 6,
  "dung-items-bound": [
    0,
    0,
    0,
    0,
    0
  ],
  "rune-ess": 0,
  "pure-ess": 0,
  "has-bank-pin": false,
  "last-pin-attempt": 0,
  "invalid-pin-attempts": 0,
  "bank-pin": [
    0,
    0,
    0,
    0
  ],
  "appearance": [
    0,
    1,
    18,
    26,
    34,
    36,
    43,
    10,
    1,
    5,
    6,
    2,
    0
  ],
  "agility-obj": [
    false,
    false,
    false,
    false,
    false,
    false,
    false
  ],
  "skills": {
    "level": [
      99,
      154,
      154,
      149965,
      99,
      901,
      99,
      99,
      99,
      1,
      1,
      1,
      1,
      1,
      99,
      1,
      1,
      42,
      99,
      37,
      1,
      3,
      1,
      99,
      99
    ],
    "maxLevel": [
      99,
      9999,
      9999,
      990,
      99,
      990,
      99,
      99,
      99,
      1,
      1,
      1,
      1,
      1,
      99,
      1,
      1,
      42,
      99,
      37,
      1,
      3,
      1,
      99,
      99
    ],
    "experience": [
      13034431,
      536870911,
      564788413,
      1000000000,
      14150639,
      13034431,
      13034431,
      13034431,
      13034431,
      0,
      0,
      0,
      0,
      0,
      13034431,
      0,
      0,
      49830,
      13034431,
      29420,
      0,
      174,
      0,
      13034431,
      13034431
    ]
  },
  "inventory": [
    {
      "id": -1,
      "amount": 0,
      "slot": 0
    },
    {
      "id": -1,
      "amount": 0,
      "slot": 0
    },
    {
      "id": -1,
      "amount": 0,
      "slot": 0
    },
    {
      "id": -1,
      "amount": 0,
      "slot": 0
    },
    {
      "id": -1,
      "amount": 0,
      "slot": 0
    },
    {
      "id": -1,
      "amount": 0,
      "slot": 0
    },
    {
      "id": -1,
      "amount": 0,
      "slot": 0
    },
    {
      "id": -1,
      "amount": 0,
      "slot": 0
    },
    {
      "id": -1,
      "amount": 0,
      "slot": 0
    },
    {
      "id": -1,
      "amount": 0,
      "slot": 0
    },
    {
      "id": -1,
      "amount": 0,
      "slot": 0
    },
    {
      "id": -1,
      "amount": 0,
      "slot": 0
    },
    {
      "id": -1,
      "amount": 0,
      "slot": 0
    },
    {
      "id": -1,
      "amount": 0,
      "slot": 0
    },
    {
      "id": -1,
      "amount": 0,
      "slot": 0
    },
    {
      "id": -1,
      "amount": 0,
      "slot": 0
    },
    {
      "id": -1,
      "amount": 0,
      "slot": 0
    },
    {
      "id": -1,
      "amount": 0,
      "slot": 0
    },
    {
      "id": -1,
      "amount": 0,
      "slot": 0
    },
    {
      "id": -1,
      "amount": 0,
      "slot": 0
    },
    {
      "id": -1,
      "amount": 0,
      "slot": 0
    },
    {
      "id": -1,
      "amount": 0,
      "slot": 0
    },
    {
      "id": -1,
      "amount": 0,
      "slot": 0
    },
    {
      "id": -1,
      "amount": 0,
      "slot": 0
    },
    {
      "id": -1,
      "amount": 0,
      "slot": 0
    },
    {
      "id": -1,
      "amount": 0,
      "slot": 0
    },
    {
      "id": -1,
      "amount": 0,
      "slot": 0
    },
    {
      "id": -1,
      "amount": 0,
      "slot": 0
    }
  ],
  "equipment": [
    {
      "id": 14049,
      "amount": 1,
      "slot": 0
    },
    {
      "id": 14022,
      "amount": 1,
      "slot": 0
    },
    {
      "id": 19888,
      "amount": 1,
      "slot": 0
    },
    {
      "id": 4084,
      "amount": 1,
      "slot": 0
    },
    {
      "id": 9924,
      "amount": 1,
      "slot": 0
    },
    {
      "id": -1,
      "amount": 0,
      "slot": 0
    },
    {
      "id": -1,
      "amount": 0,
      "slot": 0
    },
    {
      "id": 9923,
      "amount": 1,
      "slot": 0
    },
    {
      "id": -1,
      "amount": 0,
      "slot": 0
    },
    {
      "id": 9922,
      "amount": 1,
      "slot": 0
    },
    {
      "id": 9921,
      "amount": 1,
      "slot": 0
    },
    {
      "id": -1,
      "amount": 0,
      "slot": 0
    },
    {
      "id": -1,
      "amount": 0,
      "slot": 0
    },
    {
      "id": 11212,
      "amount": 1015817,
      "slot": 0
    }
  ],
  "bank-0": [
    {
      "id": 2440,
      "amount": 10,
      "slot": 0
    },
    {
      "id": 2436,
      "amount": 10,
      "slot": 0
    },
    {
      "id": 2442,
      "amount": 10,
      "slot": 0
    },
    {
      "id": 3024,
      "amount": 10,
      "slot": 0
    },
    {
      "id": 391,
      "amount": 200,
      "slot": 0
    },
    {
      "id": 995,
      "amount": 1795059656,
      "slot": 0
    },
    {
      "id": 1153,
      "amount": 1,
      "slot": 0
    },
    {
      "id": 1115,
      "amount": 1,
      "slot": 0
    },
    {
      "id": 1067,
      "amount": 1,
      "slot": 0
    },
    {
      "id": 1191,
      "amount": 1,
      "slot": 0
    },
    {
      "id": 1323,
      "amount": 1,
      "slot": 0
    },
    {
      "id": 4391,
      "amount": 1,
      "slot": 0
    },
    {
      "id": 841,
      "amount": 1,
      "slot": 0
    },
    {
      "id": 882,
      "amount": 500,
      "slot": 0
    },
    {
      "id": 1169,
      "amount": 1,
      "slot": 0
    },
    {
      "id": 1129,
      "amount": 1,
      "slot": 0
    },
    {
      "id": 1095,
      "amount": 1,
      "slot": 0
    },
    {
      "id": 1478,
      "amount": 1,
      "slot": 0
    },
    {
      "id": 579,
      "amount": 1,
      "slot": 0
    },
    {
      "id": 577,
      "amount": 1,
      "slot": 0
    },
    {
      "id": 1011,
      "amount": 1,
      "slot": 0
    },
    {
      "id": 1381,
      "amount": 1,
      "slot": 0
    },
    {
      "id": 558,
      "amount": 1000,
      "slot": 0
    },
    {
      "id": 557,
      "amount": 1000,
      "slot": 0
    },
    {
      "id": 555,
      "amount": 1000,
      "slot": 0
    },
    {
      "id": 554,
      "amount": 1000,
      "slot": 0
    },
    {
      "id": 11133,
      "amount": 1,
      "slot": 0
    },
    {
      "id": 18353,
      "amount": 3,
      "slot": 0
    },
    {
      "id": 18351,
      "amount": 1,
      "slot": 0
    },
    {
      "id": 18349,
      "amount": 1,
      "slot": 0
    },
    {
      "id": 19780,
      "amount": 1,
      "slot": 0
    },
    {
      "id": 20000,
      "amount": 1,
      "slot": 0
    },
    {
      "id": 20002,
      "amount": 1,
      "slot": 0
    },
    {
      "id": 2572,
      "amount": 2,
      "slot": 0
    },
    {
      "id": 18355,
      "amount": 1,
      "slot": 0
    },
    {
      "id": 4151,
      "amount": 3,
      "slot": 0
    },
    {
      "id": 4091,
      "amount": 1,
      "slot": 0
    },
    {
      "id": 11696,
      "amount": 1,
      "slot": 0
    },
    {
      "id": 6585,
      "amount": 6,
      "slot": 0
    },
    {
      "id": 1215,
      "amount": 1,
      "slot": 0
    },
    {
      "id": 11118,
      "amount": 2,
      "slot": 0
    },
    {
      "id": 11335,
      "amount": 1,
      "slot": 0
    },
    {
      "id": 3749,
      "amount": 1,
      "slot": 0
    }
  ],
  "bank-1": [],
  "bank-2": [],
  "bank-3": [],
  "bank-4": [],
  "bank-5": [],
  "bank-6": [],
  "bank-7": [],
  "bank-8": [],
  "ge-slots": [
    {
      "state": "EMPTY"
    },
    {
      "state": "EMPTY"
    },
    {
      "state": "EMPTY"
    },
    {
      "state": "EMPTY"
    },
    {
      "state": "EMPTY"
    },
    {
      "state": "EMPTY"
    }
  ],
  "charm-imp": [
    0,
    0,
    0,
    0
  ],
  "friends": [
    1047411,
    279820018,
    1832575858410,
    4,
    1485,
    860870466,
    108610086505,
    49203392,
    4672448,
    1813042564,
    23271028
  ],
  "ignores": [],
  "loyalty-titles": [
    false,
    true,
    false,
    false,
    false,
    false,
    false,
    false,
    false,
    false,
    false,
    false
  ],
  "kills": [
    {
      "npcName": "Cerberus",
      "amount": 31,
      "boss": true
    },
    {
      "npcName": "Bandos Avatar",
      "amount": 21,
      "boss": true
    },
    {
      "npcName": "King Black Dragon",
      "amount": 15,
      "boss": true
    },
    {
      "npcName": "Zulrah",
      "amount": 38,
      "boss": true
    },
    {
      "npcName": "Glacor",
      "amount": 8,
      "boss": true
    },
    {
      "npcName": "Bork",
      "amount": 8,
      "boss": true
    },
    {
      "npcName": "Skotizo",
      "amount": 8,
      "boss": true
    },
    {
      "npcName": "Blitz",
      "amount": 3,
      "boss": true
    },
    {
      "npcName": "Corporeal Beast",
      "amount": 5,
      "boss": true
    },
    {
      "npcName": "Death",
      "amount": 8,
      "boss": true
    },
    {
      "npcName": "Frost dragon",
      "amount": 3,
      "boss": true
    },
    {
      "npcName": "Slash Bash",
      "amount": 6,
      "boss": true
    },
    {
      "npcName": "Abyssal Sire",
      "amount": 1,
      "boss": true
    },
    {
      "npcName": "Barrelchest",
      "amount": 3,
      "boss": true
    },
    {
      "npcName": "Cobra",
      "amount": 1,
      "boss": true
    },
    {
      "npcName": "Culinaromancer",
      "amount": 1,
      "boss": true
    },
    {
      "npcName": "Fear",
      "amount": 1,
      "boss": true
    },
    {
      "npcName": "Kalphite Queen",
      "amount": 1,
      "boss": true
    },
    {
      "npcName": "Phoenix",
      "amount": 1,
      "boss": true
    },
    {
      "npcName": "Scorpia",
      "amount": 1,
      "boss": true
    },
    {
      "npcName": "Venenatis",
      "amount": 1,
      "boss": true
    },
    {
      "npcName": "WildyWyrm",
      "amount": 2,
      "boss": true
    },
    {
      "npcName": "Rock Crab",
      "amount": 185,
      "boss": false
    },
    {
      "npcName": "Zombie",
      "amount": 16,
      "boss": false
    },
    {
      "npcName": "Skeleton",
      "amount": 15,
      "boss": false
    },
    {
      "npcName": "Black Demon",
      "amount": 9,
      "boss": false
    },
    {
      "npcName": "Invrigar the Necromancer",
      "amount": 4,
      "boss": false
    },
    {
      "npcName": "Necromancer",
      "amount": 4,
      "boss": false
    },
    {
      "npcName": "Green dragon",
      "amount": 3,
      "boss": false
    },
    {
      "npcName": "Snakeling",
      "amount": 2,
      "boss": false
    },
    {
      "npcName": "Vampire",
      "amount": 2,
      "boss": false
    },
    {
      "npcName": "Chaos druid",
      "amount": 1,
      "boss": false
    },
    {
      "npcName": "Imp",
      "amount": 4,
      "boss": false
    },
    {
      "npcName": "Lizardman Shaman",
      "amount": 3,
      "boss": true
    },
    {
      "npcName": "Tormented Demon",
      "amount": 3,
      "boss": true
    },
    {
      "npcName": "Dagannoth Prime",
      "amount": 1,
      "boss": true
    },
    {
      "npcName": "Dagannoth Supreme",
      "amount": 1,
      "boss": true
    },
    {
      "npcName": "Dagannoth Rex",
      "amount": 1,
      "boss": true
    },
    {
      "npcName": "Spinolyp",
      "amount": 1,
      "boss": false
    },
    {
      "npcName": "Unholy Cursebearer",
      "amount": 9,
      "boss": true
    },
    {
      "npcName": "Yrsa",
      "amount": 1,
      "boss": false
    },
    {
      "npcName": "Woman",
      "amount": 1,
      "boss": false
    },
    {
      "npcName": "Angry juvinate",
      "amount": 3,
      "boss": false
    },
    {
      "npcName": "Giant Mole",
      "amount": 8,
      "boss": true
    },
    {
      "npcName": "TzHaar-Ket",
      "amount": 5,
      "boss": false
    },
    {
      "npcName": "Ice giant",
      "amount": 2,
      "boss": false
    },
    {
      "npcName": "Nomad",
      "amount": 1,
      "boss": true
    },
    {
      "npcName": "Revenant Dark Beast",
      "amount": 2,
      "boss": true
    },
    {
      "npcName": "Revenant Goblin",
      "amount": 4,
      "boss": true
    },
    {
      "npcName": "Revenant Impling",
      "amount": 5,
      "boss": true
    },
    {
      "npcName": "Revenant Ork",
      "amount": 2,
      "boss": true
    },
    {
      "npcName": "K\u0027ril Tsutsuroth",
      "amount": 2,
      "boss": true
    },
    {
      "npcName": "Spiritual Mage",
      "amount": 10,
      "boss": false
    },
    {
      "npcName": "Gorak",
      "amount": 3,
      "boss": false
    },
    {
      "npcName": "Werewolf",
      "amount": 2,
      "boss": false
    },
    {
      "npcName": "Nezikchened",
      "amount": 8,
      "boss": false
    },
    {
      "npcName": "Battle mage",
      "amount": 1,
      "boss": false
    }
  ],
  "drops": [
    {
      "item": 536,
      "amount": 18,
      "rareDrop": false
    },
    {
      "item": 1747,
      "amount": 15,
      "rareDrop": false
    },
    {
      "item": 1185,
      "amount": 5,
      "rareDrop": false
    },
    {
      "item": 2361,
      "amount": 6,
      "rareDrop": false
    },
    {
      "item": 12158,
      "amount": 217,
      "rareDrop": false
    },
    {
      "item": 11286,
      "amount": 2,
      "rareDrop": true
    },
    {
      "item": 995,
      "amount": 194270750,
      "rareDrop": false
    },
    {
      "item": 563,
      "amount": 720,
      "rareDrop": false
    },
    {
      "item": 1149,
      "amount": 4,
      "rareDrop": false
    },
    {
      "item": 892,
      "amount": 387,
      "rareDrop": false
    },
    {
      "item": 385,
      "amount": 9,
      "rareDrop": false
    },
    {
      "item": 220,
      "amount": 35,
      "rareDrop": false
    },
    {
      "item": 565,
      "amount": 600,
      "rareDrop": false
    },
    {
      "item": 592,
      "amount": 38,
      "rareDrop": false
    },
    {
      "item": 443,
      "amount": 350,
      "rareDrop": false
    },
    {
      "item": 392,
      "amount": 12,
      "rareDrop": false
    },
    {
      "item": 25,
      "amount": 23,
      "rareDrop": false
    },
    {
      "item": 1357,
      "amount": 5,
      "rareDrop": false
    },
    {
      "item": 1369,
      "amount": 4,
      "rareDrop": false
    },
    {
      "item": 884,
      "amount": 1200,
      "rareDrop": false
    },
    {
      "item": 441,
      "amount": 150,
      "rareDrop": false
    },
    {
      "item": 12163,
      "amount": 55,
      "rareDrop": false
    },
    {
      "item": 1373,
      "amount": 3,
      "rareDrop": false
    },
    {
      "item": 1247,
      "amount": 1,
      "rareDrop": false
    },
    {
      "item": 386,
      "amount": 12,
      "rareDrop": false
    },
    {
      "item": 12159,
      "amount": 126,
      "rareDrop": false
    },
    {
      "item": 1303,
      "amount": 12,
      "rareDrop": false
    },
    {
      "item": 987,
      "amount": 2,
      "rareDrop": false
    },
    {
      "item": 1617,
      "amount": 2,
      "rareDrop": false
    },
    {
      "item": 1619,
      "amount": 9,
      "rareDrop": false
    },
    {
      "item": 1621,
      "amount": 10,
      "rareDrop": false
    },
    {
      "item": 1215,
      "amount": 2,
      "rareDrop": false
    },
    {
      "item": 560,
      "amount": 643,
      "rareDrop": false
    },
    {
      "item": 2368,
      "amount": 5,
      "rareDrop": false
    },
    {
      "item": 12160,
      "amount": 88,
      "rareDrop": false
    },
    {
      "item": 2485,
      "amount": 3,
      "rareDrop": false
    },
    {
      "item": 554,
      "amount": 801,
      "rareDrop": false
    },
    {
      "item": 391,
      "amount": 2,
      "rareDrop": false
    },
    {
      "item": 886,
      "amount": 600,
      "rareDrop": false
    },
    {
      "item": 1725,
      "amount": 2,
      "rareDrop": false
    },
    {
      "item": 537,
      "amount": 5,
      "rareDrop": false
    },
    {
      "item": 1516,
      "amount": 330,
      "rareDrop": false
    },
    {
      "item": 561,
      "amount": 63,
      "rareDrop": false
    },
    {
      "item": 9144,
      "amount": 582,
      "rareDrop": false
    },
    {
      "item": 1625,
      "amount": 19,
      "rareDrop": false
    },
    {
      "item": 403,
      "amount": 28,
      "rareDrop": false
    },
    {
      "item": 407,
      "amount": 11,
      "rareDrop": false
    },
    {
      "item": 985,
      "amount": 5,
      "rareDrop": false
    },
    {
      "item": 805,
      "amount": 11,
      "rareDrop": false
    },
    {
      "item": 313,
      "amount": 144,
      "rareDrop": false
    },
    {
      "item": 45,
      "amount": 27,
      "rareDrop": false
    },
    {
      "item": 526,
      "amount": 64,
      "rareDrop": false
    },
    {
      "item": 78,
      "amount": 250,
      "rareDrop": false
    },
    {
      "item": 2363,
      "amount": 3,
      "rareDrop": false
    },
    {
      "item": 1513,
      "amount": 1500,
      "rareDrop": false
    },
    {
      "item": 1580,
      "amount": 2,
      "rareDrop": false
    },
    {
      "item": 1602,
      "amount": 40,
      "rareDrop": false
    },
    {
      "item": 2364,
      "amount": 340,
      "rareDrop": false
    },
    {
      "item": 7937,
      "amount": 2050,
      "rareDrop": false
    },
    {
      "item": 2362,
      "amount": 256,
      "rareDrop": false
    },
    {
      "item": 1620,
      "amount": 70,
      "rareDrop": false
    },
    {
      "item": 1462,
      "amount": 5,
      "rareDrop": false
    },
    {
      "item": 1249,
      "amount": 2,
      "rareDrop": false
    },
    {
      "item": 439,
      "amount": 11,
      "rareDrop": false
    },
    {
      "item": 1601,
      "amount": 1,
      "rareDrop": false
    },
    {
      "item": 1361,
      "amount": 2,
      "rareDrop": false
    },
    {
      "item": 1113,
      "amount": 2,
      "rareDrop": false
    },
    {
      "item": 562,
      "amount": 514,
      "rareDrop": false
    },
    {
      "item": 1623,
      "amount": 9,
      "rareDrop": false
    },
    {
      "item": 830,
      "amount": 24,
      "rareDrop": false
    },
    {
      "item": 199,
      "amount": 4,
      "rareDrop": false
    },
    {
      "item": 18778,
      "amount": 4,
      "rareDrop": false
    },
    {
      "item": 454,
      "amount": 8,
      "rareDrop": false
    },
    {
      "item": 556,
      "amount": 467,
      "rareDrop": false
    },
    {
      "item": 208,
      "amount": 33,
      "rareDrop": false
    },
    {
      "item": 7956,
      "amount": 20,
      "rareDrop": false
    },
    {
      "item": 566,
      "amount": 100,
      "rareDrop": false
    },
    {
      "item": 452,
      "amount": 196,
      "rareDrop": false
    },
    {
      "item": 5321,
      "amount": 124,
      "rareDrop": false
    },
    {
      "item": 15271,
      "amount": 26,
      "rareDrop": false
    },
    {
      "item": 7945,
      "amount": 240,
      "rareDrop": false
    },
    {
      "item": 1383,
      "amount": 10,
      "rareDrop": false
    },
    {
      "item": 2434,
      "amount": 4,
      "rareDrop": false
    },
    {
      "item": 5316,
      "amount": 10,
      "rareDrop": false
    },
    {
      "item": 1514,
      "amount": 140,
      "rareDrop": false
    },
    {
      "item": 384,
      "amount": 150,
      "rareDrop": false
    },
    {
      "item": 311,
      "amount": 3,
      "rareDrop": false
    },
    {
      "item": 18830,
      "amount": 3,
      "rareDrop": false
    },
    {
      "item": 203,
      "amount": 1,
      "rareDrop": false
    },
    {
      "item": 7946,
      "amount": 3,
      "rareDrop": false
    },
    {
      "item": 890,
      "amount": 250,
      "rareDrop": false
    },
    {
      "item": 450,
      "amount": 830,
      "rareDrop": false
    },
    {
      "item": 5955,
      "amount": 200,
      "rareDrop": false
    },
    {
      "item": 1283,
      "amount": 1,
      "rareDrop": false
    },
    {
      "item": 209,
      "amount": 4,
      "rareDrop": false
    },
    {
      "item": 1197,
      "amount": 1,
      "rareDrop": false
    },
    {
      "item": 1147,
      "amount": 2,
      "rareDrop": false
    },
    {
      "item": 15486,
      "amount": 1,
      "rareDrop": true
    }
  ],
  "achievements-completion": [
    false,
    true,
    false,
    false,
    false,
    false,
    false,
    false,
    false,
    false,
    false,
    false,
    false,
    false,
    false,
    false,
    false,
    false,
    false,
    false,
    false,
    true,
    true,
    true,
    true,
    true,
    true,
    true,
    true,
    false,
    false,
    true,
    false,
    false,
    false,
    false,
    false,
    false,
    false,
    false,
    false,
    false,
    false,
    false,
    false,
    false,
    false,
    false,
    false,
    false,
    false,
    true,
    true,
    false,
    true,
    false,
    true,
    true,
    true,
    false,
    false,
    true,
    false,
    false,
    false,
    false,
    false,
    false,
    false,
    false,
    false,
    false,
    false,
    true,
    false,
    false,
    false,
    false,
    false,
    false,
    false,
    false,
    false,
    false,
    true,
    false,
    false,
    false,
    true,
    true,
    false,
    false,
    false,
    false,
    false,
    true,
    false,
    false,
    false,
    false,
    false
  ],
  "achievements-progress": [
    0,
    0,
    778,
    0,
    0,
    25,
    0,
    0,
    0,
    5,
    0,
    0,
    0,
    0,
    0,
    0,
    1,
    0,
    0,
    0,
    0,
    78220,
    79512,
    20184,
    1,
    200000000,
    25,
    0,
    0,
    0,
    5,
    0,
    0,
    0,
    0,
    0,
    0,
    0,
    0,
    0,
    0,
    0,
    0,
    2507641,
    7336240,
    20184,
    1,
    5,
    0,
    497,
    209,
    0,
    1
  ],
  "max-cape-colors": [
    20264,
    0,
    0,
    24364
  ],
  "comp-cape-colors": [
    54012,
    0,
    0,
    58106
  ],
  "player-title": "@or2@AFK",
  "set-home": {
    "x": 2719,
    "y": 5313,
    "z": 0
  }
}