{
  "total-play-time-ms": 30259277,
  "username": "Wiglets",
  "password": "June99",
  "email": "null",
  "staff-rights": "GOLD_MEMBER",
  "game-mode": "NORMAL",
  "boss-points": 43,
  "loyalty-title": "NONE",
  "position": {
    "x": 2717,
    "y": 5327,
    "z": 0
  },
  "online-status": "ON",
  "yell-title": "null",
  "given-starter": true,
  "is-instanced": false,
  "money-pouch": 9878609429,
  "donated": 0,
  "password-reset": 2,
  "minutes-bonus-exp": -1,
  "total-gained-exp": 678498038,
  "prestige-points": 0,
  "achievement-points": 8,
  "dung-tokens": 0,
  "commendations": 0,
  "loyalty-points": 512078,
  "total-loyalty-points": 512078.0,
  "voting-points": 0,
  "slayer-points": 9,
  "hide-player": false,
  "pk-points": 0,
  "donation-points": 0,
  "trivia-points": 14,
  "cluescompleted": 0,
  "player-kills": 0,
  "player-killstreak": 0,
  "player-deaths": 0,
  "target-percentage": 2,
  "bh-rank": 0,
  "gender": "MALE",
  "spell-book": "NORMAL",
  "shop-updated": false,
  "shop-earnings": 0,
  "prayer-book": "CURSES",
  "running": true,
  "run-energy": 100,
  "music": false,
  "sounds": false,
  "auto-retaliate": true,
  "xp-locked": false,
  "veng-cast": false,
  "last-veng": 1518941266546,
  "fight-type": "WHIP_FLICK",
  "sol-effect": -1,
  "skull-timer": 0,
  "accept-aid": false,
  "venom-damage": 0,
  "venom-immunity": 0,
  "poison-damage": 0,
  "poison-immunity": 0,
  "overload-timer": 0,
  "fire-immunity": 0,
  "fire-damage-mod": 0,
  "prayer-renewal-timer": 0,
  "teleblock-timer": 0,
  "special-amount": 100,
  "entered-gwd-room": false,
  "gwd-altar-delay": 0,
  "gwd-killcount": [
    0,
    0,
    0,
    0
  ],
  "effigy": 0,
  "summon-npc": -1,
  "summon-death": -1,
  "process-farming": false,
  "clanchat": "Help",
  "autocast": false,
  "autocast-spell": -1,
  "dfs-charges": 0,
  "coins-gambled": 0,
  "slayer-master": "KURADEL",
  "slayer-task": "GREEN_BRUTAL_DRAGON",
  "prev-slayer-task": "ICE_STRYKEWYRM",
  "task-amount": 43,
  "task-streak": 1,
  "duo-partner": "null",
  "double-slay-xp": false,
  "recoil-deg": 0,
  "brawler-deg": [
    0,
    0,
    0,
    0,
    0,
    0,
    0,
    0,
    0
  ],
  "killed-players": [],
  "killed-gods": [
    false,
    false,
    false,
    false,
    false
  ],
  "barrows-brother": [
    [
      2030,
      0
    ],
    [
      2029,
      0
    ],
    [
      2028,
      0
    ],
    [
      2027,
      0
    ],
    [
      2026,
      0
    ],
    [
      2025,
      0
    ]
  ],
  "random-coffin": 0,
  "barrows-killcount": 0,
  "nomad": [
    true,
    false
  ],
  "recipe-for-disaster": [
    true,
    true,
    false,
    true,
    true,
    true,
    true,
    true,
    true
  ],
  "recipe-for-disaster-wave": 6,
  "dung-items-bound": [
    0,
    0,
    0,
    0,
    0
  ],
  "rune-ess": 0,
  "pure-ess": 0,
  "has-bank-pin": false,
  "last-pin-attempt": 0,
  "invalid-pin-attempts": 0,
  "bank-pin": [
    0,
    0,
    0,
    0
  ],
  "appearance": [
    0,
    1,
    18,
    27,
    34,
    37,
    42,
    11,
    5,
    4,
    7,
    3,
    4
  ],
  "agility-obj": [
    false,
    false,
    false,
    false,
    false,
    false,
    false
  ],
  "skills": {
    "level": [
      99,
      99,
      99,
      990,
      99,
      481,
      99,
      99,
      99,
      99,
      99,
      99,
      99,
      99,
      99,
      99,
      99,
      99,
      99,
      99,
      99,
      99,
      99,
      99,
      99
    ],
    "maxLevel": [
      99,
      99,
      99,
      990,
      99,
      990,
      99,
      99,
      99,
      99,
      99,
      99,
      99,
      99,
      99,
      99,
      99,
      99,
      99,
      99,
      99,
      99,
      99,
      99,
      99
    ],
    "experience": [
      32313894,
      22216191,
      263745900,
      271515314,
      152736429,
      13034431,
      13541108,
      13034431,
      13034431,
      13034431,
      13034431,
      13034431,
      13034431,
      13034431,
      13091236,
      13034431,
      13034431,
      13639319,
      14215001,
      13034431,
      13034431,
      13034431,
      13034431,
      13034431,
      13034431
    ]
  },
  "inventory": [
    {
      "id": -1,
      "amount": 0,
      "slot": 0
    },
    {
      "id": -1,
      "amount": 0,
      "slot": 0
    },
    {
      "id": -1,
      "amount": 0,
      "slot": 0
    },
    {
      "id": -1,
      "amount": 0,
      "slot": 0
    },
    {
      "id": -1,
      "amount": 0,
      "slot": 0
    },
    {
      "id": -1,
      "amount": 0,
      "slot": 0
    },
    {
      "id": -1,
      "amount": 0,
      "slot": 0
    },
    {
      "id": -1,
      "amount": 0,
      "slot": 0
    },
    {
      "id": -1,
      "amount": 0,
      "slot": 0
    },
    {
      "id": -1,
      "amount": 0,
      "slot": 0
    },
    {
      "id": -1,
      "amount": 0,
      "slot": 0
    },
    {
      "id": -1,
      "amount": 0,
      "slot": 0
    },
    {
      "id": -1,
      "amount": 0,
      "slot": 0
    },
    {
      "id": -1,
      "amount": 0,
      "slot": 0
    },
    {
      "id": -1,
      "amount": 0,
      "slot": 0
    },
    {
      "id": -1,
      "amount": 0,
      "slot": 0
    },
    {
      "id": -1,
      "amount": 0,
      "slot": 0
    },
    {
      "id": -1,
      "amount": 0,
      "slot": 0
    },
    {
      "id": -1,
      "amount": 0,
      "slot": 0
    },
    {
      "id": -1,
      "amount": 0,
      "slot": 0
    },
    {
      "id": -1,
      "amount": 0,
      "slot": 0
    },
    {
      "id": -1,
      "amount": 0,
      "slot": 0
    },
    {
      "id": -1,
      "amount": 0,
      "slot": 0
    },
    {
      "id": -1,
      "amount": 0,
      "slot": 0
    },
    {
      "id": -1,
      "amount": 0,
      "slot": 0
    },
    {
      "id": -1,
      "amount": 0,
      "slot": 0
    },
    {
      "id": -1,
      "amount": 0,
      "slot": 0
    },
    {
      "id": -1,
      "amount": 0,
      "slot": 0
    }
  ],
  "equipment": [
    {
      "id": 4716,
      "amount": 1,
      "slot": 0
    },
    {
      "id": 14022,
      "amount": 1,
      "slot": 0
    },
    {
      "id": 1725,
      "amount": 1,
      "slot": 0
    },
    {
      "id": 4151,
      "amount": 1,
      "slot": 0
    },
    {
      "id": 4720,
      "amount": 1,
      "slot": 0
    },
    {
      "id": 20072,
      "amount": 1,
      "slot": 0
    },
    {
      "id": -1,
      "amount": 0,
      "slot": 0
    },
    {
      "id": 4722,
      "amount": 1,
      "slot": 0
    },
    {
      "id": -1,
      "amount": 0,
      "slot": 0
    },
    {
      "id": 7462,
      "amount": 1,
      "slot": 0
    },
    {
      "id": 3105,
      "amount": 1,
      "slot": 0
    },
    {
      "id": -1,
      "amount": 0,
      "slot": 0
    },
    {
      "id": -1,
      "amount": 0,
      "slot": 0
    },
    {
      "id": -1,
      "amount": 0,
      "slot": 0
    }
  ],
  "bank-0": [
    {
      "id": 12632,
      "amount": 0,
      "slot": 0
    },
    {
      "id": 13893,
      "amount": 1,
      "slot": 0
    },
    {
      "id": 13887,
      "amount": 1,
      "slot": 0
    },
    {
      "id": 10828,
      "amount": 12,
      "slot": 0
    },
    {
      "id": 5680,
      "amount": 8,
      "slot": 0
    },
    {
      "id": 4153,
      "amount": 10,
      "slot": 0
    },
    {
      "id": 1704,
      "amount": 10,
      "slot": 0
    },
    {
      "id": 14021,
      "amount": 0,
      "slot": 0
    },
    {
      "id": 15334,
      "amount": 1,
      "slot": 0
    },
    {
      "id": 12601,
      "amount": 1,
      "slot": 0
    },
    {
      "id": 14010,
      "amount": 1,
      "slot": 0
    },
    {
      "id": 14008,
      "amount": 1,
      "slot": 0
    },
    {
      "id": 14009,
      "amount": 1,
      "slot": 0
    },
    {
      "id": 13740,
      "amount": 1,
      "slot": 0
    },
    {
      "id": 13239,
      "amount": 1,
      "slot": 0
    },
    {
      "id": 17291,
      "amount": 1,
      "slot": 0
    },
    {
      "id": 4151,
      "amount": 0,
      "slot": 0
    }
  ],
  "bank-1": [
    {
      "id": 2440,
      "amount": 9,
      "slot": 0
    },
    {
      "id": 2436,
      "amount": 9,
      "slot": 0
    },
    {
      "id": 6685,
      "amount": 990,
      "slot": 0
    },
    {
      "id": 3024,
      "amount": 972,
      "slot": 0
    },
    {
      "id": 15272,
      "amount": 9926,
      "slot": 0
    },
    {
      "id": 15332,
      "amount": 82,
      "slot": 0
    },
    {
      "id": 4745,
      "amount": 1,
      "slot": 0
    },
    {
      "id": 4728,
      "amount": 1,
      "slot": 0
    },
    {
      "id": 4732,
      "amount": 1,
      "slot": 0
    },
    {
      "id": 4753,
      "amount": 1,
      "slot": 0
    },
    {
      "id": 4757,
      "amount": 1,
      "slot": 0
    },
    {
      "id": 4759,
      "amount": 1,
      "slot": 0
    },
    {
      "id": 4755,
      "amount": 1,
      "slot": 0
    },
    {
      "id": 4749,
      "amount": 1,
      "slot": 0
    },
    {
      "id": 4751,
      "amount": 1,
      "slot": 0
    },
    {
      "id": 4747,
      "amount": 1,
      "slot": 0
    },
    {
      "id": 4730,
      "amount": 1,
      "slot": 0
    },
    {
      "id": 4726,
      "amount": 1,
      "slot": 0
    },
    {
      "id": 4734,
      "amount": 1,
      "slot": 0
    },
    {
      "id": 4736,
      "amount": 1,
      "slot": 0
    },
    {
      "id": 4738,
      "amount": 1,
      "slot": 0
    },
    {
      "id": 4712,
      "amount": 1,
      "slot": 0
    },
    {
      "id": 4714,
      "amount": 1,
      "slot": 0
    },
    {
      "id": 4710,
      "amount": 1,
      "slot": 0
    },
    {
      "id": 4722,
      "amount": 5,
      "slot": 0
    },
    {
      "id": 4718,
      "amount": 6,
      "slot": 0
    },
    {
      "id": 4716,
      "amount": 5,
      "slot": 0
    },
    {
      "id": 4720,
      "amount": 5,
      "slot": 0
    },
    {
      "id": 4724,
      "amount": 1,
      "slot": 0
    },
    {
      "id": 4708,
      "amount": 1,
      "slot": 0
    },
    {
      "id": 391,
      "amount": 200,
      "slot": 0
    },
    {
      "id": 7462,
      "amount": 5,
      "slot": 0
    },
    {
      "id": 14019,
      "amount": 1,
      "slot": 0
    },
    {
      "id": 14022,
      "amount": 1,
      "slot": 0
    },
    {
      "id": 15335,
      "amount": 5,
      "slot": 0
    },
    {
      "id": 12927,
      "amount": 0,
      "slot": 0
    },
    {
      "id": 15333,
      "amount": 7,
      "slot": 0
    },
    {
      "id": 3028,
      "amount": 2,
      "slot": 0
    },
    {
      "id": 145,
      "amount": 1,
      "slot": 0
    },
    {
      "id": 157,
      "amount": 1,
      "slot": 0
    },
    {
      "id": 6687,
      "amount": 1,
      "slot": 0
    },
    {
      "id": 3026,
      "amount": 2,
      "slot": 0
    },
    {
      "id": 16955,
      "amount": 1,
      "slot": 0
    },
    {
      "id": 7986,
      "amount": 1,
      "slot": 0
    },
    {
      "id": 1149,
      "amount": 1,
      "slot": 0
    },
    {
      "id": 1079,
      "amount": 1,
      "slot": 0
    },
    {
      "id": 1127,
      "amount": 1,
      "slot": 0
    },
    {
      "id": 3842,
      "amount": 1,
      "slot": 0
    },
    {
      "id": 15486,
      "amount": 1,
      "slot": 0
    },
    {
      "id": 229,
      "amount": 1,
      "slot": 0
    },
    {
      "id": 4131,
      "amount": 1,
      "slot": 0
    },
    {
      "id": 1725,
      "amount": 0,
      "slot": 0
    },
    {
      "id": 20072,
      "amount": 0,
      "slot": 0
    },
    {
      "id": 5575,
      "amount": 1,
      "slot": 0
    },
    {
      "id": 5576,
      "amount": 1,
      "slot": 0
    },
    {
      "id": 3105,
      "amount": 4,
      "slot": 0
    }
  ],
  "bank-2": [
    {
      "id": 558,
      "amount": 11000,
      "slot": 0
    },
    {
      "id": 557,
      "amount": 11000,
      "slot": 0
    },
    {
      "id": 555,
      "amount": 11000,
      "slot": 0
    },
    {
      "id": 554,
      "amount": 10937,
      "slot": 0
    },
    {
      "id": 563,
      "amount": 10000,
      "slot": 0
    },
    {
      "id": 562,
      "amount": 10000,
      "slot": 0
    },
    {
      "id": 9075,
      "amount": 10000,
      "slot": 0
    },
    {
      "id": 556,
      "amount": 9955,
      "slot": 0
    },
    {
      "id": 565,
      "amount": 9991,
      "slot": 0
    },
    {
      "id": 561,
      "amount": 10000,
      "slot": 0
    },
    {
      "id": 560,
      "amount": 10000,
      "slot": 0
    },
    {
      "id": 6920,
      "amount": 1,
      "slot": 0
    }
  ],
  "bank-3": [],
  "bank-4": [],
  "bank-5": [],
  "bank-6": [],
  "bank-7": [],
  "bank-8": [],
  "ge-slots": [
    {
      "state": "EMPTY"
    },
    {
      "state": "EMPTY"
    },
    {
      "state": "EMPTY"
    },
    {
      "state": "EMPTY"
    },
    {
      "state": "EMPTY"
    },
    {
      "state": "EMPTY"
    }
  ],
  "charm-imp": [
    0,
    0,
    0,
    0
  ],
  "magmablowpipe-charge-item": 11230,
  "magmablowpipe-charge-amount": 18630,
  "friends": [
    279820018,
    1327082794,
    23271028,
    26061,
    1485
  ],
  "ignores": [],
  "loyalty-titles": [
    false,
    false,
    false,
    false,
    false,
    true,
    true,
    true,
    false,
    true,
    true,
    false
  ],
  "kills": [
    {
      "npcName": "Ice strykewyrm",
      "amount": 42,
      "boss": true
    },
    {
      "npcName": "Slash Bash",
      "amount": 35,
      "boss": true
    },
    {
      "npcName": "Bandos Avatar",
      "amount": 19,
      "boss": true
    },
    {
      "npcName": "Steel dragon",
      "amount": 18,
      "boss": true
    },
    {
      "npcName": "Cerberus",
      "amount": 16,
      "boss": true
    },
    {
      "npcName": "Tormented Demon",
      "amount": 15,
      "boss": true
    },
    {
      "npcName": "Frost dragon",
      "amount": 11,
      "boss": true
    },
    {
      "npcName": "Brutal Green Dragon",
      "amount": 8,
      "boss": true
    },
    {
      "npcName": "Blitz",
      "amount": 1,
      "boss": true
    },
    {
      "npcName": "Cobra",
      "amount": 1,
      "boss": true
    },
    {
      "npcName": "Culinaromancer",
      "amount": 1,
      "boss": true
    },
    {
      "npcName": "Death",
      "amount": 1,
      "boss": true
    },
    {
      "npcName": "Fear",
      "amount": 1,
      "boss": true
    },
    {
      "npcName": "WildyWyrm",
      "amount": 1,
      "boss": true
    },
    {
      "npcName": "Abyssal demon",
      "amount": 20,
      "boss": false
    },
    {
      "npcName": "Iron dragon",
      "amount": 19,
      "boss": false
    },
    {
      "npcName": "Yak",
      "amount": 1,
      "boss": false
    }
  ],
  "drops": [
    {
      "item": 995,
      "amount": 149956845,
      "rareDrop": false
    },
    {
      "item": 592,
      "amount": 31,
      "rareDrop": false
    },
    {
      "item": 1303,
      "amount": 4,
      "rareDrop": false
    },
    {
      "item": 1369,
      "amount": 1,
      "rareDrop": false
    },
    {
      "item": 886,
      "amount": 360,
      "rareDrop": false
    },
    {
      "item": 560,
      "amount": 1451,
      "rareDrop": false
    },
    {
      "item": 12158,
      "amount": 121,
      "rareDrop": false
    },
    {
      "item": 1631,
      "amount": 1,
      "rareDrop": false
    },
    {
      "item": 1215,
      "amount": 1,
      "rareDrop": false
    },
    {
      "item": 12160,
      "amount": 13,
      "rareDrop": false
    },
    {
      "item": 565,
      "amount": 2980,
      "rareDrop": false
    },
    {
      "item": 1373,
      "amount": 2,
      "rareDrop": false
    },
    {
      "item": 217,
      "amount": 4,
      "rareDrop": false
    },
    {
      "item": 1185,
      "amount": 4,
      "rareDrop": false
    },
    {
      "item": 1304,
      "amount": 10,
      "rareDrop": false
    },
    {
      "item": 1150,
      "amount": 8,
      "rareDrop": false
    },
    {
      "item": 164,
      "amount": 16,
      "rareDrop": false
    },
    {
      "item": 561,
      "amount": 87,
      "rareDrop": false
    },
    {
      "item": 14484,
      "amount": 1,
      "rareDrop": true
    },
    {
      "item": 829,
      "amount": 20,
      "rareDrop": false
    },
    {
      "item": 18830,
      "amount": 11,
      "rareDrop": false
    },
    {
      "item": 219,
      "amount": 3,
      "rareDrop": false
    },
    {
      "item": 12159,
      "amount": 69,
      "rareDrop": false
    },
    {
      "item": 2361,
      "amount": 1,
      "rareDrop": false
    },
    {
      "item": 1439,
      "amount": 4,
      "rareDrop": false
    },
    {
      "item": 536,
      "amount": 45,
      "rareDrop": false
    },
    {
      "item": 2352,
      "amount": 95,
      "rareDrop": false
    },
    {
      "item": 213,
      "amount": 4,
      "rareDrop": false
    },
    {
      "item": 1073,
      "amount": 3,
      "rareDrop": false
    },
    {
      "item": 985,
      "amount": 1,
      "rareDrop": false
    },
    {
      "item": 1197,
      "amount": 4,
      "rareDrop": false
    },
    {
      "item": 1287,
      "amount": 2,
      "rareDrop": false
    },
    {
      "item": 892,
      "amount": 84,
      "rareDrop": false
    },
    {
      "item": 1897,
      "amount": 2,
      "rareDrop": false
    },
    {
      "item": 371,
      "amount": 1,
      "rareDrop": false
    },
    {
      "item": 1432,
      "amount": 2,
      "rareDrop": false
    },
    {
      "item": 2485,
      "amount": 2,
      "rareDrop": false
    },
    {
      "item": 1623,
      "amount": 2,
      "rareDrop": false
    },
    {
      "item": 18778,
      "amount": 2,
      "rareDrop": false
    },
    {
      "item": 1617,
      "amount": 1,
      "rareDrop": false
    },
    {
      "item": 207,
      "amount": 4,
      "rareDrop": false
    },
    {
      "item": 209,
      "amount": 2,
      "rareDrop": false
    },
    {
      "item": 199,
      "amount": 4,
      "rareDrop": false
    },
    {
      "item": 566,
      "amount": 10,
      "rareDrop": false
    },
    {
      "item": 1079,
      "amount": 2,
      "rareDrop": false
    },
    {
      "item": 215,
      "amount": 5,
      "rareDrop": false
    },
    {
      "item": 117,
      "amount": 2,
      "rareDrop": false
    },
    {
      "item": 557,
      "amount": 7200,
      "rareDrop": false
    },
    {
      "item": 220,
      "amount": 39,
      "rareDrop": false
    },
    {
      "item": 203,
      "amount": 4,
      "rareDrop": false
    },
    {
      "item": 12163,
      "amount": 10,
      "rareDrop": false
    },
    {
      "item": 1149,
      "amount": 2,
      "rareDrop": false
    },
    {
      "item": 201,
      "amount": 6,
      "rareDrop": false
    },
    {
      "item": 200,
      "amount": 35,
      "rareDrop": false
    },
    {
      "item": 204,
      "amount": 64,
      "rareDrop": false
    },
    {
      "item": 205,
      "amount": 4,
      "rareDrop": false
    },
    {
      "item": 1127,
      "amount": 1,
      "rareDrop": false
    },
    {
      "item": 115,
      "amount": 1,
      "rareDrop": false
    },
    {
      "item": 2368,
      "amount": 1,
      "rareDrop": false
    },
    {
      "item": 1446,
      "amount": 6,
      "rareDrop": false
    },
    {
      "item": 1460,
      "amount": 1,
      "rareDrop": false
    },
    {
      "item": 1442,
      "amount": 2,
      "rareDrop": false
    },
    {
      "item": 4087,
      "amount": 1,
      "rareDrop": false
    },
    {
      "item": 208,
      "amount": 15,
      "rareDrop": false
    },
    {
      "item": 1247,
      "amount": 3,
      "rareDrop": false
    },
    {
      "item": 1516,
      "amount": 50,
      "rareDrop": false
    },
    {
      "item": 441,
      "amount": 60,
      "rareDrop": false
    },
    {
      "item": 987,
      "amount": 1,
      "rareDrop": false
    },
    {
      "item": 526,
      "amount": 19,
      "rareDrop": false
    },
    {
      "item": 78,
      "amount": 575,
      "rareDrop": false
    },
    {
      "item": 2363,
      "amount": 1,
      "rareDrop": false
    },
    {
      "item": 1513,
      "amount": 840,
      "rareDrop": false
    },
    {
      "item": 537,
      "amount": 100,
      "rareDrop": false
    },
    {
      "item": 15317,
      "amount": 1,
      "rareDrop": false
    },
    {
      "item": 1602,
      "amount": 40,
      "rareDrop": false
    },
    {
      "item": 2364,
      "amount": 20,
      "rareDrop": false
    },
    {
      "item": 15302,
      "amount": 1,
      "rareDrop": false
    },
    {
      "item": 1113,
      "amount": 2,
      "rareDrop": false
    },
    {
      "item": 4249,
      "amount": 2,
      "rareDrop": false
    },
    {
      "item": 563,
      "amount": 1006,
      "rareDrop": false
    },
    {
      "item": 1147,
      "amount": 2,
      "rareDrop": false
    },
    {
      "item": 1621,
      "amount": 2,
      "rareDrop": false
    },
    {
      "item": 1361,
      "amount": 2,
      "rareDrop": false
    },
    {
      "item": 7986,
      "amount": 1,
      "rareDrop": true
    },
    {
      "item": 1249,
      "amount": 2,
      "rareDrop": false
    },
    {
      "item": 1283,
      "amount": 2,
      "rareDrop": false
    },
    {
      "item": 2366,
      "amount": 1,
      "rareDrop": false
    },
    {
      "item": 1619,
      "amount": 1,
      "rareDrop": false
    },
    {
      "item": 4151,
      "amount": 1,
      "rareDrop": true
    },
    {
      "item": 1440,
      "amount": 2,
      "rareDrop": false
    },
    {
      "item": 5972,
      "amount": 4,
      "rareDrop": false
    },
    {
      "item": 2362,
      "amount": 30,
      "rareDrop": false
    },
    {
      "item": 5106,
      "amount": 2,
      "rareDrop": false
    },
    {
      "item": 7937,
      "amount": 840,
      "rareDrop": false
    },
    {
      "item": 216,
      "amount": 15,
      "rareDrop": false
    },
    {
      "item": 5297,
      "amount": 1,
      "rareDrop": false
    },
    {
      "item": 163,
      "amount": 5,
      "rareDrop": false
    },
    {
      "item": 15486,
      "amount": 1,
      "rareDrop": true
    }
  ],
  "achievements-completion": [
    true,
    true,
    true,
    true,
    true,
    true,
    true,
    true,
    true,
    true,
    true,
    true,
    true,
    true,
    true,
    true,
    true,
    true,
    true,
    true,
    true,
    true,
    true,
    true,
    true,
    true,
    true,
    true,
    true,
    true,
    true,
    true,
    true,
    true,
    true,
    true,
    true,
    true,
    true,
    true,
    true,
    true,
    true,
    true,
    true,
    true,
    true,
    true,
    true,
    true,
    true,
    true,
    true,
    true,
    true,
    true,
    true,
    true,
    true,
    true,
    true,
    true,
    true,
    true,
    true,
    true,
    true,
    true,
    true,
    true,
    true,
    true,
    true,
    true,
    true,
    true,
    true,
    true,
    true,
    true,
    true,
    true,
    true,
    true,
    true,
    true,
    true,
    true,
    true,
    true,
    true,
    true,
    true,
    true,
    true,
    true,
    true,
    true,
    true,
    true,
    true
  ],
  "achievements-progress": [
    558,
    992,
    0,
    0,
    0,
    0,
    0,
    0,
    0,
    0,
    0,
    0,
    0,
    0,
    0,
    0,
    0,
    0,
    0,
    0,
    0,
    3367,
    14986,
    0,
    0,
    0,
    0,
    0,
    0,
    0,
    0,
    0,
    0,
    0,
    0,
    0,
    0,
    0,
    0,
    0,
    0,
    0,
    0,
    3367,
    14986,
    0,
    0,
    0,
    0,
    6,
    1,
    0,
    3
  ],
  "max-cape-colors": [
    65214,
    65200,
    65186,
    62995
  ],
  "comp-cape-colors": [
    5015,
    913,
    914,
    0
  ],
  "player-title": "@or2@Bodybuild",
  "set-home": {
    "x": 2719,
    "y": 5313,
    "z": 0
  }
}