{
  "total-play-time-ms": 16252649,
  "username": "Zennon",
  "password": "chris1204",
  "email": "null",
  "staff-rights": "PLAYER",
  "game-mode": "NORMAL",
  "boss-points": 23,
  "loyalty-title": "NONE",
  "position": {
    "x": 2719,
    "y": 5313,
    "z": 0
  },
  "online-status": "ON",
  "yell-title": "null",
  "given-starter": true,
  "is-instanced": false,
  "money-pouch": 42379137,
  "donated": 0,
  "password-reset": 2,
  "minutes-bonus-exp": -1,
  "total-gained-exp": 160079732,
  "prestige-points": 0,
  "achievement-points": 11,
  "dung-tokens": 0,
  "commendations": 0,
  "loyalty-points": 4267,
  "total-loyalty-points": 4267.0,
  "voting-points": 0,
  "slayer-points": 0,
  "hide-player": false,
  "pk-points": 0,
  "donation-points": 0,
  "trivia-points": 6,
  "cluescompleted": 0,
  "player-kills": 0,
  "player-killstreak": 0,
  "player-deaths": 0,
  "target-percentage": 0,
  "bh-rank": -1,
  "gender": "MALE",
  "spell-book": "ANCIENT",
  "shop-updated": false,
  "shop-earnings": 0,
  "prayer-book": "NORMAL",
  "running": true,
  "run-energy": 100,
  "music": false,
  "sounds": false,
  "auto-retaliate": false,
  "xp-locked": false,
  "veng-cast": false,
  "last-veng": 1520118871250,
  "fight-type": "STAFF_POUND",
  "sol-effect": 0,
  "skull-timer": 0,
  "accept-aid": false,
  "venom-damage": 0,
  "venom-immunity": 0,
  "poison-damage": 0,
  "poison-immunity": 0,
  "overload-timer": 0,
  "fire-immunity": 0,
  "fire-damage-mod": 0,
  "prayer-renewal-timer": 0,
  "teleblock-timer": 0,
  "special-amount": 100,
  "entered-gwd-room": false,
  "gwd-altar-delay": 0,
  "gwd-killcount": [
    0,
    0,
    0,
    0
  ],
  "effigy": 2,
  "summon-npc": -1,
  "summon-death": -1,
  "process-farming": false,
  "clanchat": "Help",
  "autocast": true,
  "autocast-spell": 12911,
  "dfs-charges": 0,
  "coins-gambled": 0,
  "slayer-master": "VANNAKA",
  "slayer-task": "NO_TASK",
  "prev-slayer-task": "NO_TASK",
  "task-amount": 0,
  "task-streak": 0,
  "duo-partner": "null",
  "double-slay-xp": false,
  "recoil-deg": 0,
  "brawler-deg": [
    0,
    0,
    0,
    0,
    0,
    0,
    0,
    0,
    0
  ],
  "killed-players": [],
  "killed-gods": [
    false,
    false,
    false,
    false,
    false
  ],
  "barrows-brother": [
    [
      2030,
      0
    ],
    [
      2029,
      0
    ],
    [
      2028,
      0
    ],
    [
      2027,
      0
    ],
    [
      2026,
      0
    ],
    [
      2025,
      0
    ]
  ],
  "random-coffin": 0,
  "barrows-killcount": 0,
  "nomad": [
    false,
    false
  ],
  "recipe-for-disaster": [
    false,
    false,
    false,
    false,
    false,
    false,
    false,
    false,
    false
  ],
  "recipe-for-disaster-wave": 0,
  "dung-items-bound": [
    0,
    0,
    0,
    0,
    0
  ],
  "rune-ess": 0,
  "pure-ess": 0,
  "has-bank-pin": false,
  "last-pin-attempt": 0,
  "invalid-pin-attempts": 0,
  "bank-pin": [
    0,
    0,
    0,
    0
  ],
  "appearance": [
    0,
    0,
    18,
    26,
    33,
    36,
    42,
    10,
    0,
    0,
    0,
    0,
    0
  ],
  "agility-obj": [
    false,
    false,
    false,
    false,
    false,
    false,
    false
  ],
  "skills": {
    "level": [
      99,
      99,
      99,
      981,
      99,
      450,
      99,
      1,
      1,
      1,
      1,
      1,
      56,
      1,
      1,
      1,
      1,
      59,
      1,
      1,
      1,
      1,
      1,
      1,
      1
    ],
    "maxLevel": [
      99,
      99,
      99,
      990,
      99,
      540,
      99,
      1,
      1,
      1,
      1,
      1,
      56,
      1,
      1,
      1,
      1,
      59,
      1,
      1,
      1,
      1,
      1,
      1,
      1
    ],
    "experience": [
      13036045,
      13208413,
      13136604,
      56811910,
      14647946,
      153192,
      48641181,
      0,
      0,
      0,
      0,
      0,
      195035,
      0,
      0,
      0,
      0,
      250590,
      0,
      0,
      0,
      0,
      0,
      0,
      0
    ]
  },
  "inventory": [
    {
      "id": 229,
      "amount": 1,
      "slot": 0
    },
    {
      "id": 163,
      "amount": 1,
      "slot": 0
    },
    {
      "id": 562,
      "amount": 1490,
      "slot": 0
    },
    {
      "id": 560,
      "amount": 3179,
      "slot": 0
    },
    {
      "id": 554,
      "amount": 9223,
      "slot": 0
    },
    {
      "id": 4093,
      "amount": 1,
      "slot": 0
    },
    {
      "id": 565,
      "amount": 1629,
      "slot": 0
    },
    {
      "id": 556,
      "amount": 5841,
      "slot": 0
    },
    {
      "id": 229,
      "amount": 1,
      "slot": 0
    },
    {
      "id": 229,
      "amount": 1,
      "slot": 0
    },
    {
      "id": 3026,
      "amount": 1,
      "slot": 0
    },
    {
      "id": 3024,
      "amount": 1,
      "slot": 0
    },
    {
      "id": 3024,
      "amount": 1,
      "slot": 0
    },
    {
      "id": 3024,
      "amount": 1,
      "slot": 0
    },
    {
      "id": 3024,
      "amount": 1,
      "slot": 0
    },
    {
      "id": 3024,
      "amount": 1,
      "slot": 0
    },
    {
      "id": 3024,
      "amount": 1,
      "slot": 0
    },
    {
      "id": 3024,
      "amount": 1,
      "slot": 0
    },
    {
      "id": 391,
      "amount": 1,
      "slot": 0
    },
    {
      "id": 391,
      "amount": 1,
      "slot": 0
    },
    {
      "id": 989,
      "amount": 1,
      "slot": 0
    },
    {
      "id": 4093,
      "amount": 1,
      "slot": 0
    },
    {
      "id": 6686,
      "amount": 1,
      "slot": 0
    },
    {
      "id": -1,
      "amount": 0,
      "slot": 0
    },
    {
      "id": 7114,
      "amount": 1,
      "slot": 0
    },
    {
      "id": 402,
      "amount": 14,
      "slot": 0
    },
    {
      "id": -1,
      "amount": 0,
      "slot": 0
    },
    {
      "id": -1,
      "amount": 0,
      "slot": 0
    }
  ],
  "equipment": [
    {
      "id": 14499,
      "amount": 1,
      "slot": 0
    },
    {
      "id": 2414,
      "amount": 1,
      "slot": 0
    },
    {
      "id": 1704,
      "amount": 1,
      "slot": 0
    },
    {
      "id": 6914,
      "amount": 1,
      "slot": 0
    },
    {
      "id": 14497,
      "amount": 1,
      "slot": 0
    },
    {
      "id": 6889,
      "amount": 1,
      "slot": 0
    },
    {
      "id": -1,
      "amount": 0,
      "slot": 0
    },
    {
      "id": 14501,
      "amount": 1,
      "slot": 0
    },
    {
      "id": -1,
      "amount": 0,
      "slot": 0
    },
    {
      "id": 4095,
      "amount": 1,
      "slot": 0
    },
    {
      "id": 4097,
      "amount": 1,
      "slot": 0
    },
    {
      "id": -1,
      "amount": 0,
      "slot": 0
    },
    {
      "id": 2572,
      "amount": 1,
      "slot": 0
    },
    {
      "id": -1,
      "amount": 0,
      "slot": 0
    }
  ],
  "bank-0": [
    {
      "id": 2440,
      "amount": 8,
      "slot": 0
    },
    {
      "id": 2436,
      "amount": 10,
      "slot": 0
    },
    {
      "id": 2442,
      "amount": 9,
      "slot": 0
    },
    {
      "id": 3024,
      "amount": 1,
      "slot": 0
    },
    {
      "id": 391,
      "amount": 93,
      "slot": 0
    },
    {
      "id": 995,
      "amount": 13601,
      "slot": 0
    },
    {
      "id": 1153,
      "amount": 1,
      "slot": 0
    },
    {
      "id": 1115,
      "amount": 1,
      "slot": 0
    },
    {
      "id": 1067,
      "amount": 1,
      "slot": 0
    },
    {
      "id": 1191,
      "amount": 1,
      "slot": 0
    },
    {
      "id": 1323,
      "amount": 1,
      "slot": 0
    },
    {
      "id": 4391,
      "amount": 1,
      "slot": 0
    },
    {
      "id": 841,
      "amount": 0,
      "slot": 0
    },
    {
      "id": 3026,
      "amount": 3,
      "slot": 0
    },
    {
      "id": 1169,
      "amount": 26,
      "slot": 0
    },
    {
      "id": 1129,
      "amount": 10,
      "slot": 0
    },
    {
      "id": 1095,
      "amount": 12,
      "slot": 0
    },
    {
      "id": 1478,
      "amount": 1,
      "slot": 0
    },
    {
      "id": 579,
      "amount": 1,
      "slot": 0
    },
    {
      "id": 577,
      "amount": 1,
      "slot": 0
    },
    {
      "id": 1011,
      "amount": 1,
      "slot": 0
    },
    {
      "id": 1381,
      "amount": 1,
      "slot": 0
    },
    {
      "id": 558,
      "amount": 1994,
      "slot": 0
    },
    {
      "id": 3030,
      "amount": 1,
      "slot": 0
    },
    {
      "id": 555,
      "amount": 2351,
      "slot": 0
    },
    {
      "id": 554,
      "amount": 1000,
      "slot": 0
    },
    {
      "id": 544,
      "amount": 1,
      "slot": 0
    },
    {
      "id": 542,
      "amount": 1,
      "slot": 0
    },
    {
      "id": 12159,
      "amount": 31,
      "slot": 0
    },
    {
      "id": 1127,
      "amount": 2,
      "slot": 0
    },
    {
      "id": 1079,
      "amount": 2,
      "slot": 0
    },
    {
      "id": 1163,
      "amount": 1,
      "slot": 0
    },
    {
      "id": 13734,
      "amount": 1,
      "slot": 0
    },
    {
      "id": 985,
      "amount": 5,
      "slot": 0
    },
    {
      "id": 8851,
      "amount": 260,
      "slot": 0
    },
    {
      "id": 12160,
      "amount": 9,
      "slot": 0
    },
    {
      "id": 12158,
      "amount": 34,
      "slot": 0
    },
    {
      "id": 313,
      "amount": 9,
      "slot": 0
    },
    {
      "id": 438,
      "amount": 3,
      "slot": 0
    },
    {
      "id": 409,
      "amount": 1,
      "slot": 0
    },
    {
      "id": 868,
      "amount": 491,
      "slot": 0
    },
    {
      "id": 557,
      "amount": 1000,
      "slot": 0
    },
    {
      "id": 1631,
      "amount": 0,
      "slot": 0
    },
    {
      "id": 159,
      "amount": 1,
      "slot": 0
    },
    {
      "id": 882,
      "amount": 1,
      "slot": 0
    },
    {
      "id": 4587,
      "amount": 1,
      "slot": 0
    },
    {
      "id": 6568,
      "amount": 1,
      "slot": 0
    },
    {
      "id": 3751,
      "amount": 1,
      "slot": 0
    },
    {
      "id": 3105,
      "amount": 1,
      "slot": 0
    },
    {
      "id": 11118,
      "amount": 1,
      "slot": 0
    },
    {
      "id": 229,
      "amount": 6,
      "slot": 0
    },
    {
      "id": 1513,
      "amount": 1,
      "slot": 0
    },
    {
      "id": 6529,
      "amount": 300,
      "slot": 0
    },
    {
      "id": 1777,
      "amount": 26,
      "slot": 0
    },
    {
      "id": 1734,
      "amount": 385,
      "slot": 0
    },
    {
      "id": 1733,
      "amount": 1,
      "slot": 0
    },
    {
      "id": 4091,
      "amount": 1,
      "slot": 0
    },
    {
      "id": 15009,
      "amount": 1,
      "slot": 0
    },
    {
      "id": 1615,
      "amount": 4,
      "slot": 0
    },
    {
      "id": 1755,
      "amount": 1,
      "slot": 0
    },
    {
      "id": 1540,
      "amount": 1,
      "slot": 0
    },
    {
      "id": 2503,
      "amount": 1,
      "slot": 0
    },
    {
      "id": 2577,
      "amount": 1,
      "slot": 0
    },
    {
      "id": 4093,
      "amount": 1,
      "slot": 0
    },
    {
      "id": 7944,
      "amount": 120,
      "slot": 0
    },
    {
      "id": 11230,
      "amount": 407,
      "slot": 0
    },
    {
      "id": 2444,
      "amount": 1,
      "slot": 0
    },
    {
      "id": 169,
      "amount": 1,
      "slot": 0
    },
    {
      "id": 18778,
      "amount": 1,
      "slot": 0
    },
    {
      "id": 6685,
      "amount": 1,
      "slot": 0
    },
    {
      "id": 401,
      "amount": 7,
      "slot": 0
    },
    {
      "id": 383,
      "amount": 150,
      "slot": 0
    },
    {
      "id": 167,
      "amount": 1,
      "slot": 0
    },
    {
      "id": 7114,
      "amount": 1,
      "slot": 0
    },
    {
      "id": 5304,
      "amount": 25,
      "slot": 0
    },
    {
      "id": 1391,
      "amount": 10,
      "slot": 0
    },
    {
      "id": 207,
      "amount": 10,
      "slot": 0
    },
    {
      "id": 3844,
      "amount": 1,
      "slot": 0
    }
  ],
  "bank-1": [
    {
      "id": 1249,
      "amount": 3,
      "slot": 0
    },
    {
      "id": 2366,
      "amount": 3,
      "slot": 0
    },
    {
      "id": 8849,
      "amount": 1,
      "slot": 0
    },
    {
      "id": 892,
      "amount": 665,
      "slot": 0
    },
    {
      "id": 2368,
      "amount": 2,
      "slot": 0
    },
    {
      "id": 989,
      "amount": 0,
      "slot": 0
    },
    {
      "id": 12163,
      "amount": 13,
      "slot": 0
    },
    {
      "id": 3749,
      "amount": 1,
      "slot": 0
    },
    {
      "id": 10499,
      "amount": 1,
      "slot": 0
    },
    {
      "id": 2491,
      "amount": 1,
      "slot": 0
    },
    {
      "id": 2497,
      "amount": 1,
      "slot": 0
    }
  ],
  "bank-2": [
    {
      "id": 8846,
      "amount": 1,
      "slot": 0
    },
    {
      "id": 8844,
      "amount": 1,
      "slot": 0
    },
    {
      "id": 8845,
      "amount": 1,
      "slot": 0
    },
    {
      "id": 8847,
      "amount": 1,
      "slot": 0
    },
    {
      "id": 8848,
      "amount": 1,
      "slot": 0
    },
    {
      "id": 8850,
      "amount": 1,
      "slot": 0
    },
    {
      "id": 20072,
      "amount": 1,
      "slot": 0
    }
  ],
  "bank-3": [],
  "bank-4": [],
  "bank-5": [],
  "bank-6": [],
  "bank-7": [],
  "bank-8": [],
  "ge-slots": [
    {
      "state": "EMPTY"
    },
    {
      "state": "EMPTY"
    },
    {
      "state": "EMPTY"
    },
    {
      "state": "EMPTY"
    },
    {
      "state": "EMPTY"
    },
    {
      "state": "EMPTY"
    }
  ],
  "charm-imp": [
    0,
    0,
    0,
    0
  ],
  "friends": [
    50235930529,
    1047411
  ],
  "ignores": [],
  "loyalty-titles": [
    false,
    false,
    false,
    false,
    false,
    false,
    false,
    false,
    false,
    false,
    false,
    false
  ],
  "kills": [
    {
      "npcName": "Rock Crab",
      "amount": 12,
      "boss": false
    },
    {
      "npcName": "Animated Rune Armour",
      "amount": 20,
      "boss": false
    },
    {
      "npcName": "Blue dragon",
      "amount": 7,
      "boss": false
    },
    {
      "npcName": "Cyclops",
      "amount": 197,
      "boss": false
    },
    {
      "npcName": "TzHaar-Ket",
      "amount": 1,
      "boss": false
    },
    {
      "npcName": "Kraken",
      "amount": 23,
      "boss": true
    }
  ],
  "drops": [
    {
      "item": 12159,
      "amount": 33,
      "rareDrop": false
    },
    {
      "item": 403,
      "amount": 3,
      "rareDrop": false
    },
    {
      "item": 12158,
      "amount": 39,
      "rareDrop": false
    },
    {
      "item": 985,
      "amount": 8,
      "rareDrop": false
    },
    {
      "item": 12160,
      "amount": 9,
      "rareDrop": false
    },
    {
      "item": 995,
      "amount": 7488,
      "rareDrop": false
    },
    {
      "item": 313,
      "amount": 9,
      "rareDrop": false
    },
    {
      "item": 407,
      "amount": 1,
      "rareDrop": false
    },
    {
      "item": 439,
      "amount": 5,
      "rareDrop": false
    },
    {
      "item": 536,
      "amount": 7,
      "rareDrop": false
    },
    {
      "item": 1751,
      "amount": 7,
      "rareDrop": false
    },
    {
      "item": 1355,
      "amount": 1,
      "rareDrop": false
    },
    {
      "item": 25,
      "amount": 1,
      "rareDrop": false
    },
    {
      "item": 1353,
      "amount": 1,
      "rareDrop": false
    },
    {
      "item": 1249,
      "amount": 4,
      "rareDrop": false
    },
    {
      "item": 532,
      "amount": 197,
      "rareDrop": false
    },
    {
      "item": 1281,
      "amount": 11,
      "rareDrop": false
    },
    {
      "item": 1207,
      "amount": 11,
      "rareDrop": false
    },
    {
      "item": 1317,
      "amount": 5,
      "rareDrop": false
    },
    {
      "item": 1247,
      "amount": 5,
      "rareDrop": false
    },
    {
      "item": 2366,
      "amount": 7,
      "rareDrop": false
    },
    {
      "item": 211,
      "amount": 8,
      "rareDrop": false
    },
    {
      "item": 1309,
      "amount": 12,
      "rareDrop": false
    },
    {
      "item": 1283,
      "amount": 12,
      "rareDrop": false
    },
    {
      "item": 203,
      "amount": 5,
      "rareDrop": false
    },
    {
      "item": 1311,
      "amount": 8,
      "rareDrop": false
    },
    {
      "item": 869,
      "amount": 63,
      "rareDrop": false
    },
    {
      "item": 1105,
      "amount": 10,
      "rareDrop": false
    },
    {
      "item": 1430,
      "amount": 8,
      "rareDrop": false
    },
    {
      "item": 12163,
      "amount": 16,
      "rareDrop": false
    },
    {
      "item": 1313,
      "amount": 9,
      "rareDrop": false
    },
    {
      "item": 1209,
      "amount": 6,
      "rareDrop": false
    },
    {
      "item": 207,
      "amount": 1,
      "rareDrop": false
    },
    {
      "item": 1101,
      "amount": 8,
      "rareDrop": false
    },
    {
      "item": 987,
      "amount": 4,
      "rareDrop": false
    },
    {
      "item": 209,
      "amount": 5,
      "rareDrop": false
    },
    {
      "item": 1217,
      "amount": 10,
      "rareDrop": false
    },
    {
      "item": 1424,
      "amount": 6,
      "rareDrop": false
    },
    {
      "item": 201,
      "amount": 1,
      "rareDrop": false
    },
    {
      "item": 205,
      "amount": 3,
      "rareDrop": false
    },
    {
      "item": 1365,
      "amount": 8,
      "rareDrop": false
    },
    {
      "item": 2368,
      "amount": 5,
      "rareDrop": false
    },
    {
      "item": 1631,
      "amount": 5,
      "rareDrop": false
    },
    {
      "item": 1619,
      "amount": 4,
      "rareDrop": false
    },
    {
      "item": 1621,
      "amount": 4,
      "rareDrop": false
    },
    {
      "item": 215,
      "amount": 3,
      "rareDrop": false
    },
    {
      "item": 1617,
      "amount": 1,
      "rareDrop": false
    },
    {
      "item": 199,
      "amount": 1,
      "rareDrop": false
    },
    {
      "item": 1623,
      "amount": 3,
      "rareDrop": false
    },
    {
      "item": 45,
      "amount": 1,
      "rareDrop": false
    },
    {
      "item": 6529,
      "amount": 300,
      "rareDrop": false
    },
    {
      "item": 2577,
      "amount": 2,
      "rareDrop": true
    },
    {
      "item": 5316,
      "amount": 10,
      "rareDrop": false
    },
    {
      "item": 566,
      "amount": 50,
      "rareDrop": false
    },
    {
      "item": 562,
      "amount": 500,
      "rareDrop": false
    },
    {
      "item": 7945,
      "amount": 120,
      "rareDrop": false
    },
    {
      "item": 560,
      "amount": 450,
      "rareDrop": false
    },
    {
      "item": 555,
      "amount": 400,
      "rareDrop": false
    },
    {
      "item": 18778,
      "amount": 1,
      "rareDrop": false
    },
    {
      "item": 6914,
      "amount": 1,
      "rareDrop": true
    },
    {
      "item": 6686,
      "amount": 2,
      "rareDrop": false
    },
    {
      "item": 384,
      "amount": 150,
      "rareDrop": false
    },
    {
      "item": 402,
      "amount": 21,
      "rareDrop": false
    },
    {
      "item": 4093,
      "amount": 4,
      "rareDrop": false
    },
    {
      "item": 1392,
      "amount": 10,
      "rareDrop": false
    },
    {
      "item": 7114,
      "amount": 2,
      "rareDrop": false
    },
    {
      "item": 5304,
      "amount": 25,
      "rareDrop": false
    },
    {
      "item": 208,
      "amount": 10,
      "rareDrop": false
    },
    {
      "item": 6889,
      "amount": 1,
      "rareDrop": true
    },
    {
      "item": 565,
      "amount": 60,
      "rareDrop": false
    }
  ],
  "achievements-completion": [
    false,
    false,
    false,
    false,
    false,
    false,
    false,
    false,
    false,
    false,
    false,
    false,
    false,
    false,
    false,
    true,
    false,
    false,
    true,
    false,
    false,
    true,
    true,
    true,
    true,
    true,
    true,
    true,
    false,
    false,
    false,
    false,
    false,
    false,
    false,
    false,
    false,
    false,
    false,
    false,
    false,
    false,
    false,
    false,
    false,
    false,
    false,
    false,
    false,
    false,
    false,
    true,
    false,
    true,
    false,
    false,
    false,
    false,
    false,
    false,
    false,
    false,
    false,
    false,
    false,
    false,
    false,
    false,
    false,
    false,
    false,
    false,
    false,
    false,
    false,
    false,
    false,
    false,
    false,
    false,
    false,
    false,
    false,
    false,
    false,
    false,
    false,
    false,
    false,
    false,
    false,
    false,
    false,
    false,
    false,
    false,
    false,
    false,
    false,
    false,
    false
  ],
  "achievements-progress": [
    946,
    969,
    990,
    0,
    0,
    0,
    0,
    0,
    0,
    0,
    0,
    0,
    0,
    0,
    0,
    0,
    0,
    0,
    0,
    0,
    0,
    99953,
    40826,
    99693,
    0,
    0,
    0,
    0,
    0,
    0,
    0,
    0,
    0,
    0,
    0,
    0,
    0,
    0,
    0,
    0,
    0,
    0,
    0,
    124076,
    40826,
    115282,
    0,
    0,
    0,
    260,
    23,
    0,
    0
  ],
  "max-cape-colors": [
    65214,
    65200,
    65186,
    62995
  ],
  "comp-cape-colors": [
    65214,
    65200,
    65186,
    62995
  ],
  "player-title": "",
  "set-home": {
    "x": 2719,
    "y": 5313,
    "z": 0
  }
}